2025-11-26 13:22:29,349 - INFO - ================================================================================
2025-11-26 13:22:29,350 - INFO - Chapter 4 Validation Benchmark V2 (Modular Architecture)
2025-11-26 13:22:29,350 - INFO - ================================================================================
2025-11-26 13:22:29,350 - INFO - 
2025-11-26 13:22:29,350 - INFO - Environment validated successfully
2025-11-26 13:22:29,350 - INFO - 
2025-11-26 13:22:29,350 - INFO - Loading configurations...
2025-11-26 13:22:29,351 - INFO - ================================================================================
2025-11-26 13:22:29,351 - INFO - CHAPTER 4 VALIDATION: GPU-ACCELERATED GENETIC ALGORITHM BENCHMARK
2025-11-26 13:22:29,351 - INFO - ================================================================================
2025-11-26 13:22:29,351 - INFO - 
2025-11-26 13:22:29,351 - INFO - Configuration:
2025-11-26 13:22:29,351 - INFO -   Algorithms: CPU, HybridNaive, HybridOptimized, FullGPU
2025-11-26 13:22:29,351 - INFO -   Problems: 38 TSP instances
2025-11-26 13:22:29,351 - INFO -   Repetitions: 26
2025-11-26 13:22:29,351 - INFO -   CPU threshold: n ≤ 100
2025-11-26 13:22:29,351 - INFO - 
2025-11-26 13:22:29,351 - INFO - GA Parameters:
2025-11-26 13:22:29,351 - INFO -   Population size: 256
2025-11-26 13:22:29,351 - INFO -   Mutation rate: 0.02
2025-11-26 13:22:29,351 - INFO -   Tournament size: 5
2025-11-26 13:22:29,351 - INFO -   Early stop patience: Adaptive (2×√n generations)
2025-11-26 13:22:29,352 - INFO - 
2025-11-26 13:22:29,365 - INFO - 
================================================================================
2025-11-26 13:22:29,365 - INFO - PROBLEM 1/38: eil51
2025-11-26 13:22:29,365 - INFO - Size: 51 cities | Optimal: 426.0
2025-11-26 13:22:29,365 - INFO - ================================================================================
2025-11-26 13:22:29,365 - INFO - Running 4 algorithm(s) (n≤100)

2025-11-26 13:22:29,401 - INFO -   [1/4] CPU (CPU): Resuming: 24/26 runs exist, completing remaining 2
2025-11-26 13:22:29,404 - INFO - GeneticAlgorithmCPU initialized: pop_size=256, mutation_rate=0.02, tournament_k=5, 2opt_iters=10
2025-11-26 13:22:29,404 - INFO - 
  [CPU] INCREMENTAL MODE: Extending eil51 from 24 to 26 runs
2025-11-26 13:22:29,404 - INFO -     Backend: CPU | Early stopping: patience=14 (adaptive: 2×√51) | New repetitions: 2
2025-11-26 13:22:29,404 - INFO -     Run 25/26 (new #1/2, seed=1662698102)...
2025-11-26 13:22:46,642 - INFO - Near-optimal solution reached at generation 4 (cost=430.00, optimal=426.00, gap=0.94%)
2025-11-26 13:22:46,642 - INFO - GeneticAlgorithmCPU evolution complete: best=430.00, improvement=67.98%, H2D=0.00MB, D2H=0.00MB, kernels=0, stopped=hit_optimal
2025-11-26 13:22:46,642 - INFO -       → Completed in 17.24s | Cost: 430 (gap: 0.94%) | Generations: 4/728
2025-11-26 13:22:46,642 - INFO -     Run 26/26 (new #2/2, seed=1282577122)...
2025-11-26 13:23:04,390 - INFO - Near-optimal solution reached at generation 4 (cost=429.00, optimal=426.00, gap=0.70%)
2025-11-26 13:23:04,390 - INFO - GeneticAlgorithmCPU evolution complete: best=429.00, improvement=68.46%, H2D=0.00MB, D2H=0.00MB, kernels=0, stopped=hit_optimal
2025-11-26 13:23:04,390 - INFO -       → Completed in 17.75s | Cost: 429 (gap: 0.70%) | Generations: 4/728
2025-11-26 13:23:04,391 - INFO - 
    ✓ CPU INCREMENTAL summary for eil51 (26 total runs): Cost=429±1.1 | Gap=0.62%±0.26% | Time=22.53s±4.38s
2025-11-26 13:23:04,433 - INFO -     ✓ Checkpoint saved: eil51_CPU.json
2025-11-26 13:23:04,483 - INFO -   [2/4] HybridNaive (GPU): Resuming: 24/26 runs exist, completing remaining 2
2025-11-26 13:23:04,484 - INFO - GeneticAlgorithmHybridNaive initialized: pop_size=256, mutation_rate=0.02, tournament_k=5, 2opt_iters=10
2025-11-26 13:23:04,484 - INFO - Loaded two_opt_kernel for naive hybrid
2025-11-26 13:23:04,484 - INFO - 
  [HybridNaive] INCREMENTAL MODE: Extending eil51 from 24 to 26 runs
2025-11-26 13:23:04,484 - INFO -     Backend: GPU | Early stopping: patience=14 (adaptive: 2×√51) | New repetitions: 2
2025-11-26 13:23:04,575 - INFO -     Run 25/26 (new #1/2, seed=1269090325)...
2025-11-26 13:23:05,291 - INFO - Near-optimal solution reached at generation 6 (cost=429.00, optimal=426.00, gap=0.70%)
2025-11-26 13:23:05,291 - INFO - GeneticAlgorithmHybridNaive evolution complete: best=429.00, improvement=68.06%, H2D=0.44MB, D2H=0.31MB, kernels=15360, stopped=hit_optimal
2025-11-26 13:23:05,291 - INFO -       → Completed in 0.72s | Cost: 429 (gap: 0.70%) | Generations: 6/728
2025-11-26 13:23:05,292 - INFO -     Run 26/26 (new #2/2, seed=893102182)...
2025-11-26 13:23:05,829 - INFO - Near-optimal solution reached at generation 5 (cost=427.00, optimal=426.00, gap=0.23%)
2025-11-26 13:23:05,829 - INFO - GeneticAlgorithmHybridNaive evolution complete: best=427.00, improvement=67.23%, H2D=0.37MB, D2H=0.26MB, kernels=12800, stopped=hit_optimal
2025-11-26 13:23:05,829 - INFO -       → Completed in 0.54s | Cost: 427 (gap: 0.23%) | Generations: 5/728
2025-11-26 13:23:05,830 - INFO - 
    ✓ HybridNaive INCREMENTAL summary for eil51 (26 total runs): Cost=429±1.0 | Gap=0.63%±0.24% | Time=0.61s±0.09s
2025-11-26 13:23:05,840 - INFO -     ✓ Checkpoint saved: eil51_HybridNaive.json
2025-11-26 13:23:05,892 - INFO -   [3/4] HybridOptimized (GPU): Resuming: 24/26 runs exist, completing remaining 2
2025-11-26 13:23:05,893 - INFO - GeneticAlgorithmHybridOptimized initialized: pop_size=256, mutation_rate=0.02, tournament_k=5, 2opt_iters=10
2025-11-26 13:23:05,893 - INFO - Loaded batch kernels: two_opt_batch, cost_calculator
2025-11-26 13:23:05,893 - INFO - 
  [HybridOptimized] INCREMENTAL MODE: Extending eil51 from 24 to 26 runs
2025-11-26 13:23:05,893 - INFO -     Backend: GPU | Early stopping: patience=14 (adaptive: 2×√51) | New repetitions: 2
2025-11-26 13:23:05,893 - INFO -     Run 25/26 (new #1/2, seed=1324387568)...
2025-11-26 13:23:06,005 - INFO - Near-optimal solution reached at generation 5 (cost=428.00, optimal=426.00, gap=0.47%)
2025-11-26 13:23:06,005 - INFO - GeneticAlgorithmHybridOptimized evolution complete: best=428.00, improvement=68.13%, H2D=0.28MB, D2H=0.27MB, kernels=55, stopped=hit_optimal
2025-11-26 13:23:06,005 - INFO -       → Completed in 0.11s | Cost: 428 (gap: 0.47%) | Generations: 5/728
2025-11-26 13:23:06,005 - INFO -     Run 26/26 (new #2/2, seed=397564918)...
2025-11-26 13:23:06,135 - INFO - Near-optimal solution reached at generation 6 (cost=427.00, optimal=426.00, gap=0.23%)
2025-11-26 13:23:06,135 - INFO - GeneticAlgorithmHybridOptimized evolution complete: best=427.00, improvement=69.72%, H2D=0.31MB, D2H=0.33MB, kernels=66, stopped=hit_optimal
2025-11-26 13:23:06,136 - INFO -       → Completed in 0.13s | Cost: 427 (gap: 0.23%) | Generations: 6/728
2025-11-26 13:23:06,137 - INFO - 
    ✓ HybridOptimized INCREMENTAL summary for eil51 (26 total runs): Cost=429±1.0 | Gap=0.65%±0.24% | Time=0.11s±0.02s
2025-11-26 13:23:06,147 - INFO -     ✓ Checkpoint saved: eil51_HybridOptimized.json
2025-11-26 13:23:06,223 - INFO -   [4/4] FullGPU (GPU): Resuming: 24/26 runs exist, completing remaining 2
2025-11-26 13:23:06,224 - INFO - GeneticAlgorithmFullGPUEarlyStop initialized: pop_size=256, mutation_rate=0.02, tournament_k=5, 2opt_iters=10
2025-11-26 13:23:06,225 - INFO - Loaded Fujimoto GA kernel with early stopping support
2025-11-26 13:23:06,225 - INFO - 
  [FullGPU] INCREMENTAL MODE: Extending eil51 from 24 to 26 runs
2025-11-26 13:23:06,225 - INFO -     Backend: GPU | Early stopping: patience=14 (adaptive: 2×√51) | New repetitions: 2
2025-11-26 13:23:06,225 - INFO -     Run 25/26 (new #1/2, seed=2056420256)...
2025-11-26 13:23:06,254 - INFO - FullGPUEarlyStop: Launching kernel (max=728 gens, optimal=426.0, patience=14)
2025-11-26 13:23:06,460 - INFO - FullGPUEarlyStop complete: best=429.00, improvement=69.92%, gens=38/728, stopped=hit_optimal, H2D=0.02MB, D2H=0.00MB, kernels=3
2025-11-26 13:23:06,460 - INFO -       → Completed in 0.24s | Cost: 429 (gap: 0.70%) | Generations: 38/728
2025-11-26 13:23:06,460 - INFO -     Run 26/26 (new #2/2, seed=1203311850)...
2025-11-26 13:23:06,461 - INFO - FullGPUEarlyStop: Launching kernel (max=728 gens, optimal=426.0, patience=14)
2025-11-26 13:23:06,666 - INFO - FullGPUEarlyStop complete: best=429.00, improvement=69.92%, gens=38/728, stopped=hit_optimal, H2D=0.02MB, D2H=0.00MB, kernels=3
2025-11-26 13:23:06,666 - INFO -       → Completed in 0.21s | Cost: 429 (gap: 0.70%) | Generations: 38/728
2025-11-26 13:23:06,667 - INFO - 
    ✓ FullGPU INCREMENTAL summary for eil51 (26 total runs): Cost=428±0.7 | Gap=0.48%±0.17% | Time=0.41s±0.36s
2025-11-26 13:23:06,677 - INFO -     ✓ Checkpoint saved: eil51_FullGPU.json
2025-11-26 13:23:06,738 - INFO - 
────────────────────────────────────────────────────────────────────────────────
2025-11-26 13:23:06,738 - INFO - STATISTICS FOR eil51
2025-11-26 13:23:06,738 - INFO - ────────────────────────────────────────────────────────────────────────────────
2025-11-26 13:23:06,738 - INFO - 
Statistical Analysis: eil51
2025-11-26 13:23:06,738 - INFO - --------------------------------------------------------------------------------
2025-11-26 13:23:06,746 - INFO - Friedman Test (k=4 algorithms):
2025-11-26 13:23:06,746 - INFO -   Statistic: 8.5853
2025-11-26 13:23:06,747 - INFO -   p-value: 0.035345
2025-11-26 13:23:06,747 - INFO -   Significant: True
2025-11-26 13:23:06,766 - INFO - 
Nemenyi Post-Hoc Test:
2025-11-26 13:23:06,808 - INFO -   Critical distance: 1.3009
2025-11-26 13:23:06,809 - INFO -   Mean ranks:
2025-11-26 13:23:06,809 - INFO -     CPU: 2.77
2025-11-26 13:23:06,809 - INFO -     HybridNaive: 2.60
2025-11-26 13:23:06,809 - INFO -     HybridOptimized: 2.71
2025-11-26 13:23:06,810 - INFO -     FullGPU: 1.92
2025-11-26 13:23:06,810 - INFO - 
  Significant pairwise differences:
2025-11-26 13:23:06,810 - INFO -     None (no significant differences detected)
2025-11-26 13:23:06,810 - INFO - 
Pairwise Comparisons:
2025-11-26 13:23:06,811 - INFO - Following statistical methodology:
2025-11-26 13:23:06,811 - INFO -   - Normality testing (Shapiro-Wilk)
2025-11-26 13:23:06,811 - INFO -   - Test selection (paired t-test vs Wilcoxon)
2025-11-26 13:23:06,812 - INFO -   - Effect size (Cohen's d)
2025-11-26 13:23:06,812 - INFO -   - 95% Confidence Intervals
2025-11-26 13:23:06,812 - INFO -   - Holm-Bonferroni multiple comparison correction

2025-11-26 13:23:06,815 - INFO -   CPU vs HybridNaive:
2025-11-26 13:23:06,815 - INFO -     Normality (Shapiro-Wilk):
2025-11-26 13:23:06,815 - INFO -       CPU: p=0.0041 (non-normal)
2025-11-26 13:23:06,815 - INFO -       HybridNaive: p=0.0016 (non-normal)
2025-11-26 13:23:06,815 - INFO -     Test selected: wilcoxon_signed_rank
2025-11-26 13:23:06,815 - INFO -     Mean difference: -0.04
2025-11-26 13:23:06,815 - INFO -     95% CI difference: [-0.63, 0.55]
2025-11-26 13:23:06,815 - INFO -     p-value (uncorrected): 0.928027
2025-11-26 13:23:06,815 - INFO -     Cohen's d: -0.0353
2025-11-26 13:23:06,816 - INFO -     Effect size interpretation: negligible
2025-11-26 13:23:06,821 - INFO -   CPU vs HybridOptimized:
2025-11-26 13:23:06,821 - INFO -     Normality (Shapiro-Wilk):
2025-11-26 13:23:06,821 - INFO -       CPU: p=0.0041 (non-normal)
2025-11-26 13:23:06,821 - INFO -       HybridOptimized: p=0.0023 (non-normal)
2025-11-26 13:23:06,822 - INFO -     Test selected: wilcoxon_signed_rank
2025-11-26 13:23:06,822 - INFO -     Mean difference: -0.12
2025-11-26 13:23:06,822 - INFO -     95% CI difference: [-0.84, 0.61]
2025-11-26 13:23:06,823 - INFO -     p-value (uncorrected): 0.697276
2025-11-26 13:23:06,823 - INFO -     Cohen's d: -0.1067
2025-11-26 13:23:06,823 - INFO -     Effect size interpretation: negligible
2025-11-26 13:23:06,828 - INFO -   CPU vs FullGPU:
2025-11-26 13:23:06,829 - INFO -     Normality (Shapiro-Wilk):
2025-11-26 13:23:06,829 - INFO -       CPU: p=0.0041 (non-normal)
2025-11-26 13:23:06,830 - INFO -       FullGPU: p=0.0003 (non-normal)
2025-11-26 13:23:06,830 - INFO -     Test selected: wilcoxon_signed_rank
2025-11-26 13:23:06,830 - INFO -     Mean difference: 0.62
2025-11-26 13:23:06,830 - INFO -     95% CI difference: [0.13, 1.10]
2025-11-26 13:23:06,830 - INFO -     p-value (uncorrected): 0.016197
2025-11-26 13:23:06,830 - INFO -     Cohen's d: 0.6498
2025-11-26 13:23:06,830 - INFO -     Effect size interpretation: medium
2025-11-26 13:23:06,835 - INFO -   HybridNaive vs HybridOptimized:
2025-11-26 13:23:06,836 - INFO -     Normality (Shapiro-Wilk):
2025-11-26 13:23:06,836 - INFO -       HybridNaive: p=0.0016 (non-normal)
2025-11-26 13:23:06,836 - INFO -       HybridOptimized: p=0.0023 (non-normal)
2025-11-26 13:23:06,836 - INFO -     Test selected: wilcoxon_signed_rank
2025-11-26 13:23:06,836 - INFO -     Mean difference: -0.08
2025-11-26 13:23:06,836 - INFO -     95% CI difference: [-0.69, 0.54]
2025-11-26 13:23:06,836 - INFO -     p-value (uncorrected): 0.884147
2025-11-26 13:23:06,836 - INFO -     Cohen's d: -0.0739
2025-11-26 13:23:06,836 - INFO -     Effect size interpretation: negligible
2025-11-26 13:23:06,842 - INFO -   HybridNaive vs FullGPU:
2025-11-26 13:23:06,843 - INFO -     Normality (Shapiro-Wilk):
2025-11-26 13:23:06,843 - INFO -       HybridNaive: p=0.0016 (non-normal)
2025-11-26 13:23:06,843 - INFO -       FullGPU: p=0.0003 (non-normal)
2025-11-26 13:23:06,844 - INFO -     Test selected: wilcoxon_signed_rank
2025-11-26 13:23:06,844 - INFO -     Mean difference: 0.65
2025-11-26 13:23:06,844 - INFO -     95% CI difference: [0.17, 1.14]
2025-11-26 13:23:06,844 - INFO -     p-value (uncorrected): 0.013871
2025-11-26 13:23:06,844 - INFO -     Cohen's d: 0.7265
2025-11-26 13:23:06,844 - INFO -     Effect size interpretation: medium
2025-11-26 13:23:06,848 - INFO -   HybridOptimized vs FullGPU:
2025-11-26 13:23:06,850 - INFO -     Normality (Shapiro-Wilk):
2025-11-26 13:23:06,853 - INFO -       HybridOptimized: p=0.0023 (non-normal)
2025-11-26 13:23:06,855 - INFO -       FullGPU: p=0.0003 (non-normal)
2025-11-26 13:23:06,855 - INFO -     Test selected: wilcoxon_signed_rank
2025-11-26 13:23:06,856 - INFO -     Mean difference: 0.73
2025-11-26 13:23:06,856 - INFO -     95% CI difference: [0.19, 1.27]
2025-11-26 13:23:06,857 - INFO -     p-value (uncorrected): 0.013711
2025-11-26 13:23:06,858 - INFO -     Cohen's d: 0.8214
2025-11-26 13:23:06,858 - INFO -     Effect size interpretation: large
2025-11-26 13:23:06,858 - INFO - 
  Multiple Comparison Correction (Holm-Bonferroni, α=0.05):
2025-11-26 13:23:06,858 - INFO -     CPU vs HybridNaive:
2025-11-26 13:23:06,858 - INFO -       Original p-value: 0.928027
2025-11-26 13:23:06,858 - INFO -       Adjusted p-value: 1.000000
2025-11-26 13:23:06,858 - INFO -       Significant (after correction): False
2025-11-26 13:23:06,858 - INFO -     CPU vs HybridOptimized:
2025-11-26 13:23:06,858 - INFO -       Original p-value: 0.697276
2025-11-26 13:23:06,858 - INFO -       Adjusted p-value: 1.000000
2025-11-26 13:23:06,858 - INFO -       Significant (after correction): False
2025-11-26 13:23:06,858 - INFO -     CPU vs FullGPU:
2025-11-26 13:23:06,858 - INFO -       Original p-value: 0.016197
2025-11-26 13:23:06,859 - INFO -       Adjusted p-value: 0.082269
2025-11-26 13:23:06,859 - INFO -       Significant (after correction): False
2025-11-26 13:23:06,859 - INFO -     HybridNaive vs HybridOptimized:
2025-11-26 13:23:06,859 - INFO -       Original p-value: 0.884147
2025-11-26 13:23:06,859 - INFO -       Adjusted p-value: 1.000000
2025-11-26 13:23:06,859 - INFO -       Significant (after correction): False
2025-11-26 13:23:06,859 - INFO -     HybridNaive vs FullGPU:
2025-11-26 13:23:06,859 - INFO -       Original p-value: 0.013871
2025-11-26 13:23:06,859 - INFO -       Adjusted p-value: 0.082269
2025-11-26 13:23:06,859 - INFO -       Significant (after correction): False
2025-11-26 13:23:06,859 - INFO -     HybridOptimized vs FullGPU:
2025-11-26 13:23:06,859 - INFO -       Original p-value: 0.013711
2025-11-26 13:23:06,859 - INFO -       Adjusted p-value: 0.082269
2025-11-26 13:23:06,859 - INFO -       Significant (after correction): False
2025-11-26 13:23:06,859 - INFO - 
Summary: eil51 (optimal=426.0)
2025-11-26 13:23:06,859 - INFO - --------------------------------------------------------------------------------
2025-11-26 13:23:06,859 - INFO - Algorithm            Mean Cost       Gap (%)      Time (s)     H2D (MB)     D2H (MB)    
2025-11-26 13:23:06,859 - INFO - --------------------------------------------------------------------------------
2025-11-26 13:23:06,860 - INFO - CPU                  428.65          0.62         22.53        0.00         0.00        
2025-11-26 13:23:06,860 - INFO - HybridNaive          428.69          0.63         0.61         0.40         0.29        
2025-11-26 13:23:06,861 - INFO - HybridOptimized      428.77          0.65         0.11         0.30         0.30        
2025-11-26 13:23:06,861 - INFO - FullGPU              428.04          0.48         0.41         0.02         0.00        
2025-11-26 13:23:06,862 - INFO - 
Speedups (relative to baseline):
2025-11-26 13:23:06,862 - INFO -   CPU: 1.00x (baseline)
2025-11-26 13:23:06,863 - INFO -   HybridNaive: 36.82x vs CPU
2025-11-26 13:23:06,864 - INFO -   HybridOptimized: 199.56x vs CPU
2025-11-26 13:23:06,864 - INFO -   FullGPU: 55.38x vs CPU
2025-11-26 13:23:06,864 - INFO - 
2025-11-26 13:23:06,876 - INFO - ✓ Problem statistics saved: eil51_stats.json

2025-11-26 13:23:06,964 - INFO - 
================================================================================
2025-11-26 13:23:06,964 - INFO - PROBLEM 2/38: berlin52
2025-11-26 13:23:06,964 - INFO - Size: 52 cities | Optimal: 7542.0
2025-11-26 13:23:06,964 - INFO - ================================================================================
2025-11-26 13:23:06,964 - INFO - Running 4 algorithm(s) (n≤100)

2025-11-26 13:23:07,007 - INFO -   [1/4] CPU (CPU): Resuming: 24/26 runs exist, completing remaining 2
2025-11-26 13:23:07,008 - INFO - GeneticAlgorithmCPU initialized: pop_size=256, mutation_rate=0.02, tournament_k=5, 2opt_iters=10
2025-11-26 13:23:07,008 - INFO - 
  [CPU] INCREMENTAL MODE: Extending berlin52 from 24 to 26 runs
2025-11-26 13:23:07,008 - INFO -     Backend: CPU | Early stopping: patience=14 (adaptive: 2×√52) | New repetitions: 2
2025-11-26 13:23:07,008 - INFO -     Run 25/26 (new #1/2, seed=255398789)...
2025-11-26 13:23:30,702 - INFO - Near-optimal solution reached at generation 5 (cost=7542.00, optimal=7542.00, gap=0.00%)
2025-11-26 13:23:30,702 - INFO - GeneticAlgorithmCPU evolution complete: best=7542.00, improvement=69.63%, H2D=0.00MB, D2H=0.00MB, kernels=0, stopped=hit_optimal
2025-11-26 13:23:30,702 - INFO -       → Completed in 23.69s | Cost: 7542 (gap: 0.00%) | Generations: 5/749
2025-11-26 13:23:30,703 - INFO -     Run 26/26 (new #2/2, seed=138271401)...
2025-11-26 13:23:49,694 - INFO - Near-optimal solution reached at generation 4 (cost=7601.00, optimal=7542.00, gap=0.78%)
2025-11-26 13:23:49,694 - INFO - GeneticAlgorithmCPU evolution complete: best=7601.00, improvement=69.66%, H2D=0.00MB, D2H=0.00MB, kernels=0, stopped=hit_optimal
2025-11-26 13:23:49,694 - INFO -       → Completed in 18.99s | Cost: 7601 (gap: 0.78%) | Generations: 4/749
2025-11-26 13:23:49,695 - INFO - 
    ✓ CPU INCREMENTAL summary for berlin52 (26 total runs): Cost=7555±22.9 | Gap=0.17%±0.30% | Time=25.82s±3.92s
2025-11-26 13:23:49,705 - INFO -     ✓ Checkpoint saved: berlin52_CPU.json
2025-11-26 13:23:49,757 - INFO -   [2/4] HybridNaive (GPU): Resuming: 24/26 runs exist, completing remaining 2
2025-11-26 13:23:49,757 - INFO - GeneticAlgorithmHybridNaive initialized: pop_size=256, mutation_rate=0.02, tournament_k=5, 2opt_iters=10
2025-11-26 13:23:49,758 - INFO - Loaded two_opt_kernel for naive hybrid
2025-11-26 13:23:49,758 - INFO - 
  [HybridNaive] INCREMENTAL MODE: Extending berlin52 from 24 to 26 runs
2025-11-26 13:23:49,758 - INFO -     Backend: GPU | Early stopping: patience=14 (adaptive: 2×√52) | New repetitions: 2
2025-11-26 13:23:49,758 - INFO -     Run 25/26 (new #1/2, seed=1535318616)...
2025-11-26 13:23:50,349 - INFO - Near-optimal solution reached at generation 5 (cost=7542.00, optimal=7542.00, gap=0.00%)
2025-11-26 13:23:50,349 - INFO - GeneticAlgorithmHybridNaive evolution complete: best=7542.00, improvement=69.63%, H2D=0.37MB, D2H=0.27MB, kernels=12800, stopped=hit_optimal
2025-11-26 13:23:50,349 - INFO -       → Completed in 0.59s | Cost: 7542 (gap: 0.00%) | Generations: 5/749
2025-11-26 13:23:50,349 - INFO -     Run 26/26 (new #2/2, seed=526171260)...
2025-11-26 13:23:50,904 - INFO - Near-optimal solution reached at generation 5 (cost=7542.00, optimal=7542.00, gap=0.00%)
2025-11-26 13:23:50,905 - INFO - GeneticAlgorithmHybridNaive evolution complete: best=7542.00, improvement=69.90%, H2D=0.37MB, D2H=0.27MB, kernels=12800, stopped=hit_optimal
2025-11-26 13:23:50,905 - INFO -       → Completed in 0.56s | Cost: 7542 (gap: 0.00%) | Generations: 5/749
2025-11-26 13:23:50,905 - INFO - 
    ✓ HybridNaive INCREMENTAL summary for berlin52 (26 total runs): Cost=7547±14.5 | Gap=0.07%±0.19% | Time=0.57s±0.05s
2025-11-26 13:23:50,915 - INFO -     ✓ Checkpoint saved: berlin52_HybridNaive.json
2025-11-26 13:23:50,965 - INFO -   [3/4] HybridOptimized (GPU): Resuming: 24/26 runs exist, completing remaining 2
2025-11-26 13:23:50,966 - INFO - GeneticAlgorithmHybridOptimized initialized: pop_size=256, mutation_rate=0.02, tournament_k=5, 2opt_iters=10
2025-11-26 13:23:50,966 - INFO - Loaded batch kernels: two_opt_batch, cost_calculator
2025-11-26 13:23:50,966 - INFO - 
  [HybridOptimized] INCREMENTAL MODE: Extending berlin52 from 24 to 26 runs
2025-11-26 13:23:50,966 - INFO -     Backend: GPU | Early stopping: patience=14 (adaptive: 2×√52) | New repetitions: 2
2025-11-26 13:23:50,966 - INFO -     Run 25/26 (new #1/2, seed=510643245)...
2025-11-26 13:23:51,079 - INFO - Near-optimal solution reached at generation 5 (cost=7542.00, optimal=7542.00, gap=0.00%)
2025-11-26 13:23:51,080 - INFO - GeneticAlgorithmHybridOptimized evolution complete: best=7542.00, improvement=69.63%, H2D=0.29MB, D2H=0.28MB, kernels=55, stopped=hit_optimal
2025-11-26 13:23:51,080 - INFO -       → Completed in 0.11s | Cost: 7542 (gap: 0.00%) | Generations: 5/749
2025-11-26 13:23:51,080 - INFO -     Run 26/26 (new #2/2, seed=177455408)...
2025-11-26 13:23:51,190 - INFO - Near-optimal solution reached at generation 5 (cost=7542.00, optimal=7542.00, gap=0.00%)
2025-11-26 13:23:51,190 - INFO - GeneticAlgorithmHybridOptimized evolution complete: best=7542.00, improvement=69.90%, H2D=0.27MB, D2H=0.28MB, kernels=55, stopped=hit_optimal
2025-11-26 13:23:51,190 - INFO -       → Completed in 0.11s | Cost: 7542 (gap: 0.00%) | Generations: 5/749
2025-11-26 13:23:51,191 - INFO - 
    ✓ HybridOptimized INCREMENTAL summary for berlin52 (26 total runs): Cost=7558±23.9 | Gap=0.21%±0.32% | Time=0.11s±0.02s
2025-11-26 13:23:51,200 - INFO -     ✓ Checkpoint saved: berlin52_HybridOptimized.json
2025-11-26 13:23:51,251 - INFO -   [4/4] FullGPU (GPU): Resuming: 24/26 runs exist, completing remaining 2
2025-11-26 13:23:51,251 - INFO - GeneticAlgorithmFullGPUEarlyStop initialized: pop_size=256, mutation_rate=0.02, tournament_k=5, 2opt_iters=10
2025-11-26 13:23:51,252 - INFO - Loaded Fujimoto GA kernel with early stopping support
2025-11-26 13:23:51,252 - INFO - 
  [FullGPU] INCREMENTAL MODE: Extending berlin52 from 24 to 26 runs
2025-11-26 13:23:51,252 - INFO -     Backend: GPU | Early stopping: patience=14 (adaptive: 2×√52) | New repetitions: 2
2025-11-26 13:23:51,252 - INFO -     Run 25/26 (new #1/2, seed=1043565429)...
2025-11-26 13:23:51,253 - INFO - FullGPUEarlyStop: Launching kernel (max=749 gens, optimal=7542.0, patience=14)
2025-11-26 13:23:51,348 - INFO - FullGPUEarlyStop complete: best=7542.00, improvement=69.71%, gens=16/749, stopped=hit_optimal, H2D=0.02MB, D2H=0.00MB, kernels=3
2025-11-26 13:23:51,348 - INFO -       → Completed in 0.10s | Cost: 7542 (gap: 0.00%) | Generations: 16/749
2025-11-26 13:23:51,349 - INFO -     Run 26/26 (new #2/2, seed=698405659)...
2025-11-26 13:23:51,349 - INFO - FullGPUEarlyStop: Launching kernel (max=749 gens, optimal=7542.0, patience=14)
2025-11-26 13:23:51,445 - INFO - FullGPUEarlyStop complete: best=7542.00, improvement=69.71%, gens=16/749, stopped=hit_optimal, H2D=0.02MB, D2H=0.00MB, kernels=3
2025-11-26 13:23:51,445 - INFO -       → Completed in 0.10s | Cost: 7542 (gap: 0.00%) | Generations: 16/749
2025-11-26 13:23:51,446 - INFO - 
    ✓ FullGPU INCREMENTAL summary for berlin52 (26 total runs): Cost=7542±0.0 | Gap=0.00%±0.00% | Time=0.25s±0.09s
2025-11-26 13:23:51,456 - INFO -     ✓ Checkpoint saved: berlin52_FullGPU.json
2025-11-26 13:23:51,504 - INFO - 
────────────────────────────────────────────────────────────────────────────────
2025-11-26 13:23:51,504 - INFO - STATISTICS FOR berlin52
2025-11-26 13:23:51,504 - INFO - ────────────────────────────────────────────────────────────────────────────────
2025-11-26 13:23:51,504 - INFO - 
Statistical Analysis: berlin52
2025-11-26 13:23:51,504 - INFO - --------------------------------------------------------------------------------
2025-11-26 13:23:51,508 - INFO - Friedman Test (k=4 algorithms):
2025-11-26 13:23:51,508 - INFO -   Statistic: 12.4128
2025-11-26 13:23:51,508 - INFO -   p-value: 0.006095
2025-11-26 13:23:51,508 - INFO -   Significant: True
2025-11-26 13:23:51,518 - INFO - 
Nemenyi Post-Hoc Test:
2025-11-26 13:23:51,527 - INFO -   Critical distance: 1.3009
2025-11-26 13:23:51,527 - INFO -   Mean ranks:
2025-11-26 13:23:51,527 - INFO -     CPU: 2.65
2025-11-26 13:23:51,527 - INFO -     HybridNaive: 2.38
2025-11-26 13:23:51,527 - INFO -     HybridOptimized: 2.87
2025-11-26 13:23:51,527 - INFO -     FullGPU: 2.10
2025-11-26 13:23:51,527 - INFO - 
  Significant pairwise differences:
2025-11-26 13:23:51,527 - INFO -     None (no significant differences detected)
2025-11-26 13:23:51,527 - INFO - 
Pairwise Comparisons:
2025-11-26 13:23:51,527 - INFO - Following statistical methodology:
2025-11-26 13:23:51,527 - INFO -   - Normality testing (Shapiro-Wilk)
2025-11-26 13:23:51,527 - INFO -   - Test selection (paired t-test vs Wilcoxon)
2025-11-26 13:23:51,527 - INFO -   - Effect size (Cohen's d)
2025-11-26 13:23:51,527 - INFO -   - 95% Confidence Intervals
2025-11-26 13:23:51,527 - INFO -   - Holm-Bonferroni multiple comparison correction

2025-11-26 13:23:51,529 - INFO -   CPU vs HybridNaive:
2025-11-26 13:23:51,529 - INFO -     Normality (Shapiro-Wilk):
2025-11-26 13:23:51,530 - INFO -       CPU: p=0.0000 (non-normal)
2025-11-26 13:23:51,530 - INFO -       HybridNaive: p=0.0000 (non-normal)
2025-11-26 13:23:51,530 - INFO -     Test selected: wilcoxon_signed_rank
2025-11-26 13:23:51,530 - INFO -     Mean difference: 7.35
2025-11-26 13:23:51,530 - INFO -     95% CI difference: [-3.61, 18.30]
2025-11-26 13:23:51,530 - INFO -     p-value (uncorrected): 0.172316
2025-11-26 13:23:51,530 - INFO -     Cohen's d: 0.3758
2025-11-26 13:23:51,530 - INFO -     Effect size interpretation: small
2025-11-26 13:23:51,531 - INFO -   CPU vs HybridOptimized:
2025-11-26 13:23:51,531 - INFO -     Normality (Shapiro-Wilk):
2025-11-26 13:23:51,531 - INFO -       CPU: p=0.0000 (non-normal)
2025-11-26 13:23:51,532 - INFO -       HybridOptimized: p=0.0000 (non-normal)
2025-11-26 13:23:51,532 - INFO -     Test selected: wilcoxon_signed_rank
2025-11-26 13:23:51,532 - INFO -     Mean difference: -3.19
2025-11-26 13:23:51,532 - INFO -     95% CI difference: [-16.29, 9.91]
2025-11-26 13:23:51,532 - INFO -     p-value (uncorrected): 0.530057
2025-11-26 13:23:51,532 - INFO -     Cohen's d: -0.1336
2025-11-26 13:23:51,532 - INFO -     Effect size interpretation: negligible
/home/lucas_galdino/chimera/gpu_accelerated/.venv/lib/python3.10/site-packages/scipy/stats/_axis_nan_policy.py:586: UserWarning: scipy.stats.shapiro: Input data has range zero. The results may not be accurate.
  res = hypotest_fun_out(*samples, **kwds)
2025-11-26 13:23:51,534 - INFO -   CPU vs FullGPU:
2025-11-26 13:23:51,534 - INFO -     Normality (Shapiro-Wilk):
2025-11-26 13:23:51,534 - INFO -       CPU: p=0.0000 (non-normal)
2025-11-26 13:23:51,535 - INFO -       FullGPU: p=1.0000 (normal)
2025-11-26 13:23:51,535 - INFO -     Test selected: wilcoxon_signed_rank
2025-11-26 13:23:51,535 - INFO -     Mean difference: 12.65
2025-11-26 13:23:51,535 - INFO -     95% CI difference: [3.21, 22.10]
2025-11-26 13:23:51,535 - INFO -     p-value (uncorrected): 0.017960
2025-11-26 13:23:51,535 - INFO -     Cohen's d: 0.7653
2025-11-26 13:23:51,535 - INFO -     Effect size interpretation: medium
2025-11-26 13:23:51,537 - INFO -   HybridNaive vs HybridOptimized:
2025-11-26 13:23:51,537 - INFO -     Normality (Shapiro-Wilk):
2025-11-26 13:23:51,537 - INFO -       HybridNaive: p=0.0000 (non-normal)
2025-11-26 13:23:51,538 - INFO -       HybridOptimized: p=0.0000 (non-normal)
2025-11-26 13:23:51,538 - INFO -     Test selected: wilcoxon_signed_rank
2025-11-26 13:23:51,538 - INFO -     Mean difference: -10.54
2025-11-26 13:23:51,538 - INFO -     95% CI difference: [-21.58, 0.50]
2025-11-26 13:23:51,538 - INFO -     p-value (uncorrected): 0.054624
2025-11-26 13:23:51,538 - INFO -     Cohen's d: -0.5231
2025-11-26 13:23:51,538 - INFO -     Effect size interpretation: medium
2025-11-26 13:23:51,540 - INFO -   HybridNaive vs FullGPU:
2025-11-26 13:23:51,541 - INFO -     Normality (Shapiro-Wilk):
2025-11-26 13:23:51,541 - INFO -       HybridNaive: p=0.0000 (non-normal)
2025-11-26 13:23:51,541 - INFO -       FullGPU: p=1.0000 (normal)
2025-11-26 13:23:51,541 - INFO -     Test selected: wilcoxon_signed_rank
2025-11-26 13:23:51,541 - INFO -     Mean difference: 5.31
2025-11-26 13:23:51,541 - INFO -     95% CI difference: [-0.65, 11.26]
2025-11-26 13:23:51,541 - INFO -     p-value (uncorrected): 0.067889
2025-11-26 13:23:51,541 - INFO -     Cohen's d: 0.5092
2025-11-26 13:23:51,541 - INFO -     Effect size interpretation: medium
2025-11-26 13:23:51,544 - INFO -   HybridOptimized vs FullGPU:
2025-11-26 13:23:51,544 - INFO -     Normality (Shapiro-Wilk):
2025-11-26 13:23:51,544 - INFO -       HybridOptimized: p=0.0000 (non-normal)
2025-11-26 13:23:51,544 - INFO -       FullGPU: p=1.0000 (normal)
2025-11-26 13:23:51,544 - INFO -     Test selected: wilcoxon_signed_rank
2025-11-26 13:23:51,544 - INFO -     Mean difference: 15.85
2025-11-26 13:23:51,544 - INFO -     95% CI difference: [6.00, 25.69]
2025-11-26 13:23:51,544 - INFO -     p-value (uncorrected): 0.005062
2025-11-26 13:23:51,544 - INFO -     Cohen's d: 0.9191
2025-11-26 13:23:51,544 - INFO -     Effect size interpretation: large
2025-11-26 13:23:51,544 - INFO - 
  Multiple Comparison Correction (Holm-Bonferroni, α=0.05):
2025-11-26 13:23:51,544 - INFO -     CPU vs HybridNaive:
2025-11-26 13:23:51,544 - INFO -       Original p-value: 0.172316
2025-11-26 13:23:51,545 - INFO -       Adjusted p-value: 0.344633
2025-11-26 13:23:51,545 - INFO -       Significant (after correction): False
2025-11-26 13:23:51,545 - INFO -     CPU vs HybridOptimized:
2025-11-26 13:23:51,545 - INFO -       Original p-value: 0.530057
2025-11-26 13:23:51,545 - INFO -       Adjusted p-value: 0.530057
2025-11-26 13:23:51,545 - INFO -       Significant (after correction): False
2025-11-26 13:23:51,545 - INFO -     CPU vs FullGPU:
2025-11-26 13:23:51,545 - INFO -       Original p-value: 0.017960
2025-11-26 13:23:51,545 - INFO -       Adjusted p-value: 0.089802
2025-11-26 13:23:51,545 - INFO -       Significant (after correction): False
2025-11-26 13:23:51,545 - INFO -     HybridNaive vs HybridOptimized:
2025-11-26 13:23:51,545 - INFO -       Original p-value: 0.054624
2025-11-26 13:23:51,545 - INFO -       Adjusted p-value: 0.218496
2025-11-26 13:23:51,545 - INFO -       Significant (after correction): False
2025-11-26 13:23:51,545 - INFO -     HybridNaive vs FullGPU:
2025-11-26 13:23:51,545 - INFO -       Original p-value: 0.067889
2025-11-26 13:23:51,545 - INFO -       Adjusted p-value: 0.218496
2025-11-26 13:23:51,545 - INFO -       Significant (after correction): False
2025-11-26 13:23:51,546 - INFO -     HybridOptimized vs FullGPU:
2025-11-26 13:23:51,546 - INFO -       Original p-value: 0.005062
2025-11-26 13:23:51,546 - INFO -       Adjusted p-value: 0.030372
2025-11-26 13:23:51,546 - INFO -       Significant (after correction): True
2025-11-26 13:23:51,546 - INFO - 
Summary: berlin52 (optimal=7542.0)
2025-11-26 13:23:51,546 - INFO - --------------------------------------------------------------------------------
2025-11-26 13:23:51,546 - INFO - Algorithm            Mean Cost       Gap (%)      Time (s)     H2D (MB)     D2H (MB)    
2025-11-26 13:23:51,546 - INFO - --------------------------------------------------------------------------------
2025-11-26 13:23:51,546 - INFO - CPU                  7554.65         0.17         25.82        0.00         0.00        
2025-11-26 13:23:51,546 - INFO - HybridNaive          7547.31         0.07         0.57         0.37         0.27        
2025-11-26 13:23:51,546 - INFO - HybridOptimized      7557.85         0.21         0.11         0.28         0.28        
2025-11-26 13:23:51,546 - INFO - FullGPU              7542.00         0.00         0.25         0.02         0.00        
2025-11-26 13:23:51,546 - INFO - 
Speedups (relative to baseline):
2025-11-26 13:23:51,546 - INFO -   CPU: 1.00x (baseline)
2025-11-26 13:23:51,546 - INFO -   HybridNaive: 44.92x vs CPU
2025-11-26 13:23:51,546 - INFO -   HybridOptimized: 231.13x vs CPU
2025-11-26 13:23:51,546 - INFO -   FullGPU: 101.86x vs CPU
2025-11-26 13:23:51,546 - INFO - 
2025-11-26 13:23:51,550 - INFO - ✓ Problem statistics saved: berlin52_stats.json

2025-11-26 13:23:51,600 - INFO - 
================================================================================
2025-11-26 13:23:51,600 - INFO - PROBLEM 3/38: st70
2025-11-26 13:23:51,600 - INFO - Size: 70 cities | Optimal: 675.0
2025-11-26 13:23:51,600 - INFO - ================================================================================
2025-11-26 13:23:51,600 - INFO - Running 4 algorithm(s) (n≤100)

2025-11-26 13:23:51,624 - INFO -   [1/4] CPU (CPU): Resuming: 22/26 runs exist, completing remaining 4
2025-11-26 13:23:51,625 - INFO - GeneticAlgorithmCPU initialized: pop_size=256, mutation_rate=0.02, tournament_k=5, 2opt_iters=10
2025-11-26 13:23:51,625 - INFO - 
  [CPU] INCREMENTAL MODE: Extending st70 from 22 to 26 runs
2025-11-26 13:23:51,625 - INFO -     Backend: CPU | Early stopping: patience=16 (adaptive: 2×√70) | New repetitions: 4
2025-11-26 13:23:51,625 - INFO -     Run 23/26 (new #1/4, seed=338841681)...
2025-11-26 13:24:51,155 - INFO - Near-optimal solution reached at generation 7 (cost=675.00, optimal=675.00, gap=0.00%)
2025-11-26 13:24:51,155 - INFO - GeneticAlgorithmCPU evolution complete: best=675.00, improvement=78.97%, H2D=0.00MB, D2H=0.00MB, kernels=0, stopped=hit_optimal
2025-11-26 13:24:51,155 - INFO -       → Completed in 59.53s | Cost: 675 (gap: 0.00%) | Generations: 7/1171
2025-11-26 13:24:51,156 - INFO -     Run 24/26 (new #2/4, seed=1071284521)...
2025-11-26 13:25:50,006 - INFO - Near-optimal solution reached at generation 7 (cost=678.00, optimal=675.00, gap=0.44%)
2025-11-26 13:25:50,006 - INFO - GeneticAlgorithmCPU evolution complete: best=678.00, improvement=79.14%, H2D=0.00MB, D2H=0.00MB, kernels=0, stopped=hit_optimal
2025-11-26 13:25:50,006 - INFO -       → Completed in 58.85s | Cost: 678 (gap: 0.44%) | Generations: 7/1171
2025-11-26 13:25:50,006 - INFO -     Run 25/26 (new #3/4, seed=278957762)...
2025-11-26 13:26:41,388 - INFO - Near-optimal solution reached at generation 7 (cost=678.00, optimal=675.00, gap=0.44%)
2025-11-26 13:26:41,388 - INFO - GeneticAlgorithmCPU evolution complete: best=678.00, improvement=76.57%, H2D=0.00MB, D2H=0.00MB, kernels=0, stopped=hit_optimal
2025-11-26 13:26:41,388 - INFO -       → Completed in 51.38s | Cost: 678 (gap: 0.44%) | Generations: 7/1171
2025-11-26 13:26:41,388 - INFO -     Run 26/26 (new #4/4, seed=1101532546)...
2025-11-26 13:27:33,402 - INFO - Near-optimal solution reached at generation 7 (cost=677.00, optimal=675.00, gap=0.30%)
2025-11-26 13:27:33,402 - INFO - GeneticAlgorithmCPU evolution complete: best=677.00, improvement=76.69%, H2D=0.00MB, D2H=0.00MB, kernels=0, stopped=hit_optimal
2025-11-26 13:27:33,402 - INFO -       → Completed in 52.01s | Cost: 677 (gap: 0.30%) | Generations: 7/1171
2025-11-26 13:27:33,403 - INFO - 
    ✓ CPU INCREMENTAL summary for st70 (26 total runs): Cost=678±1.9 | Gap=0.39%±0.29% | Time=56.53s±6.23s
2025-11-26 13:27:33,412 - INFO -     ✓ Checkpoint saved: st70_CPU.json
2025-11-26 13:27:33,463 - INFO -   [2/4] HybridNaive (GPU): Resuming: 22/26 runs exist, completing remaining 4
2025-11-26 13:27:33,463 - INFO - GeneticAlgorithmHybridNaive initialized: pop_size=256, mutation_rate=0.02, tournament_k=5, 2opt_iters=10
2025-11-26 13:27:33,463 - INFO - Loaded two_opt_kernel for naive hybrid
2025-11-26 13:27:33,463 - INFO - 
  [HybridNaive] INCREMENTAL MODE: Extending st70 from 22 to 26 runs
2025-11-26 13:27:33,463 - INFO -     Backend: GPU | Early stopping: patience=16 (adaptive: 2×√70) | New repetitions: 4
2025-11-26 13:27:33,464 - INFO -     Run 23/26 (new #1/4, seed=1947035447)...
2025-11-26 13:27:34,447 - INFO - Near-optimal solution reached at generation 7 (cost=678.00, optimal=675.00, gap=0.44%)
2025-11-26 13:27:34,447 - INFO - GeneticAlgorithmHybridNaive evolution complete: best=678.00, improvement=78.88%, H2D=0.78MB, D2H=0.50MB, kernels=17920, stopped=hit_optimal
2025-11-26 13:27:34,447 - INFO -       → Completed in 0.98s | Cost: 678 (gap: 0.44%) | Generations: 7/1171
2025-11-26 13:27:34,447 - INFO -     Run 24/26 (new #2/4, seed=585562084)...
2025-11-26 13:27:35,322 - INFO - Near-optimal solution reached at generation 7 (cost=676.00, optimal=675.00, gap=0.15%)
2025-11-26 13:27:35,323 - INFO - GeneticAlgorithmHybridNaive evolution complete: best=676.00, improvement=79.20%, H2D=0.78MB, D2H=0.50MB, kernels=17920, stopped=hit_optimal
2025-11-26 13:27:35,323 - INFO -       → Completed in 0.88s | Cost: 676 (gap: 0.15%) | Generations: 7/1171
2025-11-26 13:27:35,323 - INFO -     Run 25/26 (new #3/4, seed=1601051158)...
2025-11-26 13:27:36,176 - INFO - Near-optimal solution reached at generation 7 (cost=679.00, optimal=675.00, gap=0.59%)
2025-11-26 13:27:36,177 - INFO - GeneticAlgorithmHybridNaive evolution complete: best=679.00, improvement=76.54%, H2D=0.78MB, D2H=0.50MB, kernels=17920, stopped=hit_optimal
2025-11-26 13:27:36,177 - INFO -       → Completed in 0.85s | Cost: 679 (gap: 0.59%) | Generations: 7/1171
2025-11-26 13:27:36,177 - INFO -     Run 26/26 (new #4/4, seed=1492968098)...
2025-11-26 13:27:37,034 - INFO - Near-optimal solution reached at generation 7 (cost=680.00, optimal=675.00, gap=0.74%)
2025-11-26 13:27:37,034 - INFO - GeneticAlgorithmHybridNaive evolution complete: best=680.00, improvement=76.58%, H2D=0.78MB, D2H=0.50MB, kernels=17920, stopped=hit_optimal
2025-11-26 13:27:37,034 - INFO -       → Completed in 0.86s | Cost: 680 (gap: 0.74%) | Generations: 7/1171
2025-11-26 13:27:37,035 - INFO - 
    ✓ HybridNaive INCREMENTAL summary for st70 (26 total runs): Cost=677±2.2 | Gap=0.33%±0.32% | Time=0.94s±0.07s
2025-11-26 13:27:37,078 - INFO -     ✓ Checkpoint saved: st70_HybridNaive.json
2025-11-26 13:27:37,126 - INFO -   [3/4] HybridOptimized (GPU): Resuming: 22/26 runs exist, completing remaining 4
2025-11-26 13:27:37,127 - INFO - GeneticAlgorithmHybridOptimized initialized: pop_size=256, mutation_rate=0.02, tournament_k=5, 2opt_iters=10
2025-11-26 13:27:37,127 - INFO - Loaded batch kernels: two_opt_batch, cost_calculator
2025-11-26 13:27:37,127 - INFO - 
  [HybridOptimized] INCREMENTAL MODE: Extending st70 from 22 to 26 runs
2025-11-26 13:27:37,127 - INFO -     Backend: GPU | Early stopping: patience=16 (adaptive: 2×√70) | New repetitions: 4
2025-11-26 13:27:37,127 - INFO -     Run 23/26 (new #1/4, seed=1031406328)...
2025-11-26 13:27:37,264 - INFO - Near-optimal solution reached at generation 7 (cost=676.00, optimal=675.00, gap=0.15%)
2025-11-26 13:27:37,264 - INFO - GeneticAlgorithmHybridOptimized evolution complete: best=676.00, improvement=78.94%, H2D=0.54MB, D2H=0.52MB, kernels=77, stopped=hit_optimal
2025-11-26 13:27:37,264 - INFO -       → Completed in 0.14s | Cost: 676 (gap: 0.15%) | Generations: 7/1171
2025-11-26 13:27:37,264 - INFO -     Run 24/26 (new #2/4, seed=212225809)...
2025-11-26 13:27:37,407 - INFO - Near-optimal solution reached at generation 7 (cost=680.00, optimal=675.00, gap=0.74%)
2025-11-26 13:27:37,407 - INFO - GeneticAlgorithmHybridOptimized evolution complete: best=680.00, improvement=79.08%, H2D=0.50MB, D2H=0.52MB, kernels=77, stopped=hit_optimal
2025-11-26 13:27:37,407 - INFO -       → Completed in 0.14s | Cost: 680 (gap: 0.74%) | Generations: 7/1171
2025-11-26 13:27:37,407 - INFO -     Run 25/26 (new #3/4, seed=1463530582)...
2025-11-26 13:27:37,548 - INFO - Near-optimal solution reached at generation 7 (cost=676.00, optimal=675.00, gap=0.15%)
2025-11-26 13:27:37,548 - INFO - GeneticAlgorithmHybridOptimized evolution complete: best=676.00, improvement=76.64%, H2D=0.50MB, D2H=0.52MB, kernels=77, stopped=hit_optimal
2025-11-26 13:27:37,548 - INFO -       → Completed in 0.14s | Cost: 676 (gap: 0.15%) | Generations: 7/1171
2025-11-26 13:27:37,548 - INFO -     Run 26/26 (new #4/4, seed=553736143)...
2025-11-26 13:27:37,685 - INFO - Near-optimal solution reached at generation 7 (cost=679.00, optimal=675.00, gap=0.59%)
2025-11-26 13:27:37,685 - INFO - GeneticAlgorithmHybridOptimized evolution complete: best=679.00, improvement=76.62%, H2D=0.50MB, D2H=0.52MB, kernels=77, stopped=hit_optimal
2025-11-26 13:27:37,685 - INFO -       → Completed in 0.14s | Cost: 679 (gap: 0.59%) | Generations: 7/1171
2025-11-26 13:27:37,686 - INFO - 
    ✓ HybridOptimized INCREMENTAL summary for st70 (26 total runs): Cost=677±1.8 | Gap=0.35%±0.26% | Time=0.17s±0.04s
2025-11-26 13:27:37,696 - INFO -     ✓ Checkpoint saved: st70_HybridOptimized.json
2025-11-26 13:27:37,744 - INFO -   [4/4] FullGPU (GPU): Resuming: 22/26 runs exist, completing remaining 4
2025-11-26 13:27:37,745 - INFO - GeneticAlgorithmFullGPUEarlyStop initialized: pop_size=256, mutation_rate=0.02, tournament_k=5, 2opt_iters=10
2025-11-26 13:27:37,745 - INFO - Loaded Fujimoto GA kernel with early stopping support
2025-11-26 13:27:37,745 - INFO - 
  [FullGPU] INCREMENTAL MODE: Extending st70 from 22 to 26 runs
2025-11-26 13:27:37,745 - INFO -     Backend: GPU | Early stopping: patience=16 (adaptive: 2×√70) | New repetitions: 4
2025-11-26 13:27:37,745 - INFO -     Run 23/26 (new #1/4, seed=1385509723)...
2025-11-26 13:27:37,746 - INFO - FullGPUEarlyStop: Launching kernel (max=1171 gens, optimal=675.0, patience=16)
2025-11-26 13:27:37,965 - INFO - FullGPUEarlyStop complete: best=675.00, improvement=78.21%, gens=19/1171, stopped=hit_optimal, H2D=0.04MB, D2H=0.00MB, kernels=3
2025-11-26 13:27:37,965 - INFO -       → Completed in 0.22s | Cost: 675 (gap: 0.00%) | Generations: 19/1171
2025-11-26 13:27:37,965 - INFO -     Run 24/26 (new #2/4, seed=2026182208)...
2025-11-26 13:27:37,966 - INFO - FullGPUEarlyStop: Launching kernel (max=1171 gens, optimal=675.0, patience=16)
2025-11-26 13:27:38,183 - INFO - FullGPUEarlyStop complete: best=675.00, improvement=78.21%, gens=19/1171, stopped=hit_optimal, H2D=0.04MB, D2H=0.00MB, kernels=3
2025-11-26 13:27:38,184 - INFO -       → Completed in 0.22s | Cost: 675 (gap: 0.00%) | Generations: 19/1171
2025-11-26 13:27:38,184 - INFO -     Run 25/26 (new #3/4, seed=1534824843)...
2025-11-26 13:27:38,184 - INFO - FullGPUEarlyStop: Launching kernel (max=1171 gens, optimal=675.0, patience=16)
2025-11-26 13:27:38,434 - INFO - FullGPUEarlyStop complete: best=675.00, improvement=78.21%, gens=21/1171, stopped=hit_optimal, H2D=0.04MB, D2H=0.00MB, kernels=3
2025-11-26 13:27:38,434 - INFO -       → Completed in 0.25s | Cost: 675 (gap: 0.00%) | Generations: 21/1171
2025-11-26 13:27:38,434 - INFO -     Run 26/26 (new #4/4, seed=307163821)...
2025-11-26 13:27:38,435 - INFO - FullGPUEarlyStop: Launching kernel (max=1171 gens, optimal=675.0, patience=16)
2025-11-26 13:27:38,684 - INFO - FullGPUEarlyStop complete: best=675.00, improvement=78.21%, gens=21/1171, stopped=hit_optimal, H2D=0.04MB, D2H=0.00MB, kernels=3
2025-11-26 13:27:38,684 - INFO -       → Completed in 0.25s | Cost: 675 (gap: 0.00%) | Generations: 21/1171
2025-11-26 13:27:38,685 - INFO - 
    ✓ FullGPU INCREMENTAL summary for st70 (26 total runs): Cost=675±0.0 | Gap=0.00%±0.00% | Time=0.55s±0.17s
2025-11-26 13:27:38,694 - INFO -     ✓ Checkpoint saved: st70_FullGPU.json
2025-11-26 13:27:38,749 - INFO - 
────────────────────────────────────────────────────────────────────────────────
2025-11-26 13:27:38,749 - INFO - STATISTICS FOR st70
2025-11-26 13:27:38,749 - INFO - ────────────────────────────────────────────────────────────────────────────────
2025-11-26 13:27:38,749 - INFO - 
Statistical Analysis: st70
2025-11-26 13:27:38,749 - INFO - --------------------------------------------------------------------------------
2025-11-26 13:27:38,753 - INFO - Friedman Test (k=4 algorithms):
2025-11-26 13:27:38,753 - INFO -   Statistic: 34.5796
2025-11-26 13:27:38,753 - INFO -   p-value: 0.000000
2025-11-26 13:27:38,753 - INFO -   Significant: True
2025-11-26 13:27:38,764 - INFO - 
Nemenyi Post-Hoc Test:
2025-11-26 13:27:38,774 - INFO -   Critical distance: 1.3009
2025-11-26 13:27:38,774 - INFO -   Mean ranks:
2025-11-26 13:27:38,774 - INFO -     CPU: 3.02
2025-11-26 13:27:38,774 - INFO -     HybridNaive: 2.77
2025-11-26 13:27:38,774 - INFO -     HybridOptimized: 2.90
2025-11-26 13:27:38,774 - INFO -     FullGPU: 1.31
2025-11-26 13:27:38,774 - INFO - 
  Significant pairwise differences:
2025-11-26 13:27:38,774 - INFO -     CPU vs FullGPU: rank_diff=1.71, p=0.0000
2025-11-26 13:27:38,774 - INFO -     HybridNaive vs FullGPU: rank_diff=1.46, p=0.0003
2025-11-26 13:27:38,774 - INFO -     HybridOptimized vs FullGPU: rank_diff=1.60, p=0.0000
2025-11-26 13:27:38,774 - INFO - 
Pairwise Comparisons:
2025-11-26 13:27:38,774 - INFO - Following statistical methodology:
2025-11-26 13:27:38,774 - INFO -   - Normality testing (Shapiro-Wilk)
2025-11-26 13:27:38,774 - INFO -   - Test selection (paired t-test vs Wilcoxon)
2025-11-26 13:27:38,774 - INFO -   - Effect size (Cohen's d)
2025-11-26 13:27:38,774 - INFO -   - 95% Confidence Intervals
2025-11-26 13:27:38,774 - INFO -   - Holm-Bonferroni multiple comparison correction

2025-11-26 13:27:38,777 - INFO -   CPU vs HybridNaive:
2025-11-26 13:27:38,777 - INFO -     Normality (Shapiro-Wilk):
2025-11-26 13:27:38,777 - INFO -       CPU: p=0.0231 (non-normal)
2025-11-26 13:27:38,777 - INFO -       HybridNaive: p=0.0006 (non-normal)
2025-11-26 13:27:38,777 - INFO -     Test selected: wilcoxon_signed_rank
2025-11-26 13:27:38,777 - INFO -     Mean difference: 0.38
2025-11-26 13:27:38,777 - INFO -     95% CI difference: [-0.84, 1.61]
2025-11-26 13:27:38,777 - INFO -     p-value (uncorrected): 0.530614
2025-11-26 13:27:38,778 - INFO -     Cohen's d: 0.1830
2025-11-26 13:27:38,778 - INFO -     Effect size interpretation: negligible
2025-11-26 13:27:38,780 - INFO -   CPU vs HybridOptimized:
2025-11-26 13:27:38,780 - INFO -     Normality (Shapiro-Wilk):
2025-11-26 13:27:38,780 - INFO -       CPU: p=0.0231 (non-normal)
2025-11-26 13:27:38,780 - INFO -       HybridOptimized: p=0.0436 (non-normal)
2025-11-26 13:27:38,780 - INFO -     Test selected: wilcoxon_signed_rank
2025-11-26 13:27:38,780 - INFO -     Mean difference: 0.23
2025-11-26 13:27:38,781 - INFO -     95% CI difference: [-0.85, 1.31]
2025-11-26 13:27:38,781 - INFO -     p-value (uncorrected): 0.661418
2025-11-26 13:27:38,781 - INFO -     Cohen's d: 0.1215
2025-11-26 13:27:38,781 - INFO -     Effect size interpretation: negligible
/home/lucas_galdino/chimera/gpu_accelerated/.venv/lib/python3.10/site-packages/scipy/stats/_axis_nan_policy.py:586: UserWarning: scipy.stats.shapiro: Input data has range zero. The results may not be accurate.
  res = hypotest_fun_out(*samples, **kwds)
2025-11-26 13:27:38,784 - INFO -   CPU vs FullGPU:
2025-11-26 13:27:38,785 - INFO -     Normality (Shapiro-Wilk):
2025-11-26 13:27:38,785 - INFO -       CPU: p=0.0231 (non-normal)
2025-11-26 13:27:38,785 - INFO -       FullGPU: p=1.0000 (normal)
2025-11-26 13:27:38,785 - INFO -     Test selected: wilcoxon_signed_rank
2025-11-26 13:27:38,785 - INFO -     Mean difference: 2.62
2025-11-26 13:27:38,785 - INFO -     95% CI difference: [1.82, 3.42]
2025-11-26 13:27:38,785 - INFO -     p-value (uncorrected): 0.000052
2025-11-26 13:27:38,785 - INFO -     Cohen's d: 1.8667
2025-11-26 13:27:38,785 - INFO -     Effect size interpretation: large
2025-11-26 13:27:38,787 - INFO -   HybridNaive vs HybridOptimized:
2025-11-26 13:27:38,787 - INFO -     Normality (Shapiro-Wilk):
2025-11-26 13:27:38,787 - INFO -       HybridNaive: p=0.0006 (non-normal)
2025-11-26 13:27:38,787 - INFO -       HybridOptimized: p=0.0436 (non-normal)
2025-11-26 13:27:38,787 - INFO -     Test selected: wilcoxon_signed_rank
2025-11-26 13:27:38,787 - INFO -     Mean difference: -0.15
2025-11-26 13:27:38,787 - INFO -     95% CI difference: [-1.43, 1.13]
2025-11-26 13:27:38,787 - INFO -     p-value (uncorrected): 0.781681
2025-11-26 13:27:38,788 - INFO -     Cohen's d: -0.0760
2025-11-26 13:27:38,788 - INFO -     Effect size interpretation: negligible
2025-11-26 13:27:38,790 - INFO -   HybridNaive vs FullGPU:
2025-11-26 13:27:38,790 - INFO -     Normality (Shapiro-Wilk):
2025-11-26 13:27:38,790 - INFO -       HybridNaive: p=0.0006 (non-normal)
2025-11-26 13:27:38,790 - INFO -       FullGPU: p=1.0000 (normal)
2025-11-26 13:27:38,790 - INFO -     Test selected: wilcoxon_signed_rank
2025-11-26 13:27:38,790 - INFO -     Mean difference: 2.23
2025-11-26 13:27:38,790 - INFO -     95% CI difference: [1.34, 3.13]
2025-11-26 13:27:38,791 - INFO -     p-value (uncorrected): 0.000117
2025-11-26 13:27:38,791 - INFO -     Cohen's d: 1.4245
2025-11-26 13:27:38,791 - INFO -     Effect size interpretation: large
2025-11-26 13:27:38,793 - INFO -   HybridOptimized vs FullGPU:
2025-11-26 13:27:38,793 - INFO -     Normality (Shapiro-Wilk):
2025-11-26 13:27:38,793 - INFO -       HybridOptimized: p=0.0436 (non-normal)
2025-11-26 13:27:38,793 - INFO -       FullGPU: p=1.0000 (normal)
2025-11-26 13:27:38,793 - INFO -     Test selected: wilcoxon_signed_rank
2025-11-26 13:27:38,793 - INFO -     Mean difference: 2.38
2025-11-26 13:27:38,793 - INFO -     95% CI difference: [1.65, 3.12]
2025-11-26 13:27:38,794 - INFO -     p-value (uncorrected): 0.000036
2025-11-26 13:27:38,794 - INFO -     Cohen's d: 1.8603
2025-11-26 13:27:38,794 - INFO -     Effect size interpretation: large
2025-11-26 13:27:38,794 - INFO - 
  Multiple Comparison Correction (Holm-Bonferroni, α=0.05):
2025-11-26 13:27:38,794 - INFO -     CPU vs HybridNaive:
2025-11-26 13:27:38,794 - INFO -       Original p-value: 0.530614
2025-11-26 13:27:38,794 - INFO -       Adjusted p-value: 1.000000
2025-11-26 13:27:38,794 - INFO -       Significant (after correction): False
2025-11-26 13:27:38,794 - INFO -     CPU vs HybridOptimized:
2025-11-26 13:27:38,794 - INFO -       Original p-value: 0.661418
2025-11-26 13:27:38,794 - INFO -       Adjusted p-value: 1.000000
2025-11-26 13:27:38,794 - INFO -       Significant (after correction): False
2025-11-26 13:27:38,794 - INFO -     CPU vs FullGPU:
2025-11-26 13:27:38,794 - INFO -       Original p-value: 0.000052
2025-11-26 13:27:38,794 - INFO -       Adjusted p-value: 0.000262
2025-11-26 13:27:38,794 - INFO -       Significant (after correction): True
2025-11-26 13:27:38,795 - INFO -     HybridNaive vs HybridOptimized:
2025-11-26 13:27:38,795 - INFO -       Original p-value: 0.781681
2025-11-26 13:27:38,795 - INFO -       Adjusted p-value: 1.000000
2025-11-26 13:27:38,795 - INFO -       Significant (after correction): False
2025-11-26 13:27:38,795 - INFO -     HybridNaive vs FullGPU:
2025-11-26 13:27:38,795 - INFO -       Original p-value: 0.000117
2025-11-26 13:27:38,795 - INFO -       Adjusted p-value: 0.000469
2025-11-26 13:27:38,795 - INFO -       Significant (after correction): True
2025-11-26 13:27:38,795 - INFO -     HybridOptimized vs FullGPU:
2025-11-26 13:27:38,795 - INFO -       Original p-value: 0.000036
2025-11-26 13:27:38,795 - INFO -       Adjusted p-value: 0.000218
2025-11-26 13:27:38,795 - INFO -       Significant (after correction): True
2025-11-26 13:27:38,795 - INFO - 
Summary: st70 (optimal=675.0)
2025-11-26 13:27:38,795 - INFO - --------------------------------------------------------------------------------
2025-11-26 13:27:38,795 - INFO - Algorithm            Mean Cost       Gap (%)      Time (s)     H2D (MB)     D2H (MB)    
2025-11-26 13:27:38,795 - INFO - --------------------------------------------------------------------------------
2025-11-26 13:27:38,795 - INFO - CPU                  677.62          0.39         56.53        0.00         0.00        
2025-11-26 13:27:38,796 - INFO - HybridNaive          677.23          0.33         0.94         0.78         0.50        
2025-11-26 13:27:38,796 - INFO - HybridOptimized      677.38          0.35         0.17         0.51         0.52        
2025-11-26 13:27:38,796 - INFO - FullGPU              675.00          0.00         0.55         0.04         0.00        
2025-11-26 13:27:38,796 - INFO - 
Speedups (relative to baseline):
2025-11-26 13:27:38,796 - INFO -   CPU: 1.00x (baseline)
2025-11-26 13:27:38,796 - INFO -   HybridNaive: 60.42x vs CPU
2025-11-26 13:27:38,796 - INFO -   HybridOptimized: 331.98x vs CPU
2025-11-26 13:27:38,796 - INFO -   FullGPU: 102.56x vs CPU
2025-11-26 13:27:38,796 - INFO - 
2025-11-26 13:27:38,801 - INFO - ✓ Problem statistics saved: st70_stats.json

2025-11-26 13:27:38,855 - INFO - 
================================================================================
2025-11-26 13:27:38,855 - INFO - PROBLEM 4/38: eil76
2025-11-26 13:27:38,855 - INFO - Size: 76 cities | Optimal: 538.0
2025-11-26 13:27:38,855 - INFO - ================================================================================
2025-11-26 13:27:38,856 - INFO - Running 4 algorithm(s) (n≤100)

2025-11-26 13:27:38,883 - INFO -   [1/4] CPU (CPU): Resuming: 22/26 runs exist, completing remaining 4
2025-11-26 13:27:38,884 - INFO - GeneticAlgorithmCPU initialized: pop_size=256, mutation_rate=0.02, tournament_k=5, 2opt_iters=10
2025-11-26 13:27:38,884 - INFO - 
  [CPU] INCREMENTAL MODE: Extending eil76 from 22 to 26 runs
2025-11-26 13:27:38,884 - INFO -     Backend: CPU | Early stopping: patience=17 (adaptive: 2×√76) | New repetitions: 4
2025-11-26 13:27:38,884 - INFO -     Run 23/26 (new #1/4, seed=1032829620)...
2025-11-26 13:28:59,598 - INFO - Near-optimal solution reached at generation 10 (cost=538.00, optimal=538.00, gap=0.00%)
2025-11-26 13:28:59,599 - INFO - GeneticAlgorithmCPU evolution complete: best=538.00, improvement=75.99%, H2D=0.00MB, D2H=0.00MB, kernels=0, stopped=hit_optimal
2025-11-26 13:28:59,599 - INFO -       → Completed in 80.71s | Cost: 538 (gap: 0.00%) | Generations: 10/1325
2025-11-26 13:28:59,599 - INFO -     Run 24/26 (new #2/4, seed=368463773)...
2025-11-26 13:30:28,451 - INFO - Near-optimal solution reached at generation 11 (cost=539.00, optimal=538.00, gap=0.19%)
2025-11-26 13:30:28,451 - INFO - GeneticAlgorithmCPU evolution complete: best=539.00, improvement=75.87%, H2D=0.00MB, D2H=0.00MB, kernels=0, stopped=hit_optimal
2025-11-26 13:30:28,451 - INFO -       → Completed in 88.85s | Cost: 539 (gap: 0.19%) | Generations: 11/1325
2025-11-26 13:30:28,452 - INFO -     Run 25/26 (new #3/4, seed=1425259699)...
2025-11-26 13:31:50,045 - INFO - Near-optimal solution reached at generation 10 (cost=538.00, optimal=538.00, gap=0.00%)
2025-11-26 13:31:50,045 - INFO - GeneticAlgorithmCPU evolution complete: best=538.00, improvement=75.67%, H2D=0.00MB, D2H=0.00MB, kernels=0, stopped=hit_optimal
2025-11-26 13:31:50,045 - INFO -       → Completed in 81.59s | Cost: 538 (gap: 0.00%) | Generations: 10/1325
2025-11-26 13:31:50,046 - INFO -     Run 26/26 (new #4/4, seed=2072185628)...
2025-11-26 13:33:15,340 - INFO - Near-optimal solution reached at generation 10 (cost=543.00, optimal=538.00, gap=0.93%)
2025-11-26 13:33:15,340 - INFO - GeneticAlgorithmCPU evolution complete: best=543.00, improvement=74.91%, H2D=0.00MB, D2H=0.00MB, kernels=0, stopped=hit_optimal
2025-11-26 13:33:15,340 - INFO -       → Completed in 85.29s | Cost: 543 (gap: 0.93%) | Generations: 10/1325
2025-11-26 13:33:15,341 - INFO - 
    ✓ CPU INCREMENTAL summary for eil76 (26 total runs): Cost=541±1.7 | Gap=0.64%±0.32% | Time=84.61s±8.32s
2025-11-26 13:33:15,351 - INFO -     ✓ Checkpoint saved: eil76_CPU.json
2025-11-26 13:33:15,426 - INFO -   [2/4] HybridNaive (GPU): Resuming: 22/26 runs exist, completing remaining 4
2025-11-26 13:33:15,427 - INFO - GeneticAlgorithmHybridNaive initialized: pop_size=256, mutation_rate=0.02, tournament_k=5, 2opt_iters=10
2025-11-26 13:33:15,427 - INFO - Loaded two_opt_kernel for naive hybrid
2025-11-26 13:33:15,427 - INFO - 
  [HybridNaive] INCREMENTAL MODE: Extending eil76 from 22 to 26 runs
2025-11-26 13:33:15,427 - INFO -     Backend: GPU | Early stopping: patience=17 (adaptive: 2×√76) | New repetitions: 4
2025-11-26 13:33:15,427 - INFO -     Run 23/26 (new #1/4, seed=552255945)...
2025-11-26 13:33:16,688 - INFO - Near-optimal solution reached at generation 9 (cost=543.00, optimal=538.00, gap=0.93%)
2025-11-26 13:33:16,688 - INFO - GeneticAlgorithmHybridNaive evolution complete: best=543.00, improvement=75.77%, H2D=1.12MB, D2H=0.70MB, kernels=23040, stopped=hit_optimal
2025-11-26 13:33:16,688 - INFO -       → Completed in 1.26s | Cost: 543 (gap: 0.93%) | Generations: 9/1325
2025-11-26 13:33:16,688 - INFO -     Run 24/26 (new #2/4, seed=1436453865)...
2025-11-26 13:33:17,856 - INFO - Near-optimal solution reached at generation 9 (cost=540.00, optimal=538.00, gap=0.37%)
2025-11-26 13:33:17,856 - INFO - GeneticAlgorithmHybridNaive evolution complete: best=540.00, improvement=76.25%, H2D=1.12MB, D2H=0.70MB, kernels=23040, stopped=hit_optimal
2025-11-26 13:33:17,856 - INFO -       → Completed in 1.17s | Cost: 540 (gap: 0.37%) | Generations: 9/1325
2025-11-26 13:33:17,856 - INFO -     Run 25/26 (new #3/4, seed=805563865)...
2025-11-26 13:33:19,246 - INFO - Near-optimal solution reached at generation 9 (cost=541.00, optimal=538.00, gap=0.56%)
2025-11-26 13:33:19,246 - INFO - GeneticAlgorithmHybridNaive evolution complete: best=541.00, improvement=76.13%, H2D=1.12MB, D2H=0.70MB, kernels=23040, stopped=hit_optimal
2025-11-26 13:33:19,246 - INFO -       → Completed in 1.39s | Cost: 541 (gap: 0.56%) | Generations: 9/1325
2025-11-26 13:33:19,246 - INFO -     Run 26/26 (new #4/4, seed=224387365)...
2025-11-26 13:33:20,621 - INFO - Near-optimal solution reached at generation 10 (cost=543.00, optimal=538.00, gap=0.93%)
2025-11-26 13:33:20,621 - INFO - GeneticAlgorithmHybridNaive evolution complete: best=543.00, improvement=75.54%, H2D=1.24MB, D2H=0.78MB, kernels=25600, stopped=hit_optimal
2025-11-26 13:33:20,621 - INFO -       → Completed in 1.38s | Cost: 543 (gap: 0.93%) | Generations: 10/1325
2025-11-26 13:33:20,622 - INFO - 
    ✓ HybridNaive INCREMENTAL summary for eil76 (26 total runs): Cost=541±1.8 | Gap=0.62%±0.34% | Time=1.36s±0.18s
2025-11-26 13:33:20,624 - INFO -     ✓ Checkpoint saved: eil76_HybridNaive.json
2025-11-26 13:33:20,672 - INFO -   [3/4] HybridOptimized (GPU): Resuming: 22/26 runs exist, completing remaining 4
2025-11-26 13:33:20,672 - INFO - GeneticAlgorithmHybridOptimized initialized: pop_size=256, mutation_rate=0.02, tournament_k=5, 2opt_iters=10
2025-11-26 13:33:20,672 - INFO - Loaded batch kernels: two_opt_batch, cost_calculator
2025-11-26 13:33:20,672 - INFO - 
  [HybridOptimized] INCREMENTAL MODE: Extending eil76 from 22 to 26 runs
2025-11-26 13:33:20,672 - INFO -     Backend: GPU | Early stopping: patience=17 (adaptive: 2×√76) | New repetitions: 4
2025-11-26 13:33:20,673 - INFO -     Run 23/26 (new #1/4, seed=668213119)...
2025-11-26 13:33:20,892 - INFO - Near-optimal solution reached at generation 9 (cost=540.00, optimal=538.00, gap=0.37%)
2025-11-26 13:33:20,892 - INFO - GeneticAlgorithmHybridOptimized evolution complete: best=540.00, improvement=75.90%, H2D=0.75MB, D2H=0.72MB, kernels=99, stopped=hit_optimal
2025-11-26 13:33:20,893 - INFO -       → Completed in 0.22s | Cost: 540 (gap: 0.37%) | Generations: 9/1325
2025-11-26 13:33:20,893 - INFO -     Run 24/26 (new #2/4, seed=409215658)...
2025-11-26 13:33:21,114 - INFO - Near-optimal solution reached at generation 9 (cost=542.00, optimal=538.00, gap=0.74%)
2025-11-26 13:33:21,114 - INFO - GeneticAlgorithmHybridOptimized evolution complete: best=542.00, improvement=76.17%, H2D=0.70MB, D2H=0.72MB, kernels=99, stopped=hit_optimal
2025-11-26 13:33:21,114 - INFO -       → Completed in 0.22s | Cost: 542 (gap: 0.74%) | Generations: 9/1325
2025-11-26 13:33:21,114 - INFO -     Run 25/26 (new #3/4, seed=1273401406)...
2025-11-26 13:33:21,334 - INFO - Near-optimal solution reached at generation 9 (cost=543.00, optimal=538.00, gap=0.93%)
2025-11-26 13:33:21,334 - INFO - GeneticAlgorithmHybridOptimized evolution complete: best=543.00, improvement=76.04%, H2D=0.70MB, D2H=0.72MB, kernels=99, stopped=hit_optimal
2025-11-26 13:33:21,334 - INFO -       → Completed in 0.22s | Cost: 543 (gap: 0.93%) | Generations: 9/1325
2025-11-26 13:33:21,334 - INFO -     Run 26/26 (new #4/4, seed=1874437956)...
2025-11-26 13:33:21,530 - INFO - Near-optimal solution reached at generation 8 (cost=540.00, optimal=538.00, gap=0.37%)
2025-11-26 13:33:21,530 - INFO - GeneticAlgorithmHybridOptimized evolution complete: best=540.00, improvement=75.68%, H2D=0.62MB, D2H=0.64MB, kernels=88, stopped=hit_optimal
2025-11-26 13:33:21,530 - INFO -       → Completed in 0.20s | Cost: 540 (gap: 0.37%) | Generations: 8/1325
2025-11-26 13:33:21,531 - INFO - 
    ✓ HybridOptimized INCREMENTAL summary for eil76 (26 total runs): Cost=541±1.6 | Gap=0.61%±0.30% | Time=0.21s±0.03s
2025-11-26 13:33:21,540 - INFO -     ✓ Checkpoint saved: eil76_HybridOptimized.json
2025-11-26 13:33:21,589 - INFO -   [4/4] FullGPU (GPU): Resuming: 22/26 runs exist, completing remaining 4
2025-11-26 13:33:21,590 - INFO - GeneticAlgorithmFullGPUEarlyStop initialized: pop_size=256, mutation_rate=0.02, tournament_k=5, 2opt_iters=10
2025-11-26 13:33:21,590 - INFO - Loaded Fujimoto GA kernel with early stopping support
2025-11-26 13:33:21,590 - INFO - 
  [FullGPU] INCREMENTAL MODE: Extending eil76 from 22 to 26 runs
2025-11-26 13:33:21,590 - INFO -     Backend: GPU | Early stopping: patience=17 (adaptive: 2×√76) | New repetitions: 4
2025-11-26 13:33:21,590 - INFO -     Run 23/26 (new #1/4, seed=446225401)...
2025-11-26 13:33:21,591 - INFO - FullGPUEarlyStop: Launching kernel (max=1325 gens, optimal=538.0, patience=17)
2025-11-26 13:33:22,008 - INFO - FullGPUEarlyStop complete: best=540.00, improvement=74.71%, gens=31/1325, stopped=hit_optimal, H2D=0.04MB, D2H=0.00MB, kernels=3
2025-11-26 13:33:22,008 - INFO -       → Completed in 0.42s | Cost: 540 (gap: 0.37%) | Generations: 31/1325
2025-11-26 13:33:22,008 - INFO -     Run 24/26 (new #2/4, seed=1857204562)...
2025-11-26 13:33:22,009 - INFO - FullGPUEarlyStop: Launching kernel (max=1325 gens, optimal=538.0, patience=17)
2025-11-26 13:33:22,488 - INFO - FullGPUEarlyStop complete: best=539.00, improvement=74.75%, gens=36/1325, stopped=hit_optimal, H2D=0.04MB, D2H=0.00MB, kernels=3
2025-11-26 13:33:22,488 - INFO -       → Completed in 0.48s | Cost: 539 (gap: 0.19%) | Generations: 36/1325
2025-11-26 13:33:22,489 - INFO -     Run 25/26 (new #3/4, seed=1203405772)...
2025-11-26 13:33:22,489 - INFO - FullGPUEarlyStop: Launching kernel (max=1325 gens, optimal=538.0, patience=17)
2025-11-26 13:33:22,969 - INFO - FullGPUEarlyStop complete: best=539.00, improvement=74.75%, gens=36/1325, stopped=hit_optimal, H2D=0.04MB, D2H=0.00MB, kernels=3
2025-11-26 13:33:22,969 - INFO -       → Completed in 0.48s | Cost: 539 (gap: 0.19%) | Generations: 36/1325
2025-11-26 13:33:22,969 - INFO -     Run 26/26 (new #4/4, seed=76763718)...
2025-11-26 13:33:22,970 - INFO - FullGPUEarlyStop: Launching kernel (max=1325 gens, optimal=538.0, patience=17)
2025-11-26 13:33:23,448 - INFO - FullGPUEarlyStop complete: best=539.00, improvement=74.75%, gens=36/1325, stopped=hit_optimal, H2D=0.04MB, D2H=0.00MB, kernels=3
2025-11-26 13:33:23,448 - INFO -       → Completed in 0.48s | Cost: 539 (gap: 0.19%) | Generations: 36/1325
2025-11-26 13:33:23,449 - INFO - 
    ✓ FullGPU INCREMENTAL summary for eil76 (26 total runs): Cost=542±2.0 | Gap=0.71%±0.36% | Time=0.89s±0.30s
2025-11-26 13:33:23,458 - INFO -     ✓ Checkpoint saved: eil76_FullGPU.json
2025-11-26 13:33:23,503 - INFO - 
────────────────────────────────────────────────────────────────────────────────
2025-11-26 13:33:23,503 - INFO - STATISTICS FOR eil76
2025-11-26 13:33:23,503 - INFO - ────────────────────────────────────────────────────────────────────────────────
2025-11-26 13:33:23,504 - INFO - 
Statistical Analysis: eil76
2025-11-26 13:33:23,504 - INFO - --------------------------------------------------------------------------------
2025-11-26 13:33:23,508 - INFO - Friedman Test (k=4 algorithms):
2025-11-26 13:33:23,508 - INFO -   Statistic: 2.4795
2025-11-26 13:33:23,508 - INFO -   p-value: 0.479016
2025-11-26 13:33:23,508 - INFO -   Significant: False
2025-11-26 13:33:23,517 - INFO - 
Pairwise Comparisons:
2025-11-26 13:33:23,517 - INFO - Following statistical methodology:
2025-11-26 13:33:23,517 - INFO -   - Normality testing (Shapiro-Wilk)
2025-11-26 13:33:23,517 - INFO -   - Test selection (paired t-test vs Wilcoxon)
2025-11-26 13:33:23,517 - INFO -   - Effect size (Cohen's d)
2025-11-26 13:33:23,517 - INFO -   - 95% Confidence Intervals
2025-11-26 13:33:23,517 - INFO -   - Holm-Bonferroni multiple comparison correction

2025-11-26 13:33:23,519 - INFO -   CPU vs HybridNaive:
2025-11-26 13:33:23,519 - INFO -     Normality (Shapiro-Wilk):
2025-11-26 13:33:23,519 - INFO -       CPU: p=0.0001 (non-normal)
2025-11-26 13:33:23,519 - INFO -       HybridNaive: p=0.0003 (non-normal)
2025-11-26 13:33:23,519 - INFO -     Test selected: wilcoxon_signed_rank
2025-11-26 13:33:23,519 - INFO -     Mean difference: 0.12
2025-11-26 13:33:23,519 - INFO -     95% CI difference: [-0.99, 1.22]
2025-11-26 13:33:23,519 - INFO -     p-value (uncorrected): 0.792601
2025-11-26 13:33:23,519 - INFO -     Cohen's d: 0.0636
2025-11-26 13:33:23,519 - INFO -     Effect size interpretation: negligible
2025-11-26 13:33:23,521 - INFO -   CPU vs HybridOptimized:
2025-11-26 13:33:23,521 - INFO -     Normality (Shapiro-Wilk):
2025-11-26 13:33:23,522 - INFO -       CPU: p=0.0001 (non-normal)
2025-11-26 13:33:23,522 - INFO -       HybridOptimized: p=0.0028 (non-normal)
2025-11-26 13:33:23,522 - INFO -     Test selected: wilcoxon_signed_rank
2025-11-26 13:33:23,522 - INFO -     Mean difference: 0.15
2025-11-26 13:33:23,522 - INFO -     95% CI difference: [-0.98, 1.28]
2025-11-26 13:33:23,522 - INFO -     p-value (uncorrected): 0.786064
2025-11-26 13:33:23,522 - INFO -     Cohen's d: 0.0900
2025-11-26 13:33:23,522 - INFO -     Effect size interpretation: negligible
2025-11-26 13:33:23,524 - INFO -   CPU vs FullGPU:
2025-11-26 13:33:23,524 - INFO -     Normality (Shapiro-Wilk):
2025-11-26 13:33:23,524 - INFO -       CPU: p=0.0001 (non-normal)
2025-11-26 13:33:23,524 - INFO -       FullGPU: p=0.0362 (non-normal)
2025-11-26 13:33:23,524 - INFO -     Test selected: wilcoxon_signed_rank
2025-11-26 13:33:23,524 - INFO -     Mean difference: -0.35
2025-11-26 13:33:23,524 - INFO -     95% CI difference: [-1.40, 0.71]
2025-11-26 13:33:23,524 - INFO -     p-value (uncorrected): 0.482488
2025-11-26 13:33:23,524 - INFO -     Cohen's d: -0.1832
2025-11-26 13:33:23,525 - INFO -     Effect size interpretation: negligible
2025-11-26 13:33:23,527 - INFO -   HybridNaive vs HybridOptimized:
2025-11-26 13:33:23,527 - INFO -     Normality (Shapiro-Wilk):
2025-11-26 13:33:23,527 - INFO -       HybridNaive: p=0.0003 (non-normal)
2025-11-26 13:33:23,527 - INFO -       HybridOptimized: p=0.0028 (non-normal)
2025-11-26 13:33:23,527 - INFO -     Test selected: wilcoxon_signed_rank
2025-11-26 13:33:23,527 - INFO -     Mean difference: 0.04
2025-11-26 13:33:23,527 - INFO -     95% CI difference: [-0.94, 1.02]
2025-11-26 13:33:23,527 - INFO -     p-value (uncorrected): 0.944106
2025-11-26 13:33:23,527 - INFO -     Cohen's d: 0.0220
2025-11-26 13:33:23,527 - INFO -     Effect size interpretation: negligible
2025-11-26 13:33:23,530 - INFO -   HybridNaive vs FullGPU:
2025-11-26 13:33:23,530 - INFO -     Normality (Shapiro-Wilk):
2025-11-26 13:33:23,530 - INFO -       HybridNaive: p=0.0003 (non-normal)
2025-11-26 13:33:23,530 - INFO -       FullGPU: p=0.0362 (non-normal)
2025-11-26 13:33:23,530 - INFO -     Test selected: wilcoxon_signed_rank
2025-11-26 13:33:23,530 - INFO -     Mean difference: -0.46
2025-11-26 13:33:23,530 - INFO -     95% CI difference: [-1.44, 0.52]
2025-11-26 13:33:23,530 - INFO -     p-value (uncorrected): 0.276756
2025-11-26 13:33:23,530 - INFO -     Cohen's d: -0.2393
2025-11-26 13:33:23,530 - INFO -     Effect size interpretation: small
2025-11-26 13:33:23,532 - INFO -   HybridOptimized vs FullGPU:
2025-11-26 13:33:23,532 - INFO -     Normality (Shapiro-Wilk):
2025-11-26 13:33:23,533 - INFO -       HybridOptimized: p=0.0028 (non-normal)
2025-11-26 13:33:23,533 - INFO -       FullGPU: p=0.0362 (non-normal)
2025-11-26 13:33:23,533 - INFO -     Test selected: wilcoxon_signed_rank
2025-11-26 13:33:23,533 - INFO -     Mean difference: -0.50
2025-11-26 13:33:23,533 - INFO -     95% CI difference: [-1.25, 0.25]
2025-11-26 13:33:23,533 - INFO -     p-value (uncorrected): 0.147090
2025-11-26 13:33:23,533 - INFO -     Cohen's d: -0.2731
2025-11-26 13:33:23,533 - INFO -     Effect size interpretation: small
2025-11-26 13:33:23,533 - INFO - 
  Multiple Comparison Correction (Holm-Bonferroni, α=0.05):
2025-11-26 13:33:23,533 - INFO -     CPU vs HybridNaive:
2025-11-26 13:33:23,533 - INFO -       Original p-value: 0.792601
2025-11-26 13:33:23,533 - INFO -       Adjusted p-value: 1.000000
2025-11-26 13:33:23,533 - INFO -       Significant (after correction): False
2025-11-26 13:33:23,533 - INFO -     CPU vs HybridOptimized:
2025-11-26 13:33:23,533 - INFO -       Original p-value: 0.786064
2025-11-26 13:33:23,533 - INFO -       Adjusted p-value: 1.000000
2025-11-26 13:33:23,533 - INFO -       Significant (after correction): False
2025-11-26 13:33:23,534 - INFO -     CPU vs FullGPU:
2025-11-26 13:33:23,534 - INFO -       Original p-value: 0.482488
2025-11-26 13:33:23,534 - INFO -       Adjusted p-value: 1.000000
2025-11-26 13:33:23,534 - INFO -       Significant (after correction): False
2025-11-26 13:33:23,534 - INFO -     HybridNaive vs HybridOptimized:
2025-11-26 13:33:23,534 - INFO -       Original p-value: 0.944106
2025-11-26 13:33:23,534 - INFO -       Adjusted p-value: 1.000000
2025-11-26 13:33:23,534 - INFO -       Significant (after correction): False
2025-11-26 13:33:23,534 - INFO -     HybridNaive vs FullGPU:
2025-11-26 13:33:23,534 - INFO -       Original p-value: 0.276756
2025-11-26 13:33:23,534 - INFO -       Adjusted p-value: 1.000000
2025-11-26 13:33:23,534 - INFO -       Significant (after correction): False
2025-11-26 13:33:23,534 - INFO -     HybridOptimized vs FullGPU:
2025-11-26 13:33:23,534 - INFO -       Original p-value: 0.147090
2025-11-26 13:33:23,534 - INFO -       Adjusted p-value: 0.882542
2025-11-26 13:33:23,534 - INFO -       Significant (after correction): False
2025-11-26 13:33:23,534 - INFO - 
Summary: eil76 (optimal=538.0)
2025-11-26 13:33:23,534 - INFO - --------------------------------------------------------------------------------
2025-11-26 13:33:23,534 - INFO - Algorithm            Mean Cost       Gap (%)      Time (s)     H2D (MB)     D2H (MB)    
2025-11-26 13:33:23,534 - INFO - --------------------------------------------------------------------------------
2025-11-26 13:33:23,534 - INFO - CPU                  541.46          0.64         84.61        0.00         0.00        
2025-11-26 13:33:23,534 - INFO - HybridNaive          541.35          0.62         1.36         1.15         0.72        
2025-11-26 13:33:23,534 - INFO - HybridOptimized      541.31          0.61         0.21         0.69         0.70        
2025-11-26 13:33:23,535 - INFO - FullGPU              541.81          0.71         0.89         0.05         0.00        
2025-11-26 13:33:23,535 - INFO - 
Speedups (relative to baseline):
2025-11-26 13:33:23,535 - INFO -   CPU: 1.00x (baseline)
2025-11-26 13:33:23,535 - INFO -   HybridNaive: 62.07x vs CPU
2025-11-26 13:33:23,535 - INFO -   HybridOptimized: 409.32x vs CPU
2025-11-26 13:33:23,535 - INFO -   FullGPU: 94.64x vs CPU
2025-11-26 13:33:23,535 - INFO - 
2025-11-26 13:33:23,538 - INFO - ✓ Problem statistics saved: eil76_stats.json

2025-11-26 13:33:23,587 - INFO - 
================================================================================
2025-11-26 13:33:23,587 - INFO - PROBLEM 5/38: pr76
2025-11-26 13:33:23,587 - INFO - Size: 76 cities | Optimal: 108159.0
2025-11-26 13:33:23,587 - INFO - ================================================================================
2025-11-26 13:33:23,587 - INFO - Running 4 algorithm(s) (n≤100)

2025-11-26 13:33:23,609 - INFO -   [1/4] CPU (CPU): Resuming: 22/26 runs exist, completing remaining 4
2025-11-26 13:33:23,609 - INFO - GeneticAlgorithmCPU initialized: pop_size=256, mutation_rate=0.02, tournament_k=5, 2opt_iters=10
2025-11-26 13:33:23,610 - INFO - 
  [CPU] INCREMENTAL MODE: Extending pr76 from 22 to 26 runs
2025-11-26 13:33:23,610 - INFO -     Backend: CPU | Early stopping: patience=17 (adaptive: 2×√76) | New repetitions: 4
2025-11-26 13:33:23,610 - INFO -     Run 23/26 (new #1/4, seed=246628317)...
2025-11-26 13:34:20,992 - INFO - Near-optimal solution reached at generation 7 (cost=109236.00, optimal=108159.00, gap=1.00%)
2025-11-26 13:34:20,992 - INFO - GeneticAlgorithmCPU evolution complete: best=109236.00, improvement=78.44%, H2D=0.00MB, D2H=0.00MB, kernels=0, stopped=hit_optimal
2025-11-26 13:34:20,992 - INFO -       → Completed in 57.38s | Cost: 109236 (gap: 1.00%) | Generations: 7/1325
2025-11-26 13:34:20,992 - INFO -     Run 24/26 (new #2/4, seed=809170371)...
2025-11-26 13:35:21,840 - INFO - Near-optimal solution reached at generation 8 (cost=108533.00, optimal=108159.00, gap=0.35%)
2025-11-26 13:35:21,840 - INFO - GeneticAlgorithmCPU evolution complete: best=108533.00, improvement=76.98%, H2D=0.00MB, D2H=0.00MB, kernels=0, stopped=hit_optimal
2025-11-26 13:35:21,840 - INFO -       → Completed in 60.85s | Cost: 108533 (gap: 0.35%) | Generations: 8/1325
2025-11-26 13:35:21,841 - INFO -     Run 25/26 (new #3/4, seed=578124851)...
2025-11-26 13:36:21,386 - INFO - Near-optimal solution reached at generation 8 (cost=108586.00, optimal=108159.00, gap=0.39%)
2025-11-26 13:36:21,386 - INFO - GeneticAlgorithmCPU evolution complete: best=108586.00, improvement=76.53%, H2D=0.00MB, D2H=0.00MB, kernels=0, stopped=hit_optimal
2025-11-26 13:36:21,386 - INFO -       → Completed in 59.55s | Cost: 108586 (gap: 0.39%) | Generations: 8/1325
2025-11-26 13:36:21,387 - INFO -     Run 26/26 (new #4/4, seed=1498860350)...
2025-11-26 13:37:16,067 - INFO - Near-optimal solution reached at generation 7 (cost=109183.00, optimal=108159.00, gap=0.95%)
2025-11-26 13:37:16,067 - INFO - GeneticAlgorithmCPU evolution complete: best=109183.00, improvement=78.67%, H2D=0.00MB, D2H=0.00MB, kernels=0, stopped=hit_optimal
2025-11-26 13:37:16,067 - INFO -       → Completed in 54.68s | Cost: 109183 (gap: 0.95%) | Generations: 7/1325
2025-11-26 13:37:16,068 - INFO - 
    ✓ CPU INCREMENTAL summary for pr76 (26 total runs): Cost=108750±296.5 | Gap=0.55%±0.27% | Time=73.84s±14.27s
2025-11-26 13:37:16,112 - INFO -     ✓ Checkpoint saved: pr76_CPU.json
2025-11-26 13:37:16,182 - INFO -   [2/4] HybridNaive (GPU): Resuming: 22/26 runs exist, completing remaining 4
2025-11-26 13:37:16,183 - INFO - GeneticAlgorithmHybridNaive initialized: pop_size=256, mutation_rate=0.02, tournament_k=5, 2opt_iters=10
2025-11-26 13:37:16,183 - INFO - Loaded two_opt_kernel for naive hybrid
2025-11-26 13:37:16,183 - INFO - 
  [HybridNaive] INCREMENTAL MODE: Extending pr76 from 22 to 26 runs
2025-11-26 13:37:16,183 - INFO -     Backend: GPU | Early stopping: patience=17 (adaptive: 2×√76) | New repetitions: 4
2025-11-26 13:37:16,184 - INFO -     Run 23/26 (new #1/4, seed=212919726)...
2025-11-26 13:37:17,257 - INFO - Near-optimal solution reached at generation 8 (cost=108308.00, optimal=108159.00, gap=0.14%)
2025-11-26 13:37:17,258 - INFO - GeneticAlgorithmHybridNaive evolution complete: best=108308.00, improvement=78.63%, H2D=0.99MB, D2H=0.62MB, kernels=20480, stopped=hit_optimal
2025-11-26 13:37:17,258 - INFO -       → Completed in 1.07s | Cost: 108308 (gap: 0.14%) | Generations: 8/1325
2025-11-26 13:37:17,258 - INFO -     Run 24/26 (new #2/4, seed=405610932)...
2025-11-26 13:37:18,143 - INFO - Near-optimal solution reached at generation 7 (cost=109115.00, optimal=108159.00, gap=0.88%)
2025-11-26 13:37:18,143 - INFO - GeneticAlgorithmHybridNaive evolution complete: best=109115.00, improvement=77.74%, H2D=0.87MB, D2H=0.54MB, kernels=17920, stopped=hit_optimal
2025-11-26 13:37:18,143 - INFO -       → Completed in 0.89s | Cost: 109115 (gap: 0.88%) | Generations: 7/1325
2025-11-26 13:37:18,144 - INFO -     Run 25/26 (new #3/4, seed=1083693427)...
2025-11-26 13:37:19,153 - INFO - Near-optimal solution reached at generation 8 (cost=108668.00, optimal=108159.00, gap=0.47%)
2025-11-26 13:37:19,153 - INFO - GeneticAlgorithmHybridNaive evolution complete: best=108668.00, improvement=76.51%, H2D=0.99MB, D2H=0.62MB, kernels=20480, stopped=hit_optimal
2025-11-26 13:37:19,154 - INFO -       → Completed in 1.01s | Cost: 108668 (gap: 0.47%) | Generations: 8/1325
2025-11-26 13:37:19,154 - INFO -     Run 26/26 (new #4/4, seed=1091868289)...
2025-11-26 13:37:20,166 - INFO - Near-optimal solution reached at generation 8 (cost=108765.00, optimal=108159.00, gap=0.56%)
2025-11-26 13:37:20,166 - INFO - GeneticAlgorithmHybridNaive evolution complete: best=108765.00, improvement=78.75%, H2D=0.99MB, D2H=0.62MB, kernels=20480, stopped=hit_optimal
2025-11-26 13:37:20,166 - INFO -       → Completed in 1.01s | Cost: 108765 (gap: 0.56%) | Generations: 8/1325
2025-11-26 13:37:20,167 - INFO - 
    ✓ HybridNaive INCREMENTAL summary for pr76 (26 total runs): Cost=108610±325.6 | Gap=0.42%±0.30% | Time=1.08s±0.18s
2025-11-26 13:37:20,211 - INFO -     ✓ Checkpoint saved: pr76_HybridNaive.json
2025-11-26 13:37:20,256 - INFO -   [3/4] HybridOptimized (GPU): Resuming: 22/26 runs exist, completing remaining 4
2025-11-26 13:37:20,257 - INFO - GeneticAlgorithmHybridOptimized initialized: pop_size=256, mutation_rate=0.02, tournament_k=5, 2opt_iters=10
2025-11-26 13:37:20,257 - INFO - Loaded batch kernels: two_opt_batch, cost_calculator
2025-11-26 13:37:20,257 - INFO - 
  [HybridOptimized] INCREMENTAL MODE: Extending pr76 from 22 to 26 runs
2025-11-26 13:37:20,257 - INFO -     Backend: GPU | Early stopping: patience=17 (adaptive: 2×√76) | New repetitions: 4
2025-11-26 13:37:20,257 - INFO -     Run 23/26 (new #1/4, seed=672200203)...
2025-11-26 13:37:20,414 - INFO - Near-optimal solution reached at generation 8 (cost=108159.00, optimal=108159.00, gap=0.00%)
2025-11-26 13:37:20,414 - INFO - GeneticAlgorithmHybridOptimized evolution complete: best=108159.00, improvement=78.66%, H2D=0.67MB, D2H=0.64MB, kernels=88, stopped=hit_optimal
2025-11-26 13:37:20,414 - INFO -       → Completed in 0.16s | Cost: 108159 (gap: 0.00%) | Generations: 8/1325
2025-11-26 13:37:20,414 - INFO -     Run 24/26 (new #2/4, seed=1960688102)...
2025-11-26 13:37:20,571 - INFO - Near-optimal solution reached at generation 8 (cost=108358.00, optimal=108159.00, gap=0.18%)
2025-11-26 13:37:20,571 - INFO - GeneticAlgorithmHybridOptimized evolution complete: best=108358.00, improvement=77.90%, H2D=0.62MB, D2H=0.64MB, kernels=88, stopped=hit_optimal
2025-11-26 13:37:20,572 - INFO -       → Completed in 0.16s | Cost: 108358 (gap: 0.18%) | Generations: 8/1325
2025-11-26 13:37:20,572 - INFO -     Run 25/26 (new #3/4, seed=533663018)...
2025-11-26 13:37:20,728 - INFO - Near-optimal solution reached at generation 8 (cost=108308.00, optimal=108159.00, gap=0.14%)
2025-11-26 13:37:20,728 - INFO - GeneticAlgorithmHybridOptimized evolution complete: best=108308.00, improvement=77.35%, H2D=0.62MB, D2H=0.64MB, kernels=88, stopped=hit_optimal
2025-11-26 13:37:20,729 - INFO -       → Completed in 0.16s | Cost: 108308 (gap: 0.14%) | Generations: 8/1325
2025-11-26 13:37:20,729 - INFO -     Run 26/26 (new #4/4, seed=300138048)...
2025-11-26 13:37:20,866 - INFO - Near-optimal solution reached at generation 7 (cost=108202.00, optimal=108159.00, gap=0.04%)
2025-11-26 13:37:20,866 - INFO - GeneticAlgorithmHybridOptimized evolution complete: best=108202.00, improvement=78.39%, H2D=0.54MB, D2H=0.56MB, kernels=77, stopped=hit_optimal
2025-11-26 13:37:20,867 - INFO -       → Completed in 0.14s | Cost: 108202 (gap: 0.04%) | Generations: 7/1325
2025-11-26 13:37:20,867 - INFO - 
    ✓ HybridOptimized INCREMENTAL summary for pr76 (26 total runs): Cost=108676±334.9 | Gap=0.48%±0.31% | Time=0.19s±0.08s
2025-11-26 13:37:20,877 - INFO -     ✓ Checkpoint saved: pr76_HybridOptimized.json
2025-11-26 13:37:20,922 - INFO -   [4/4] FullGPU (GPU): Resuming: 22/26 runs exist, completing remaining 4
2025-11-26 13:37:20,922 - INFO - GeneticAlgorithmFullGPUEarlyStop initialized: pop_size=256, mutation_rate=0.02, tournament_k=5, 2opt_iters=10
2025-11-26 13:37:20,923 - INFO - Loaded Fujimoto GA kernel with early stopping support
2025-11-26 13:37:20,923 - INFO - 
  [FullGPU] INCREMENTAL MODE: Extending pr76 from 22 to 26 runs
2025-11-26 13:37:20,923 - INFO -     Backend: GPU | Early stopping: patience=17 (adaptive: 2×√76) | New repetitions: 4
2025-11-26 13:37:20,923 - INFO -     Run 23/26 (new #1/4, seed=1473788115)...
2025-11-26 13:37:20,924 - INFO - FullGPUEarlyStop: Launching kernel (max=1325 gens, optimal=108159.0, patience=17)
2025-11-26 13:37:21,396 - INFO - FullGPUEarlyStop complete: best=108159.00, improvement=78.15%, gens=33/1325, stopped=hit_optimal, H2D=0.04MB, D2H=0.00MB, kernels=3
2025-11-26 13:37:21,397 - INFO -       → Completed in 0.47s | Cost: 108159 (gap: 0.00%) | Generations: 33/1325
2025-11-26 13:37:21,397 - INFO -     Run 24/26 (new #2/4, seed=501107093)...
2025-11-26 13:37:21,398 - INFO - FullGPUEarlyStop: Launching kernel (max=1325 gens, optimal=108159.0, patience=17)
2025-11-26 13:37:21,841 - INFO - FullGPUEarlyStop complete: best=108159.00, improvement=78.15%, gens=31/1325, stopped=hit_optimal, H2D=0.04MB, D2H=0.00MB, kernels=3
2025-11-26 13:37:21,841 - INFO -       → Completed in 0.44s | Cost: 108159 (gap: 0.00%) | Generations: 31/1325
2025-11-26 13:37:21,842 - INFO -     Run 25/26 (new #3/4, seed=1525290473)...
2025-11-26 13:37:21,842 - INFO - FullGPUEarlyStop: Launching kernel (max=1325 gens, optimal=108159.0, patience=17)
2025-11-26 13:37:22,286 - INFO - FullGPUEarlyStop complete: best=108159.00, improvement=78.15%, gens=31/1325, stopped=hit_optimal, H2D=0.04MB, D2H=0.00MB, kernels=3
2025-11-26 13:37:22,286 - INFO -       → Completed in 0.44s | Cost: 108159 (gap: 0.00%) | Generations: 31/1325
2025-11-26 13:37:22,286 - INFO -     Run 26/26 (new #4/4, seed=1507118332)...
2025-11-26 13:37:22,287 - INFO - FullGPUEarlyStop: Launching kernel (max=1325 gens, optimal=108159.0, patience=17)
2025-11-26 13:37:22,610 - INFO - FullGPUEarlyStop complete: best=108159.00, improvement=78.15%, gens=23/1325, stopped=hit_optimal, H2D=0.04MB, D2H=0.00MB, kernels=3
2025-11-26 13:37:22,611 - INFO -       → Completed in 0.32s | Cost: 108159 (gap: 0.00%) | Generations: 23/1325
2025-11-26 13:37:22,611 - INFO - 
    ✓ FullGPU INCREMENTAL summary for pr76 (26 total runs): Cost=108206±63.1 | Gap=0.04%±0.06% | Time=0.72s±0.18s
2025-11-26 13:37:22,621 - INFO -     ✓ Checkpoint saved: pr76_FullGPU.json
2025-11-26 13:37:22,666 - INFO - 
────────────────────────────────────────────────────────────────────────────────
2025-11-26 13:37:22,666 - INFO - STATISTICS FOR pr76
2025-11-26 13:37:22,666 - INFO - ────────────────────────────────────────────────────────────────────────────────
2025-11-26 13:37:22,666 - INFO - 
Statistical Analysis: pr76
2025-11-26 13:37:22,667 - INFO - --------------------------------------------------------------------------------
2025-11-26 13:37:22,670 - INFO - Friedman Test (k=4 algorithms):
2025-11-26 13:37:22,670 - INFO -   Statistic: 41.4767
2025-11-26 13:37:22,670 - INFO -   p-value: 0.000000
2025-11-26 13:37:22,670 - INFO -   Significant: True
2025-11-26 13:37:22,679 - INFO - 
Nemenyi Post-Hoc Test:
2025-11-26 13:37:22,687 - INFO -   Critical distance: 1.3009
2025-11-26 13:37:22,687 - INFO -   Mean ranks:
2025-11-26 13:37:22,687 - INFO -     CPU: 3.15
2025-11-26 13:37:22,687 - INFO -     HybridNaive: 2.75
2025-11-26 13:37:22,687 - INFO -     HybridOptimized: 2.98
2025-11-26 13:37:22,688 - INFO -     FullGPU: 1.12
2025-11-26 13:37:22,688 - INFO - 
  Significant pairwise differences:
2025-11-26 13:37:22,688 - INFO -     CPU vs FullGPU: rank_diff=2.04, p=0.0000
2025-11-26 13:37:22,688 - INFO -     HybridNaive vs FullGPU: rank_diff=1.63, p=0.0000
2025-11-26 13:37:22,688 - INFO -     HybridOptimized vs FullGPU: rank_diff=1.87, p=0.0000
2025-11-26 13:37:22,688 - INFO - 
Pairwise Comparisons:
2025-11-26 13:37:22,688 - INFO - Following statistical methodology:
2025-11-26 13:37:22,688 - INFO -   - Normality testing (Shapiro-Wilk)
2025-11-26 13:37:22,688 - INFO -   - Test selection (paired t-test vs Wilcoxon)
2025-11-26 13:37:22,688 - INFO -   - Effect size (Cohen's d)
2025-11-26 13:37:22,688 - INFO -   - 95% Confidence Intervals
2025-11-26 13:37:22,688 - INFO -   - Holm-Bonferroni multiple comparison correction

2025-11-26 13:37:22,691 - INFO -   CPU vs HybridNaive:
2025-11-26 13:37:22,691 - INFO -     Normality (Shapiro-Wilk):
2025-11-26 13:37:22,691 - INFO -       CPU: p=0.3517 (normal)
2025-11-26 13:37:22,691 - INFO -       HybridNaive: p=0.0217 (non-normal)
2025-11-26 13:37:22,691 - INFO -     Test selected: wilcoxon_signed_rank
2025-11-26 13:37:22,691 - INFO -     Mean difference: 139.04
2025-11-26 13:37:22,691 - INFO -     95% CI difference: [-30.68, 308.75]
2025-11-26 13:37:22,691 - INFO -     p-value (uncorrected): 0.122669
2025-11-26 13:37:22,691 - INFO -     Cohen's d: 0.4378
2025-11-26 13:37:22,691 - INFO -     Effect size interpretation: small
2025-11-26 13:37:22,693 - INFO -   CPU vs HybridOptimized:
2025-11-26 13:37:22,694 - INFO -     Normality (Shapiro-Wilk):
2025-11-26 13:37:22,694 - INFO -       CPU: p=0.3517 (normal)
2025-11-26 13:37:22,694 - INFO -       HybridOptimized: p=0.0227 (non-normal)
2025-11-26 13:37:22,694 - INFO -     Test selected: wilcoxon_signed_rank
2025-11-26 13:37:22,694 - INFO -     Mean difference: 73.08
2025-11-26 13:37:22,694 - INFO -     95% CI difference: [-117.39, 263.54]
2025-11-26 13:37:22,694 - INFO -     p-value (uncorrected): 0.665899
2025-11-26 13:37:22,694 - INFO -     Cohen's d: 0.2266
2025-11-26 13:37:22,694 - INFO -     Effect size interpretation: small
2025-11-26 13:37:22,697 - INFO -   CPU vs FullGPU:
2025-11-26 13:37:22,697 - INFO -     Normality (Shapiro-Wilk):
2025-11-26 13:37:22,697 - INFO -       CPU: p=0.3517 (normal)
2025-11-26 13:37:22,697 - INFO -       FullGPU: p=0.0000 (non-normal)
2025-11-26 13:37:22,697 - INFO -     Test selected: wilcoxon_signed_rank
2025-11-26 13:37:22,697 - INFO -     Mean difference: 543.38
2025-11-26 13:37:22,697 - INFO -     95% CI difference: [416.19, 670.58]
2025-11-26 13:37:22,697 - INFO -     p-value (uncorrected): 0.000000
2025-11-26 13:37:22,697 - INFO -     Cohen's d: 2.4856
2025-11-26 13:37:22,697 - INFO -     Effect size interpretation: large
2025-11-26 13:37:22,700 - INFO -   HybridNaive vs HybridOptimized:
2025-11-26 13:37:22,701 - INFO -     Normality (Shapiro-Wilk):
2025-11-26 13:37:22,701 - INFO -       HybridNaive: p=0.0217 (non-normal)
2025-11-26 13:37:22,701 - INFO -       HybridOptimized: p=0.0227 (non-normal)
2025-11-26 13:37:22,701 - INFO -     Test selected: wilcoxon_signed_rank
2025-11-26 13:37:22,701 - INFO -     Mean difference: -65.96
2025-11-26 13:37:22,701 - INFO -     95% CI difference: [-288.03, 156.10]
2025-11-26 13:37:22,701 - INFO -     p-value (uncorrected): 0.670973
2025-11-26 13:37:22,701 - INFO -     Cohen's d: -0.1958
2025-11-26 13:37:22,701 - INFO -     Effect size interpretation: negligible
2025-11-26 13:37:22,702 - INFO -   HybridNaive vs FullGPU:
2025-11-26 13:37:22,702 - INFO -     Normality (Shapiro-Wilk):
2025-11-26 13:37:22,702 - INFO -       HybridNaive: p=0.0217 (non-normal)
2025-11-26 13:37:22,703 - INFO -       FullGPU: p=0.0000 (non-normal)
2025-11-26 13:37:22,703 - INFO -     Test selected: wilcoxon_signed_rank
2025-11-26 13:37:22,703 - INFO -     Mean difference: 404.35
2025-11-26 13:37:22,703 - INFO -     95% CI difference: [260.33, 548.36]
2025-11-26 13:37:22,703 - INFO -     p-value (uncorrected): 0.000058
2025-11-26 13:37:22,703 - INFO -     Cohen's d: 1.6905
2025-11-26 13:37:22,703 - INFO -     Effect size interpretation: large
2025-11-26 13:37:22,705 - INFO -   HybridOptimized vs FullGPU:
2025-11-26 13:37:22,705 - INFO -     Normality (Shapiro-Wilk):
2025-11-26 13:37:22,705 - INFO -       HybridOptimized: p=0.0227 (non-normal)
2025-11-26 13:37:22,705 - INFO -       FullGPU: p=0.0000 (non-normal)
2025-11-26 13:37:22,705 - INFO -     Test selected: wilcoxon_signed_rank
2025-11-26 13:37:22,705 - INFO -     Mean difference: 470.31
2025-11-26 13:37:22,705 - INFO -     95% CI difference: [335.51, 605.10]
2025-11-26 13:37:22,705 - INFO -     p-value (uncorrected): 0.000012
2025-11-26 13:37:22,705 - INFO -     Cohen's d: 1.9140
2025-11-26 13:37:22,705 - INFO -     Effect size interpretation: large
2025-11-26 13:37:22,705 - INFO - 
  Multiple Comparison Correction (Holm-Bonferroni, α=0.05):
2025-11-26 13:37:22,705 - INFO -     CPU vs HybridNaive:
2025-11-26 13:37:22,705 - INFO -       Original p-value: 0.122669
2025-11-26 13:37:22,705 - INFO -       Adjusted p-value: 0.368008
2025-11-26 13:37:22,705 - INFO -       Significant (after correction): False
2025-11-26 13:37:22,705 - INFO -     CPU vs HybridOptimized:
2025-11-26 13:37:22,706 - INFO -       Original p-value: 0.665899
2025-11-26 13:37:22,706 - INFO -       Adjusted p-value: 1.000000
2025-11-26 13:37:22,706 - INFO -       Significant (after correction): False
2025-11-26 13:37:22,706 - INFO -     CPU vs FullGPU:
2025-11-26 13:37:22,706 - INFO -       Original p-value: 0.000000
2025-11-26 13:37:22,706 - INFO -       Adjusted p-value: 0.000000
2025-11-26 13:37:22,706 - INFO -       Significant (after correction): True
2025-11-26 13:37:22,706 - INFO -     HybridNaive vs HybridOptimized:
2025-11-26 13:37:22,706 - INFO -       Original p-value: 0.670973
2025-11-26 13:37:22,706 - INFO -       Adjusted p-value: 1.000000
2025-11-26 13:37:22,706 - INFO -       Significant (after correction): False
2025-11-26 13:37:22,706 - INFO -     HybridNaive vs FullGPU:
2025-11-26 13:37:22,706 - INFO -       Original p-value: 0.000058
2025-11-26 13:37:22,706 - INFO -       Adjusted p-value: 0.000230
2025-11-26 13:37:22,706 - INFO -       Significant (after correction): True
2025-11-26 13:37:22,706 - INFO -     HybridOptimized vs FullGPU:
2025-11-26 13:37:22,706 - INFO -       Original p-value: 0.000012
2025-11-26 13:37:22,706 - INFO -       Adjusted p-value: 0.000061
2025-11-26 13:37:22,706 - INFO -       Significant (after correction): True
2025-11-26 13:37:22,706 - INFO - 
Summary: pr76 (optimal=108159.0)
2025-11-26 13:37:22,706 - INFO - --------------------------------------------------------------------------------
2025-11-26 13:37:22,706 - INFO - Algorithm            Mean Cost       Gap (%)      Time (s)     H2D (MB)     D2H (MB)    
2025-11-26 13:37:22,707 - INFO - --------------------------------------------------------------------------------
2025-11-26 13:37:22,707 - INFO - CPU                  108749.54       0.55         73.84        0.00         0.00        
2025-11-26 13:37:22,707 - INFO - HybridNaive          108610.50       0.42         1.08         0.96         0.60        
2025-11-26 13:37:22,707 - INFO - HybridOptimized      108676.46       0.48         0.19         0.61         0.62        
2025-11-26 13:37:22,707 - INFO - FullGPU              108206.15       0.04         0.72         0.05         0.00        
2025-11-26 13:37:22,707 - INFO - 
Speedups (relative to baseline):
2025-11-26 13:37:22,707 - INFO -   CPU: 1.00x (baseline)
2025-11-26 13:37:22,707 - INFO -   HybridNaive: 68.68x vs CPU
2025-11-26 13:37:22,707 - INFO -   HybridOptimized: 397.00x vs CPU
2025-11-26 13:37:22,707 - INFO -   FullGPU: 102.31x vs CPU
2025-11-26 13:37:22,707 - INFO - 
2025-11-26 13:37:22,711 - INFO - ✓ Problem statistics saved: pr76_stats.json

2025-11-26 13:37:22,757 - INFO - 
================================================================================
2025-11-26 13:37:22,757 - INFO - PROBLEM 6/38: rat99
2025-11-26 13:37:22,757 - INFO - Size: 99 cities | Optimal: 1211.0
2025-11-26 13:37:22,757 - INFO - ================================================================================
2025-11-26 13:37:22,757 - INFO - Running 4 algorithm(s) (n≤100)

2025-11-26 13:37:22,781 - INFO -   [1/4] CPU (CPU): Resuming: 22/26 runs exist, completing remaining 4
2025-11-26 13:37:22,781 - INFO - GeneticAlgorithmCPU initialized: pop_size=256, mutation_rate=0.02, tournament_k=5, 2opt_iters=10
2025-11-26 13:37:22,781 - INFO - 
  [CPU] INCREMENTAL MODE: Extending rat99 from 22 to 26 runs
2025-11-26 13:37:22,781 - INFO -     Backend: CPU | Early stopping: patience=19 (adaptive: 2×√99) | New repetitions: 4
2025-11-26 13:37:22,782 - INFO -     Run 23/26 (new #1/4, seed=1556086613)...
2025-11-26 13:40:06,421 - INFO - Near-optimal solution reached at generation 11 (cost=1220.00, optimal=1211.00, gap=0.74%)
2025-11-26 13:40:06,421 - INFO - GeneticAlgorithmCPU evolution complete: best=1220.00, improvement=82.80%, H2D=0.00MB, D2H=0.00MB, kernels=0, stopped=hit_optimal
2025-11-26 13:40:06,422 - INFO -       → Completed in 163.64s | Cost: 1220 (gap: 0.74%) | Generations: 11/1970
2025-11-26 13:40:06,422 - INFO -     Run 24/26 (new #2/4, seed=1310130600)...
2025-11-26 13:42:44,289 - INFO - Near-optimal solution reached at generation 11 (cost=1216.00, optimal=1211.00, gap=0.41%)
2025-11-26 13:42:44,289 - INFO - GeneticAlgorithmCPU evolution complete: best=1216.00, improvement=82.93%, H2D=0.00MB, D2H=0.00MB, kernels=0, stopped=hit_optimal
2025-11-26 13:42:44,289 - INFO -       → Completed in 157.87s | Cost: 1216 (gap: 0.41%) | Generations: 11/1970
2025-11-26 13:42:44,289 - INFO -     Run 25/26 (new #3/4, seed=1387861553)...
2025-11-26 13:45:34,056 - INFO - Near-optimal solution reached at generation 12 (cost=1217.00, optimal=1211.00, gap=0.50%)
2025-11-26 13:45:34,056 - INFO - GeneticAlgorithmCPU evolution complete: best=1217.00, improvement=82.96%, H2D=0.00MB, D2H=0.00MB, kernels=0, stopped=hit_optimal
2025-11-26 13:45:34,056 - INFO -       → Completed in 169.77s | Cost: 1217 (gap: 0.50%) | Generations: 12/1970
2025-11-26 13:45:34,056 - INFO -     Run 26/26 (new #4/4, seed=1453428031)...
2025-11-26 13:48:12,217 - INFO - Near-optimal solution reached at generation 11 (cost=1223.00, optimal=1211.00, gap=0.99%)
2025-11-26 13:48:12,217 - INFO - GeneticAlgorithmCPU evolution complete: best=1223.00, improvement=82.50%, H2D=0.00MB, D2H=0.00MB, kernels=0, stopped=hit_optimal
2025-11-26 13:48:12,217 - INFO -       → Completed in 158.16s | Cost: 1223 (gap: 0.99%) | Generations: 11/1970
2025-11-26 13:48:12,218 - INFO - 
    ✓ CPU INCREMENTAL summary for rat99 (26 total runs): Cost=1220±3.0 | Gap=0.71%±0.25% | Time=188.04s±26.98s
2025-11-26 13:48:12,260 - INFO -     ✓ Checkpoint saved: rat99_CPU.json
2025-11-26 13:48:12,309 - INFO -   [2/4] HybridNaive (GPU): Resuming: 22/26 runs exist, completing remaining 4
2025-11-26 13:48:12,309 - INFO - GeneticAlgorithmHybridNaive initialized: pop_size=256, mutation_rate=0.02, tournament_k=5, 2opt_iters=10
2025-11-26 13:48:12,310 - INFO - Loaded two_opt_kernel for naive hybrid
2025-11-26 13:48:12,310 - INFO - 
  [HybridNaive] INCREMENTAL MODE: Extending rat99 from 22 to 26 runs
2025-11-26 13:48:12,310 - INFO -     Backend: GPU | Early stopping: patience=19 (adaptive: 2×√99) | New repetitions: 4
2025-11-26 13:48:12,310 - INFO -     Run 23/26 (new #1/4, seed=298447265)...
2025-11-26 13:48:14,216 - INFO - Near-optimal solution reached at generation 11 (cost=1216.00, optimal=1211.00, gap=0.41%)
2025-11-26 13:48:14,216 - INFO - GeneticAlgorithmHybridNaive evolution complete: best=1216.00, improvement=82.85%, H2D=1.98MB, D2H=1.12MB, kernels=28160, stopped=hit_optimal
2025-11-26 13:48:14,216 - INFO -       → Completed in 1.91s | Cost: 1216 (gap: 0.41%) | Generations: 11/1970
2025-11-26 13:48:14,216 - INFO -     Run 24/26 (new #2/4, seed=2081463050)...
2025-11-26 13:48:16,396 - INFO - Near-optimal solution reached at generation 13 (cost=1221.00, optimal=1211.00, gap=0.83%)
2025-11-26 13:48:16,396 - INFO - GeneticAlgorithmHybridNaive evolution complete: best=1221.00, improvement=82.86%, H2D=2.34MB, D2H=1.32MB, kernels=33280, stopped=hit_optimal
2025-11-26 13:48:16,396 - INFO -       → Completed in 2.18s | Cost: 1221 (gap: 0.83%) | Generations: 13/1970
2025-11-26 13:48:16,396 - INFO -     Run 25/26 (new #3/4, seed=1872122590)...
2025-11-26 13:48:18,450 - INFO - Near-optimal solution reached at generation 13 (cost=1213.00, optimal=1211.00, gap=0.17%)
2025-11-26 13:48:18,450 - INFO - GeneticAlgorithmHybridNaive evolution complete: best=1213.00, improvement=83.49%, H2D=2.34MB, D2H=1.32MB, kernels=33280, stopped=hit_optimal
2025-11-26 13:48:18,451 - INFO -       → Completed in 2.05s | Cost: 1213 (gap: 0.17%) | Generations: 13/1970
2025-11-26 13:48:18,451 - INFO -     Run 26/26 (new #4/4, seed=856622648)...
2025-11-26 13:48:20,186 - INFO - Near-optimal solution reached at generation 11 (cost=1223.00, optimal=1211.00, gap=0.99%)
2025-11-26 13:48:20,186 - INFO - GeneticAlgorithmHybridNaive evolution complete: best=1223.00, improvement=83.12%, H2D=1.98MB, D2H=1.12MB, kernels=28160, stopped=hit_optimal
2025-11-26 13:48:20,187 - INFO -       → Completed in 1.74s | Cost: 1223 (gap: 0.99%) | Generations: 11/1970
2025-11-26 13:48:20,187 - INFO - 
    ✓ HybridNaive INCREMENTAL summary for rat99 (26 total runs): Cost=1219±3.2 | Gap=0.63%±0.27% | Time=1.96s±0.21s
2025-11-26 13:48:20,197 - INFO -     ✓ Checkpoint saved: rat99_HybridNaive.json
2025-11-26 13:48:20,248 - INFO -   [3/4] HybridOptimized (GPU): Resuming: 22/26 runs exist, completing remaining 4
2025-11-26 13:48:20,249 - INFO - GeneticAlgorithmHybridOptimized initialized: pop_size=256, mutation_rate=0.02, tournament_k=5, 2opt_iters=10
2025-11-26 13:48:20,249 - INFO - Loaded batch kernels: two_opt_batch, cost_calculator
2025-11-26 13:48:20,249 - INFO - 
  [HybridOptimized] INCREMENTAL MODE: Extending rat99 from 22 to 26 runs
2025-11-26 13:48:20,249 - INFO -     Backend: GPU | Early stopping: patience=19 (adaptive: 2×√99) | New repetitions: 4
2025-11-26 13:48:20,249 - INFO -     Run 23/26 (new #1/4, seed=1068003014)...
2025-11-26 13:48:20,572 - INFO - Near-optimal solution reached at generation 11 (cost=1223.00, optimal=1211.00, gap=0.99%)
2025-11-26 13:48:20,572 - INFO - GeneticAlgorithmHybridOptimized evolution complete: best=1223.00, improvement=82.75%, H2D=1.19MB, D2H=1.14MB, kernels=121, stopped=hit_optimal
2025-11-26 13:48:20,572 - INFO -       → Completed in 0.32s | Cost: 1223 (gap: 0.99%) | Generations: 11/1970
2025-11-26 13:48:20,572 - INFO -     Run 24/26 (new #2/4, seed=90689278)...
2025-11-26 13:48:20,939 - INFO - Near-optimal solution reached at generation 13 (cost=1212.00, optimal=1211.00, gap=0.08%)
2025-11-26 13:48:20,939 - INFO - GeneticAlgorithmHybridOptimized evolution complete: best=1212.00, improvement=82.98%, H2D=1.32MB, D2H=1.34MB, kernels=143, stopped=hit_optimal
2025-11-26 13:48:20,939 - INFO -       → Completed in 0.37s | Cost: 1212 (gap: 0.08%) | Generations: 13/1970
2025-11-26 13:48:20,939 - INFO -     Run 25/26 (new #3/4, seed=1574472987)...
2025-11-26 13:48:21,252 - INFO - Near-optimal solution reached at generation 11 (cost=1221.00, optimal=1211.00, gap=0.83%)
2025-11-26 13:48:21,252 - INFO - GeneticAlgorithmHybridOptimized evolution complete: best=1221.00, improvement=83.39%, H2D=1.12MB, D2H=1.14MB, kernels=121, stopped=hit_optimal
2025-11-26 13:48:21,252 - INFO -       → Completed in 0.31s | Cost: 1221 (gap: 0.83%) | Generations: 11/1970
2025-11-26 13:48:21,252 - INFO -     Run 26/26 (new #4/4, seed=1107029863)...
2025-11-26 13:48:21,591 - INFO - Near-optimal solution reached at generation 12 (cost=1221.00, optimal=1211.00, gap=0.83%)
2025-11-26 13:48:21,591 - INFO - GeneticAlgorithmHybridOptimized evolution complete: best=1221.00, improvement=82.87%, H2D=1.22MB, D2H=1.24MB, kernels=132, stopped=hit_optimal
2025-11-26 13:48:21,591 - INFO -       → Completed in 0.34s | Cost: 1221 (gap: 0.83%) | Generations: 12/1970
2025-11-26 13:48:21,592 - INFO - 
    ✓ HybridOptimized INCREMENTAL summary for rat99 (26 total runs): Cost=1217±4.0 | Gap=0.53%±0.33% | Time=0.35s±0.06s
2025-11-26 13:48:21,602 - INFO -     ✓ Checkpoint saved: rat99_HybridOptimized.json
2025-11-26 13:48:21,651 - INFO -   [4/4] FullGPU (GPU): Resuming: 22/26 runs exist, completing remaining 4
2025-11-26 13:48:21,651 - INFO - GeneticAlgorithmFullGPUEarlyStop initialized: pop_size=256, mutation_rate=0.02, tournament_k=5, 2opt_iters=10
2025-11-26 13:48:21,652 - INFO - Loaded Fujimoto GA kernel with early stopping support
2025-11-26 13:48:21,652 - INFO - 
  [FullGPU] INCREMENTAL MODE: Extending rat99 from 22 to 26 runs
2025-11-26 13:48:21,652 - INFO -     Backend: GPU | Early stopping: patience=19 (adaptive: 2×√99) | New repetitions: 4
2025-11-26 13:48:21,652 - INFO -     Run 23/26 (new #1/4, seed=1101931267)...
2025-11-26 13:48:21,653 - INFO - FullGPUEarlyStop: Launching kernel (max=1970 gens, optimal=1211.0, patience=19)
2025-11-26 13:48:22,327 - INFO - FullGPUEarlyStop complete: best=1216.00, improvement=83.57%, gens=27/1970, stopped=hit_optimal, H2D=0.07MB, D2H=0.00MB, kernels=3
2025-11-26 13:48:22,327 - INFO -       → Completed in 0.67s | Cost: 1216 (gap: 0.41%) | Generations: 27/1970
2025-11-26 13:48:22,327 - INFO -     Run 24/26 (new #2/4, seed=493978427)...
2025-11-26 13:48:22,328 - INFO - FullGPUEarlyStop: Launching kernel (max=1970 gens, optimal=1211.0, patience=19)
2025-11-26 13:48:23,670 - INFO - FullGPUEarlyStop complete: best=1211.00, improvement=83.64%, gens=54/1970, stopped=hit_optimal, H2D=0.07MB, D2H=0.00MB, kernels=3
2025-11-26 13:48:23,670 - INFO -       → Completed in 1.34s | Cost: 1211 (gap: 0.00%) | Generations: 54/1970
2025-11-26 13:48:23,670 - INFO -     Run 25/26 (new #3/4, seed=365151575)...
2025-11-26 13:48:23,671 - INFO - FullGPUEarlyStop: Launching kernel (max=1970 gens, optimal=1211.0, patience=19)
2025-11-26 13:48:24,948 - INFO - FullGPUEarlyStop complete: best=1216.00, improvement=83.57%, gens=51/1970, stopped=hit_optimal, H2D=0.07MB, D2H=0.00MB, kernels=3
2025-11-26 13:48:24,949 - INFO -       → Completed in 1.28s | Cost: 1216 (gap: 0.41%) | Generations: 51/1970
2025-11-26 13:48:24,949 - INFO -     Run 26/26 (new #4/4, seed=142060224)...
2025-11-26 13:48:24,950 - INFO - FullGPUEarlyStop: Launching kernel (max=1970 gens, optimal=1211.0, patience=19)
2025-11-26 13:48:26,035 - INFO - FullGPUEarlyStop complete: best=1214.00, improvement=83.60%, gens=43/1970, stopped=hit_optimal, H2D=0.07MB, D2H=0.00MB, kernels=3
2025-11-26 13:48:26,035 - INFO -       → Completed in 1.09s | Cost: 1214 (gap: 0.25%) | Generations: 43/1970
2025-11-26 13:48:26,037 - INFO - 
    ✓ FullGPU INCREMENTAL summary for rat99 (26 total runs): Cost=1215±3.1 | Gap=0.35%±0.26% | Time=1.65s±0.43s
2025-11-26 13:48:26,047 - INFO -     ✓ Checkpoint saved: rat99_FullGPU.json
2025-11-26 13:48:26,092 - INFO - 
────────────────────────────────────────────────────────────────────────────────
2025-11-26 13:48:26,092 - INFO - STATISTICS FOR rat99
2025-11-26 13:48:26,092 - INFO - ────────────────────────────────────────────────────────────────────────────────
2025-11-26 13:48:26,092 - INFO - 
Statistical Analysis: rat99
2025-11-26 13:48:26,092 - INFO - --------------------------------------------------------------------------------
2025-11-26 13:48:26,098 - INFO - Friedman Test (k=4 algorithms):
2025-11-26 13:48:26,098 - INFO -   Statistic: 22.0040
2025-11-26 13:48:26,098 - INFO -   p-value: 0.000065
2025-11-26 13:48:26,098 - INFO -   Significant: True
2025-11-26 13:48:26,107 - INFO - 
Nemenyi Post-Hoc Test:
2025-11-26 13:48:26,117 - INFO -   Critical distance: 1.3009
2025-11-26 13:48:26,117 - INFO -   Mean ranks:
2025-11-26 13:48:26,117 - INFO -     CPU: 3.23
2025-11-26 13:48:26,117 - INFO -     HybridNaive: 2.73
2025-11-26 13:48:26,118 - INFO -     HybridOptimized: 2.40
2025-11-26 13:48:26,118 - INFO -     FullGPU: 1.63
2025-11-26 13:48:26,118 - INFO - 
  Significant pairwise differences:
2025-11-26 13:48:26,118 - INFO -     CPU vs FullGPU: rank_diff=1.60, p=0.0000
2025-11-26 13:48:26,118 - INFO -     HybridNaive vs FullGPU: rank_diff=1.10, p=0.0118
2025-11-26 13:48:26,118 - INFO - 
Pairwise Comparisons:
2025-11-26 13:48:26,118 - INFO - Following statistical methodology:
2025-11-26 13:48:26,118 - INFO -   - Normality testing (Shapiro-Wilk)
2025-11-26 13:48:26,118 - INFO -   - Test selection (paired t-test vs Wilcoxon)
2025-11-26 13:48:26,118 - INFO -   - Effect size (Cohen's d)
2025-11-26 13:48:26,118 - INFO -   - 95% Confidence Intervals
2025-11-26 13:48:26,118 - INFO -   - Holm-Bonferroni multiple comparison correction

2025-11-26 13:48:26,120 - INFO -   CPU vs HybridNaive:
2025-11-26 13:48:26,120 - INFO -     Normality (Shapiro-Wilk):
2025-11-26 13:48:26,120 - INFO -       CPU: p=0.0048 (non-normal)
2025-11-26 13:48:26,120 - INFO -       HybridNaive: p=0.1848 (normal)
2025-11-26 13:48:26,120 - INFO -     Test selected: wilcoxon_signed_rank
2025-11-26 13:48:26,120 - INFO -     Mean difference: 0.96
2025-11-26 13:48:26,120 - INFO -     95% CI difference: [-0.60, 2.53]
2025-11-26 13:48:26,120 - INFO -     p-value (uncorrected): 0.186510
2025-11-26 13:48:26,120 - INFO -     Cohen's d: 0.3021
2025-11-26 13:48:26,120 - INFO -     Effect size interpretation: small
2025-11-26 13:48:26,121 - INFO -   CPU vs HybridOptimized:
2025-11-26 13:48:26,121 - INFO -     Normality (Shapiro-Wilk):
2025-11-26 13:48:26,121 - INFO -       CPU: p=0.0048 (non-normal)
2025-11-26 13:48:26,121 - INFO -       HybridOptimized: p=0.0119 (non-normal)
2025-11-26 13:48:26,121 - INFO -     Test selected: wilcoxon_signed_rank
2025-11-26 13:48:26,121 - INFO -     Mean difference: 2.19
2025-11-26 13:48:26,122 - INFO -     95% CI difference: [0.39, 4.00]
2025-11-26 13:48:26,122 - INFO -     p-value (uncorrected): 0.030428
2025-11-26 13:48:26,122 - INFO -     Cohen's d: 0.6106
2025-11-26 13:48:26,122 - INFO -     Effect size interpretation: medium
2025-11-26 13:48:26,124 - INFO -   CPU vs FullGPU:
2025-11-26 13:48:26,124 - INFO -     Normality (Shapiro-Wilk):
2025-11-26 13:48:26,124 - INFO -       CPU: p=0.0048 (non-normal)
2025-11-26 13:48:26,124 - INFO -       FullGPU: p=0.0632 (normal)
2025-11-26 13:48:26,124 - INFO -     Test selected: wilcoxon_signed_rank
2025-11-26 13:48:26,124 - INFO -     Mean difference: 4.31
2025-11-26 13:48:26,124 - INFO -     95% CI difference: [2.59, 6.02]
2025-11-26 13:48:26,125 - INFO -     p-value (uncorrected): 0.000259
2025-11-26 13:48:26,125 - INFO -     Cohen's d: 1.3684
2025-11-26 13:48:26,125 - INFO -     Effect size interpretation: large
2025-11-26 13:48:26,126 - INFO -   HybridNaive vs HybridOptimized:
2025-11-26 13:48:26,126 - INFO -     Normality (Shapiro-Wilk):
2025-11-26 13:48:26,126 - INFO -       HybridNaive: p=0.1848 (normal)
2025-11-26 13:48:26,126 - INFO -       HybridOptimized: p=0.0119 (non-normal)
2025-11-26 13:48:26,126 - INFO -     Test selected: wilcoxon_signed_rank
2025-11-26 13:48:26,126 - INFO -     Mean difference: 1.23
2025-11-26 13:48:26,126 - INFO -     95% CI difference: [-1.01, 3.47]
2025-11-26 13:48:26,126 - INFO -     p-value (uncorrected): 0.296101
2025-11-26 13:48:26,126 - INFO -     Cohen's d: 0.3351
2025-11-26 13:48:26,126 - INFO -     Effect size interpretation: small
2025-11-26 13:48:26,128 - INFO -   HybridNaive vs FullGPU:
2025-11-26 13:48:26,128 - INFO -     Normality (Shapiro-Wilk):
2025-11-26 13:48:26,128 - INFO -       HybridNaive: p=0.1848 (normal)
2025-11-26 13:48:26,128 - INFO -       FullGPU: p=0.0632 (normal)
2025-11-26 13:48:26,128 - INFO -     Test selected: paired_t_test
2025-11-26 13:48:26,128 - INFO -     Mean difference: 3.35
2025-11-26 13:48:26,128 - INFO -     95% CI difference: [1.58, 5.12]
2025-11-26 13:48:26,128 - INFO -     p-value (uncorrected): 0.000650
2025-11-26 13:48:26,128 - INFO -     Cohen's d: 1.0324
2025-11-26 13:48:26,128 - INFO -     Effect size interpretation: large
2025-11-26 13:48:26,131 - INFO -   HybridOptimized vs FullGPU:
2025-11-26 13:48:26,131 - INFO -     Normality (Shapiro-Wilk):
2025-11-26 13:48:26,131 - INFO -       HybridOptimized: p=0.0119 (non-normal)
2025-11-26 13:48:26,131 - INFO -       FullGPU: p=0.0632 (normal)
2025-11-26 13:48:26,131 - INFO -     Test selected: wilcoxon_signed_rank
2025-11-26 13:48:26,131 - INFO -     Mean difference: 2.12
2025-11-26 13:48:26,131 - INFO -     95% CI difference: [0.37, 3.86]
2025-11-26 13:48:26,131 - INFO -     p-value (uncorrected): 0.023576
2025-11-26 13:48:26,131 - INFO -     Cohen's d: 0.5808
2025-11-26 13:48:26,131 - INFO -     Effect size interpretation: medium
2025-11-26 13:48:26,131 - INFO - 
  Multiple Comparison Correction (Holm-Bonferroni, α=0.05):
2025-11-26 13:48:26,131 - INFO -     CPU vs HybridNaive:
2025-11-26 13:48:26,132 - INFO -       Original p-value: 0.186510
2025-11-26 13:48:26,132 - INFO -       Adjusted p-value: 0.373019
2025-11-26 13:48:26,132 - INFO -       Significant (after correction): False
2025-11-26 13:48:26,132 - INFO -     CPU vs HybridOptimized:
2025-11-26 13:48:26,132 - INFO -       Original p-value: 0.030428
2025-11-26 13:48:26,132 - INFO -       Adjusted p-value: 0.094304
2025-11-26 13:48:26,132 - INFO -       Significant (after correction): False
2025-11-26 13:48:26,132 - INFO -     CPU vs FullGPU:
2025-11-26 13:48:26,132 - INFO -       Original p-value: 0.000259
2025-11-26 13:48:26,132 - INFO -       Adjusted p-value: 0.001556
2025-11-26 13:48:26,132 - INFO -       Significant (after correction): True
2025-11-26 13:48:26,132 - INFO -     HybridNaive vs HybridOptimized:
2025-11-26 13:48:26,132 - INFO -       Original p-value: 0.296101
2025-11-26 13:48:26,132 - INFO -       Adjusted p-value: 0.373019
2025-11-26 13:48:26,132 - INFO -       Significant (after correction): False
2025-11-26 13:48:26,132 - INFO -     HybridNaive vs FullGPU:
2025-11-26 13:48:26,132 - INFO -       Original p-value: 0.000650
2025-11-26 13:48:26,132 - INFO -       Adjusted p-value: 0.003248
2025-11-26 13:48:26,132 - INFO -       Significant (after correction): True
2025-11-26 13:48:26,132 - INFO -     HybridOptimized vs FullGPU:
2025-11-26 13:48:26,133 - INFO -       Original p-value: 0.023576
2025-11-26 13:48:26,133 - INFO -       Adjusted p-value: 0.094304
2025-11-26 13:48:26,133 - INFO -       Significant (after correction): False
2025-11-26 13:48:26,133 - INFO - 
Summary: rat99 (optimal=1211.0)
2025-11-26 13:48:26,133 - INFO - --------------------------------------------------------------------------------
2025-11-26 13:48:26,133 - INFO - Algorithm            Mean Cost       Gap (%)      Time (s)     H2D (MB)     D2H (MB)    
2025-11-26 13:48:26,133 - INFO - --------------------------------------------------------------------------------
2025-11-26 13:48:26,133 - INFO - CPU                  1219.58         0.71         188.04       0.00         0.00        
2025-11-26 13:48:26,133 - INFO - HybridNaive          1218.62         0.63         1.96         2.16         1.22        
2025-11-26 13:48:26,133 - INFO - HybridOptimized      1217.38         0.53         0.35         1.21         1.22        
2025-11-26 13:48:26,133 - INFO - FullGPU              1215.27         0.35         1.65         0.08         0.00        
2025-11-26 13:48:26,133 - INFO - 
Speedups (relative to baseline):
2025-11-26 13:48:26,133 - INFO -   CPU: 1.00x (baseline)
2025-11-26 13:48:26,133 - INFO -   HybridNaive: 95.81x vs CPU
2025-11-26 13:48:26,133 - INFO -   HybridOptimized: 543.15x vs CPU
2025-11-26 13:48:26,133 - INFO -   FullGPU: 113.84x vs CPU
2025-11-26 13:48:26,133 - INFO - 
2025-11-26 13:48:26,137 - INFO - ✓ Problem statistics saved: rat99_stats.json

2025-11-26 13:48:26,184 - INFO - 
================================================================================
2025-11-26 13:48:26,184 - INFO - PROBLEM 7/38: kroA100
2025-11-26 13:48:26,184 - INFO - Size: 100 cities | Optimal: 21282.0
2025-11-26 13:48:26,185 - INFO - ================================================================================
2025-11-26 13:48:26,185 - INFO - Running 4 algorithm(s) (n≤100)

2025-11-26 13:48:26,207 - INFO -   [1/4] CPU (CPU): Resuming: 22/26 runs exist, completing remaining 4
2025-11-26 13:48:26,208 - INFO - GeneticAlgorithmCPU initialized: pop_size=256, mutation_rate=0.02, tournament_k=5, 2opt_iters=10
2025-11-26 13:48:26,208 - INFO - 
  [CPU] INCREMENTAL MODE: Extending kroA100 from 22 to 26 runs
2025-11-26 13:48:26,208 - INFO -     Backend: CPU | Early stopping: patience=20 (adaptive: 2×√100) | New repetitions: 4
2025-11-26 13:48:26,209 - INFO -     Run 23/26 (new #1/4, seed=1609115091)...
2025-11-26 13:51:14,486 - INFO - Near-optimal solution reached at generation 11 (cost=21368.00, optimal=21282.00, gap=0.40%)
2025-11-26 13:51:14,486 - INFO - GeneticAlgorithmCPU evolution complete: best=21368.00, improvement=85.43%, H2D=0.00MB, D2H=0.00MB, kernels=0, stopped=hit_optimal
2025-11-26 13:51:14,487 - INFO -       → Completed in 168.28s | Cost: 21368 (gap: 0.40%) | Generations: 11/2000
2025-11-26 13:51:14,487 - INFO -     Run 24/26 (new #2/4, seed=808467065)...
2025-11-26 13:54:03,292 - INFO - Near-optimal solution reached at generation 11 (cost=21415.00, optimal=21282.00, gap=0.62%)
2025-11-26 13:54:03,293 - INFO - GeneticAlgorithmCPU evolution complete: best=21415.00, improvement=85.51%, H2D=0.00MB, D2H=0.00MB, kernels=0, stopped=hit_optimal
2025-11-26 13:54:03,293 - INFO -       → Completed in 168.81s | Cost: 21415 (gap: 0.62%) | Generations: 11/2000
2025-11-26 13:54:03,293 - INFO -     Run 25/26 (new #3/4, seed=1805260577)...
2025-11-26 13:56:39,498 - INFO - Near-optimal solution reached at generation 10 (cost=21355.00, optimal=21282.00, gap=0.34%)
2025-11-26 13:56:39,498 - INFO - GeneticAlgorithmCPU evolution complete: best=21355.00, improvement=85.73%, H2D=0.00MB, D2H=0.00MB, kernels=0, stopped=hit_optimal
2025-11-26 13:56:39,498 - INFO -       → Completed in 156.21s | Cost: 21355 (gap: 0.34%) | Generations: 10/2000
2025-11-26 13:56:39,499 - INFO -     Run 26/26 (new #4/4, seed=798774925)...
2025-11-26 13:59:28,269 - INFO - Near-optimal solution reached at generation 11 (cost=21466.00, optimal=21282.00, gap=0.86%)
2025-11-26 13:59:28,269 - INFO - GeneticAlgorithmCPU evolution complete: best=21466.00, improvement=85.46%, H2D=0.00MB, D2H=0.00MB, kernels=0, stopped=hit_optimal
2025-11-26 13:59:28,269 - INFO -       → Completed in 168.77s | Cost: 21466 (gap: 0.86%) | Generations: 11/2000
2025-11-26 13:59:28,270 - INFO - 
    ✓ CPU INCREMENTAL summary for kroA100 (26 total runs): Cost=21383±62.0 | Gap=0.47%±0.29% | Time=185.08s±29.91s
2025-11-26 13:59:28,278 - INFO -     ✓ Checkpoint saved: kroA100_CPU.json
2025-11-26 13:59:28,324 - INFO -   [2/4] HybridNaive (GPU): Resuming: 22/26 runs exist, completing remaining 4
2025-11-26 13:59:28,324 - INFO - GeneticAlgorithmHybridNaive initialized: pop_size=256, mutation_rate=0.02, tournament_k=5, 2opt_iters=10
2025-11-26 13:59:28,325 - INFO - Loaded two_opt_kernel for naive hybrid
2025-11-26 13:59:28,325 - INFO - 
  [HybridNaive] INCREMENTAL MODE: Extending kroA100 from 22 to 26 runs
2025-11-26 13:59:28,325 - INFO -     Backend: GPU | Early stopping: patience=20 (adaptive: 2×√100) | New repetitions: 4
2025-11-26 13:59:28,325 - INFO -     Run 23/26 (new #1/4, seed=818344731)...
2025-11-26 13:59:29,961 - INFO - Near-optimal solution reached at generation 10 (cost=21453.00, optimal=21282.00, gap=0.80%)
2025-11-26 13:59:29,961 - INFO - GeneticAlgorithmHybridNaive evolution complete: best=21453.00, improvement=85.37%, H2D=1.82MB, D2H=1.02MB, kernels=25600, stopped=hit_optimal
2025-11-26 13:59:29,961 - INFO -       → Completed in 1.64s | Cost: 21453 (gap: 0.80%) | Generations: 10/2000
2025-11-26 13:59:29,961 - INFO -     Run 24/26 (new #2/4, seed=405758680)...
2025-11-26 13:59:31,786 - INFO - Near-optimal solution reached at generation 11 (cost=21388.00, optimal=21282.00, gap=0.50%)
2025-11-26 13:59:31,786 - INFO - GeneticAlgorithmHybridNaive evolution complete: best=21388.00, improvement=85.73%, H2D=2.01MB, D2H=1.13MB, kernels=28160, stopped=hit_optimal
2025-11-26 13:59:31,786 - INFO -       → Completed in 1.82s | Cost: 21388 (gap: 0.50%) | Generations: 11/2000
2025-11-26 13:59:31,786 - INFO -     Run 25/26 (new #3/4, seed=104367553)...
2025-11-26 13:59:33,483 - INFO - Near-optimal solution reached at generation 10 (cost=21465.00, optimal=21282.00, gap=0.86%)
2025-11-26 13:59:33,483 - INFO - GeneticAlgorithmHybridNaive evolution complete: best=21465.00, improvement=85.67%, H2D=1.82MB, D2H=1.02MB, kernels=25600, stopped=hit_optimal
2025-11-26 13:59:33,483 - INFO -       → Completed in 1.70s | Cost: 21465 (gap: 0.86%) | Generations: 10/2000
2025-11-26 13:59:33,483 - INFO -     Run 26/26 (new #4/4, seed=1194494504)...
2025-11-26 13:59:35,272 - INFO - Near-optimal solution reached at generation 11 (cost=21418.00, optimal=21282.00, gap=0.64%)
2025-11-26 13:59:35,272 - INFO - GeneticAlgorithmHybridNaive evolution complete: best=21418.00, improvement=85.54%, H2D=2.01MB, D2H=1.13MB, kernels=28160, stopped=hit_optimal
2025-11-26 13:59:35,272 - INFO -       → Completed in 1.79s | Cost: 21418 (gap: 0.64%) | Generations: 11/2000
2025-11-26 13:59:35,273 - INFO - 
    ✓ HybridNaive INCREMENTAL summary for kroA100 (26 total runs): Cost=21382±63.3 | Gap=0.47%±0.30% | Time=1.81s±0.18s
2025-11-26 13:59:35,283 - INFO -     ✓ Checkpoint saved: kroA100_HybridNaive.json
2025-11-26 13:59:35,329 - INFO -   [3/4] HybridOptimized (GPU): Resuming: 22/26 runs exist, completing remaining 4
2025-11-26 13:59:35,329 - INFO - GeneticAlgorithmHybridOptimized initialized: pop_size=256, mutation_rate=0.02, tournament_k=5, 2opt_iters=10
2025-11-26 13:59:35,329 - INFO - Loaded batch kernels: two_opt_batch, cost_calculator
2025-11-26 13:59:35,329 - INFO - 
  [HybridOptimized] INCREMENTAL MODE: Extending kroA100 from 22 to 26 runs
2025-11-26 13:59:35,330 - INFO -     Backend: GPU | Early stopping: patience=20 (adaptive: 2×√100) | New repetitions: 4
2025-11-26 13:59:35,330 - INFO -     Run 23/26 (new #1/4, seed=1109464438)...
2025-11-26 13:59:35,592 - INFO - Near-optimal solution reached at generation 11 (cost=21415.00, optimal=21282.00, gap=0.62%)
2025-11-26 13:59:35,593 - INFO - GeneticAlgorithmHybridOptimized evolution complete: best=21415.00, improvement=85.40%, H2D=1.21MB, D2H=1.15MB, kernels=121, stopped=hit_optimal
2025-11-26 13:59:35,593 - INFO -       → Completed in 0.26s | Cost: 21415 (gap: 0.62%) | Generations: 11/2000
2025-11-26 13:59:35,593 - INFO -     Run 24/26 (new #2/4, seed=1884089109)...
2025-11-26 13:59:35,852 - INFO - Near-optimal solution reached at generation 11 (cost=21319.00, optimal=21282.00, gap=0.17%)
2025-11-26 13:59:35,852 - INFO - GeneticAlgorithmHybridOptimized evolution complete: best=21319.00, improvement=85.57%, H2D=1.13MB, D2H=1.15MB, kernels=121, stopped=hit_optimal
2025-11-26 13:59:35,852 - INFO -       → Completed in 0.26s | Cost: 21319 (gap: 0.17%) | Generations: 11/2000
2025-11-26 13:59:35,852 - INFO -     Run 25/26 (new #3/4, seed=1695956574)...
2025-11-26 13:59:36,091 - INFO - Near-optimal solution reached at generation 10 (cost=21491.00, optimal=21282.00, gap=0.98%)
2025-11-26 13:59:36,091 - INFO - GeneticAlgorithmHybridOptimized evolution complete: best=21491.00, improvement=85.64%, H2D=1.02MB, D2H=1.04MB, kernels=110, stopped=hit_optimal
2025-11-26 13:59:36,091 - INFO -       → Completed in 0.24s | Cost: 21491 (gap: 0.98%) | Generations: 10/2000
2025-11-26 13:59:36,091 - INFO -     Run 26/26 (new #4/4, seed=1979433405)...
2025-11-26 13:59:36,372 - INFO - Near-optimal solution reached at generation 12 (cost=21331.00, optimal=21282.00, gap=0.23%)
2025-11-26 13:59:36,372 - INFO - GeneticAlgorithmHybridOptimized evolution complete: best=21331.00, improvement=85.55%, H2D=1.23MB, D2H=1.25MB, kernels=132, stopped=hit_optimal
2025-11-26 13:59:36,372 - INFO -       → Completed in 0.28s | Cost: 21331 (gap: 0.23%) | Generations: 12/2000
2025-11-26 13:59:36,373 - INFO - 
    ✓ HybridOptimized INCREMENTAL summary for kroA100 (26 total runs): Cost=21364±65.2 | Gap=0.39%±0.31% | Time=0.30s±0.04s
2025-11-26 13:59:36,383 - INFO -     ✓ Checkpoint saved: kroA100_HybridOptimized.json
2025-11-26 13:59:36,429 - INFO -   [4/4] FullGPU (GPU): Resuming: 22/26 runs exist, completing remaining 4
2025-11-26 13:59:36,429 - INFO - GeneticAlgorithmFullGPUEarlyStop initialized: pop_size=256, mutation_rate=0.02, tournament_k=5, 2opt_iters=10
2025-11-26 13:59:36,430 - INFO - Loaded Fujimoto GA kernel with early stopping support
2025-11-26 13:59:36,430 - INFO - 
  [FullGPU] INCREMENTAL MODE: Extending kroA100 from 22 to 26 runs
2025-11-26 13:59:36,430 - INFO -     Backend: GPU | Early stopping: patience=20 (adaptive: 2×√100) | New repetitions: 4
2025-11-26 13:59:36,430 - INFO -     Run 23/26 (new #1/4, seed=1259211277)...
2025-11-26 13:59:36,431 - INFO - FullGPUEarlyStop: Launching kernel (max=2000 gens, optimal=21282.0, patience=20)
2025-11-26 13:59:37,100 - INFO - FullGPUEarlyStop complete: best=21282.00, improvement=84.88%, gens=24/2000, stopped=hit_optimal, H2D=0.08MB, D2H=0.00MB, kernels=3
2025-11-26 13:59:37,100 - INFO -       → Completed in 0.67s | Cost: 21282 (gap: 0.00%) | Generations: 24/2000
2025-11-26 13:59:37,101 - INFO -     Run 24/26 (new #2/4, seed=60789398)...
2025-11-26 13:59:37,101 - INFO - FullGPUEarlyStop: Launching kernel (max=2000 gens, optimal=21282.0, patience=20)
2025-11-26 13:59:37,898 - INFO - FullGPUEarlyStop complete: best=21292.00, improvement=84.87%, gens=30/2000, stopped=hit_optimal, H2D=0.08MB, D2H=0.00MB, kernels=3
2025-11-26 13:59:37,898 - INFO -       → Completed in 0.80s | Cost: 21292 (gap: 0.05%) | Generations: 30/2000
2025-11-26 13:59:37,899 - INFO -     Run 25/26 (new #3/4, seed=33431177)...
2025-11-26 13:59:37,899 - INFO - FullGPUEarlyStop: Launching kernel (max=2000 gens, optimal=21282.0, patience=20)
2025-11-26 13:59:38,696 - INFO - FullGPUEarlyStop complete: best=21292.00, improvement=84.87%, gens=30/2000, stopped=hit_optimal, H2D=0.08MB, D2H=0.00MB, kernels=3
2025-11-26 13:59:38,696 - INFO -       → Completed in 0.80s | Cost: 21292 (gap: 0.05%) | Generations: 30/2000
2025-11-26 13:59:38,696 - INFO -     Run 26/26 (new #4/4, seed=1815313293)...
2025-11-26 13:59:38,697 - INFO - FullGPUEarlyStop: Launching kernel (max=2000 gens, optimal=21282.0, patience=20)
2025-11-26 13:59:39,426 - INFO - FullGPUEarlyStop complete: best=21282.00, improvement=84.88%, gens=27/2000, stopped=hit_optimal, H2D=0.08MB, D2H=0.00MB, kernels=3
2025-11-26 13:59:39,426 - INFO -       → Completed in 0.73s | Cost: 21282 (gap: 0.00%) | Generations: 27/2000
2025-11-26 13:59:39,427 - INFO - 
    ✓ FullGPU INCREMENTAL summary for kroA100 (26 total runs): Cost=21285±4.9 | Gap=0.02%±0.02% | Time=1.37s±0.33s
2025-11-26 13:59:39,437 - INFO -     ✓ Checkpoint saved: kroA100_FullGPU.json
2025-11-26 13:59:39,485 - INFO - 
────────────────────────────────────────────────────────────────────────────────
2025-11-26 13:59:39,485 - INFO - STATISTICS FOR kroA100
2025-11-26 13:59:39,485 - INFO - ────────────────────────────────────────────────────────────────────────────────
2025-11-26 13:59:39,485 - INFO - 
Statistical Analysis: kroA100
2025-11-26 13:59:39,485 - INFO - --------------------------------------------------------------------------------
2025-11-26 13:59:39,489 - INFO - Friedman Test (k=4 algorithms):
2025-11-26 13:59:39,489 - INFO -   Statistic: 42.9130
2025-11-26 13:59:39,490 - INFO -   p-value: 0.000000
2025-11-26 13:59:39,490 - INFO -   Significant: True
2025-11-26 13:59:39,500 - INFO - 
Nemenyi Post-Hoc Test:
2025-11-26 13:59:39,510 - INFO -   Critical distance: 1.3009
2025-11-26 13:59:39,510 - INFO -   Mean ranks:
2025-11-26 13:59:39,510 - INFO -     CPU: 3.08
2025-11-26 13:59:39,510 - INFO -     HybridNaive: 3.04
2025-11-26 13:59:39,510 - INFO -     HybridOptimized: 2.79
2025-11-26 13:59:39,510 - INFO -     FullGPU: 1.10
2025-11-26 13:59:39,510 - INFO - 
  Significant pairwise differences:
2025-11-26 13:59:39,510 - INFO -     CPU vs FullGPU: rank_diff=1.98, p=0.0000
2025-11-26 13:59:39,510 - INFO -     HybridNaive vs FullGPU: rank_diff=1.94, p=0.0000
2025-11-26 13:59:39,510 - INFO -     HybridOptimized vs FullGPU: rank_diff=1.69, p=0.0000
2025-11-26 13:59:39,510 - INFO - 
Pairwise Comparisons:
2025-11-26 13:59:39,510 - INFO - Following statistical methodology:
2025-11-26 13:59:39,510 - INFO -   - Normality testing (Shapiro-Wilk)
2025-11-26 13:59:39,510 - INFO -   - Test selection (paired t-test vs Wilcoxon)
2025-11-26 13:59:39,511 - INFO -   - Effect size (Cohen's d)
2025-11-26 13:59:39,511 - INFO -   - 95% Confidence Intervals
2025-11-26 13:59:39,511 - INFO -   - Holm-Bonferroni multiple comparison correction

2025-11-26 13:59:39,512 - INFO -   CPU vs HybridNaive:
2025-11-26 13:59:39,512 - INFO -     Normality (Shapiro-Wilk):
2025-11-26 13:59:39,512 - INFO -       CPU: p=0.0542 (normal)
2025-11-26 13:59:39,512 - INFO -       HybridNaive: p=0.0832 (normal)
2025-11-26 13:59:39,512 - INFO -     Test selected: paired_t_test
2025-11-26 13:59:39,513 - INFO -     Mean difference: 0.50
2025-11-26 13:59:39,513 - INFO -     95% CI difference: [-28.72, 29.72]
2025-11-26 13:59:39,513 - INFO -     p-value (uncorrected): 0.972170
2025-11-26 13:59:39,513 - INFO -     Cohen's d: 0.0078
2025-11-26 13:59:39,513 - INFO -     Effect size interpretation: negligible
2025-11-26 13:59:39,515 - INFO -   CPU vs HybridOptimized:
2025-11-26 13:59:39,515 - INFO -     Normality (Shapiro-Wilk):
2025-11-26 13:59:39,515 - INFO -       CPU: p=0.0542 (normal)
2025-11-26 13:59:39,515 - INFO -       HybridOptimized: p=0.0291 (non-normal)
2025-11-26 13:59:39,515 - INFO -     Test selected: wilcoxon_signed_rank
2025-11-26 13:59:39,515 - INFO -     Mean difference: 18.65
2025-11-26 13:59:39,515 - INFO -     95% CI difference: [-17.06, 54.37]
2025-11-26 13:59:39,516 - INFO -     p-value (uncorrected): 0.281760
2025-11-26 13:59:39,516 - INFO -     Cohen's d: 0.2874
2025-11-26 13:59:39,516 - INFO -     Effect size interpretation: small
2025-11-26 13:59:39,517 - INFO -   CPU vs FullGPU:
2025-11-26 13:59:39,517 - INFO -     Normality (Shapiro-Wilk):
2025-11-26 13:59:39,517 - INFO -       CPU: p=0.0542 (normal)
2025-11-26 13:59:39,517 - INFO -       FullGPU: p=0.0000 (non-normal)
2025-11-26 13:59:39,518 - INFO -     Test selected: wilcoxon_signed_rank
2025-11-26 13:59:39,518 - INFO -     Mean difference: 97.65
2025-11-26 13:59:39,518 - INFO -     95% CI difference: [72.18, 123.13]
2025-11-26 13:59:39,518 - INFO -     p-value (uncorrected): 0.000012
2025-11-26 13:59:39,518 - INFO -     Cohen's d: 2.1759
2025-11-26 13:59:39,518 - INFO -     Effect size interpretation: large
2025-11-26 13:59:39,520 - INFO -   HybridNaive vs HybridOptimized:
2025-11-26 13:59:39,520 - INFO -     Normality (Shapiro-Wilk):
2025-11-26 13:59:39,520 - INFO -       HybridNaive: p=0.0832 (normal)
2025-11-26 13:59:39,520 - INFO -       HybridOptimized: p=0.0291 (non-normal)
2025-11-26 13:59:39,520 - INFO -     Test selected: wilcoxon_signed_rank
2025-11-26 13:59:39,520 - INFO -     Mean difference: 18.15
2025-11-26 13:59:39,520 - INFO -     95% CI difference: [-13.83, 50.14]
2025-11-26 13:59:39,520 - INFO -     p-value (uncorrected): 0.217967
2025-11-26 13:59:39,520 - INFO -     Cohen's d: 0.2770
2025-11-26 13:59:39,520 - INFO -     Effect size interpretation: small
2025-11-26 13:59:39,522 - INFO -   HybridNaive vs FullGPU:
2025-11-26 13:59:39,522 - INFO -     Normality (Shapiro-Wilk):
2025-11-26 13:59:39,522 - INFO -       HybridNaive: p=0.0832 (normal)
2025-11-26 13:59:39,522 - INFO -       FullGPU: p=0.0000 (non-normal)
2025-11-26 13:59:39,522 - INFO -     Test selected: wilcoxon_signed_rank
2025-11-26 13:59:39,522 - INFO -     Mean difference: 97.15
2025-11-26 13:59:39,522 - INFO -     95% CI difference: [70.88, 123.42]
2025-11-26 13:59:39,522 - INFO -     p-value (uncorrected): 0.000018
2025-11-26 13:59:39,522 - INFO -     Cohen's d: 2.1221
2025-11-26 13:59:39,522 - INFO -     Effect size interpretation: large
2025-11-26 13:59:39,524 - INFO -   HybridOptimized vs FullGPU:
2025-11-26 13:59:39,524 - INFO -     Normality (Shapiro-Wilk):
2025-11-26 13:59:39,524 - INFO -       HybridOptimized: p=0.0291 (non-normal)
2025-11-26 13:59:39,524 - INFO -       FullGPU: p=0.0000 (non-normal)
2025-11-26 13:59:39,524 - INFO -     Test selected: wilcoxon_signed_rank
2025-11-26 13:59:39,524 - INFO -     Mean difference: 79.00
2025-11-26 13:59:39,524 - INFO -     95% CI difference: [52.79, 105.21]
2025-11-26 13:59:39,525 - INFO -     p-value (uncorrected): 0.000018
2025-11-26 13:59:39,525 - INFO -     Cohen's d: 1.6749
2025-11-26 13:59:39,525 - INFO -     Effect size interpretation: large
2025-11-26 13:59:39,525 - INFO - 
  Multiple Comparison Correction (Holm-Bonferroni, α=0.05):
2025-11-26 13:59:39,525 - INFO -     CPU vs HybridNaive:
2025-11-26 13:59:39,525 - INFO -       Original p-value: 0.972170
2025-11-26 13:59:39,525 - INFO -       Adjusted p-value: 0.972170
2025-11-26 13:59:39,525 - INFO -       Significant (after correction): False
2025-11-26 13:59:39,525 - INFO -     CPU vs HybridOptimized:
2025-11-26 13:59:39,525 - INFO -       Original p-value: 0.281760
2025-11-26 13:59:39,525 - INFO -       Adjusted p-value: 0.653902
2025-11-26 13:59:39,525 - INFO -       Significant (after correction): False
2025-11-26 13:59:39,525 - INFO -     CPU vs FullGPU:
2025-11-26 13:59:39,525 - INFO -       Original p-value: 0.000012
2025-11-26 13:59:39,525 - INFO -       Adjusted p-value: 0.000074
2025-11-26 13:59:39,525 - INFO -       Significant (after correction): True
2025-11-26 13:59:39,525 - INFO -     HybridNaive vs HybridOptimized:
2025-11-26 13:59:39,525 - INFO -       Original p-value: 0.217967
2025-11-26 13:59:39,526 - INFO -       Adjusted p-value: 0.653902
2025-11-26 13:59:39,526 - INFO -       Significant (after correction): False
2025-11-26 13:59:39,526 - INFO -     HybridNaive vs FullGPU:
2025-11-26 13:59:39,526 - INFO -       Original p-value: 0.000018
2025-11-26 13:59:39,526 - INFO -       Adjusted p-value: 0.000091
2025-11-26 13:59:39,526 - INFO -       Significant (after correction): True
2025-11-26 13:59:39,526 - INFO -     HybridOptimized vs FullGPU:
2025-11-26 13:59:39,526 - INFO -       Original p-value: 0.000018
2025-11-26 13:59:39,526 - INFO -       Adjusted p-value: 0.000091
2025-11-26 13:59:39,526 - INFO -       Significant (after correction): True
2025-11-26 13:59:39,526 - INFO - 
Summary: kroA100 (optimal=21282.0)
2025-11-26 13:59:39,526 - INFO - --------------------------------------------------------------------------------
2025-11-26 13:59:39,526 - INFO - Algorithm            Mean Cost       Gap (%)      Time (s)     H2D (MB)     D2H (MB)    
2025-11-26 13:59:39,526 - INFO - --------------------------------------------------------------------------------
2025-11-26 13:59:39,526 - INFO - CPU                  21382.88        0.47         185.08       0.00         0.00        
2025-11-26 13:59:39,526 - INFO - HybridNaive          21382.38        0.47         1.81         1.92         1.08        
2025-11-26 13:59:39,526 - INFO - HybridOptimized      21364.23        0.39         0.30         1.15         1.15        
2025-11-26 13:59:39,526 - INFO - FullGPU              21285.23        0.02         1.37         0.08         0.00        
2025-11-26 13:59:39,526 - INFO - 
Speedups (relative to baseline):
2025-11-26 13:59:39,526 - INFO -   CPU: 1.00x (baseline)
2025-11-26 13:59:39,527 - INFO -   HybridNaive: 102.32x vs CPU
2025-11-26 13:59:39,527 - INFO -   HybridOptimized: 620.93x vs CPU
2025-11-26 13:59:39,527 - INFO -   FullGPU: 134.91x vs CPU
2025-11-26 13:59:39,527 - INFO - 
2025-11-26 13:59:39,532 - INFO - ✓ Problem statistics saved: kroA100_stats.json

2025-11-26 13:59:39,581 - INFO - 
================================================================================
2025-11-26 13:59:39,582 - INFO - PROBLEM 8/38: kroB100
2025-11-26 13:59:39,582 - INFO - Size: 100 cities | Optimal: 22141.0
2025-11-26 13:59:39,582 - INFO - ================================================================================
2025-11-26 13:59:39,582 - INFO - Running 4 algorithm(s) (n≤100)

2025-11-26 13:59:39,608 - INFO -   [1/4] CPU (CPU): Resuming: 22/26 runs exist, completing remaining 4
2025-11-26 13:59:39,609 - INFO - GeneticAlgorithmCPU initialized: pop_size=256, mutation_rate=0.02, tournament_k=5, 2opt_iters=10
2025-11-26 13:59:39,609 - INFO - 
  [CPU] INCREMENTAL MODE: Extending kroB100 from 22 to 26 runs
2025-11-26 13:59:39,609 - INFO -     Backend: CPU | Early stopping: patience=20 (adaptive: 2×√100) | New repetitions: 4
2025-11-26 13:59:39,610 - INFO -     Run 23/26 (new #1/4, seed=1997635805)...
2025-11-26 14:02:45,520 - INFO - Near-optimal solution reached at generation 12 (cost=22277.00, optimal=22141.00, gap=0.61%)
2025-11-26 14:02:45,520 - INFO - GeneticAlgorithmCPU evolution complete: best=22277.00, improvement=84.63%, H2D=0.00MB, D2H=0.00MB, kernels=0, stopped=hit_optimal
2025-11-26 14:02:45,520 - INFO -       → Completed in 185.91s | Cost: 22277 (gap: 0.61%) | Generations: 12/2000
2025-11-26 14:02:45,521 - INFO -     Run 24/26 (new #2/4, seed=1758646249)...
2025-11-26 14:05:36,036 - INFO - Near-optimal solution reached at generation 11 (cost=22284.00, optimal=22141.00, gap=0.65%)
2025-11-26 14:05:36,036 - INFO - GeneticAlgorithmCPU evolution complete: best=22284.00, improvement=84.68%, H2D=0.00MB, D2H=0.00MB, kernels=0, stopped=hit_optimal
2025-11-26 14:05:36,036 - INFO -       → Completed in 170.52s | Cost: 22284 (gap: 0.65%) | Generations: 11/2000
2025-11-26 14:05:36,037 - INFO -     Run 25/26 (new #3/4, seed=1975284705)...
2025-11-26 14:08:23,516 - INFO - Near-optimal solution reached at generation 11 (cost=22324.00, optimal=22141.00, gap=0.83%)
2025-11-26 14:08:23,516 - INFO - GeneticAlgorithmCPU evolution complete: best=22324.00, improvement=84.75%, H2D=0.00MB, D2H=0.00MB, kernels=0, stopped=hit_optimal
2025-11-26 14:08:23,516 - INFO -       → Completed in 167.48s | Cost: 22324 (gap: 0.83%) | Generations: 11/2000
2025-11-26 14:08:23,517 - INFO -     Run 26/26 (new #4/4, seed=1639115201)...
2025-11-26 14:11:09,712 - INFO - Near-optimal solution reached at generation 11 (cost=22263.00, optimal=22141.00, gap=0.55%)
2025-11-26 14:11:09,712 - INFO - GeneticAlgorithmCPU evolution complete: best=22263.00, improvement=84.96%, H2D=0.00MB, D2H=0.00MB, kernels=0, stopped=hit_optimal
2025-11-26 14:11:09,712 - INFO -       → Completed in 166.20s | Cost: 22263 (gap: 0.55%) | Generations: 11/2000
2025-11-26 14:11:09,713 - INFO - 
    ✓ CPU INCREMENTAL summary for kroB100 (26 total runs): Cost=22270±55.2 | Gap=0.58%±0.25% | Time=185.46s±23.13s
2025-11-26 14:11:09,722 - INFO -     ✓ Checkpoint saved: kroB100_CPU.json
2025-11-26 14:11:09,768 - INFO -   [2/4] HybridNaive (GPU): Resuming: 22/26 runs exist, completing remaining 4
2025-11-26 14:11:09,768 - INFO - GeneticAlgorithmHybridNaive initialized: pop_size=256, mutation_rate=0.02, tournament_k=5, 2opt_iters=10
2025-11-26 14:11:09,769 - INFO - Loaded two_opt_kernel for naive hybrid
2025-11-26 14:11:09,769 - INFO - 
  [HybridNaive] INCREMENTAL MODE: Extending kroB100 from 22 to 26 runs
2025-11-26 14:11:09,769 - INFO -     Backend: GPU | Early stopping: patience=20 (adaptive: 2×√100) | New repetitions: 4
2025-11-26 14:11:09,769 - INFO -     Run 23/26 (new #1/4, seed=138385436)...
2025-11-26 14:11:11,549 - INFO - Near-optimal solution reached at generation 11 (cost=22209.00, optimal=22141.00, gap=0.31%)
2025-11-26 14:11:11,549 - INFO - GeneticAlgorithmHybridNaive evolution complete: best=22209.00, improvement=84.68%, H2D=2.01MB, D2H=1.13MB, kernels=28160, stopped=hit_optimal
2025-11-26 14:11:11,549 - INFO -       → Completed in 1.78s | Cost: 22209 (gap: 0.31%) | Generations: 11/2000
2025-11-26 14:11:11,549 - INFO -     Run 24/26 (new #2/4, seed=1245341226)...
2025-11-26 14:11:13,482 - INFO - Near-optimal solution reached at generation 12 (cost=22211.00, optimal=22141.00, gap=0.32%)
2025-11-26 14:11:13,482 - INFO - GeneticAlgorithmHybridNaive evolution complete: best=22211.00, improvement=84.85%, H2D=2.19MB, D2H=1.23MB, kernels=30720, stopped=hit_optimal
2025-11-26 14:11:13,482 - INFO -       → Completed in 1.93s | Cost: 22211 (gap: 0.32%) | Generations: 12/2000
2025-11-26 14:11:13,482 - INFO -     Run 25/26 (new #3/4, seed=970272320)...
2025-11-26 14:11:15,362 - INFO - Near-optimal solution reached at generation 11 (cost=22232.00, optimal=22141.00, gap=0.41%)
2025-11-26 14:11:15,362 - INFO - GeneticAlgorithmHybridNaive evolution complete: best=22232.00, improvement=84.81%, H2D=2.01MB, D2H=1.13MB, kernels=28160, stopped=hit_optimal
2025-11-26 14:11:15,362 - INFO -       → Completed in 1.88s | Cost: 22232 (gap: 0.41%) | Generations: 11/2000
2025-11-26 14:11:15,362 - INFO -     Run 26/26 (new #4/4, seed=461635983)...
2025-11-26 14:11:17,273 - INFO - Near-optimal solution reached at generation 11 (cost=22305.00, optimal=22141.00, gap=0.74%)
2025-11-26 14:11:17,273 - INFO - GeneticAlgorithmHybridNaive evolution complete: best=22305.00, improvement=84.94%, H2D=2.01MB, D2H=1.13MB, kernels=28160, stopped=hit_optimal
2025-11-26 14:11:17,273 - INFO -       → Completed in 1.91s | Cost: 22305 (gap: 0.74%) | Generations: 11/2000
2025-11-26 14:11:17,274 - INFO - 
    ✓ HybridNaive INCREMENTAL summary for kroB100 (26 total runs): Cost=22272±60.0 | Gap=0.59%±0.27% | Time=1.91s±0.31s
2025-11-26 14:11:17,317 - INFO -     ✓ Checkpoint saved: kroB100_HybridNaive.json
2025-11-26 14:11:17,365 - INFO -   [3/4] HybridOptimized (GPU): Resuming: 22/26 runs exist, completing remaining 4
2025-11-26 14:11:17,365 - INFO - GeneticAlgorithmHybridOptimized initialized: pop_size=256, mutation_rate=0.02, tournament_k=5, 2opt_iters=10
2025-11-26 14:11:17,365 - INFO - Loaded batch kernels: two_opt_batch, cost_calculator
2025-11-26 14:11:17,365 - INFO - 
  [HybridOptimized] INCREMENTAL MODE: Extending kroB100 from 22 to 26 runs
2025-11-26 14:11:17,365 - INFO -     Backend: GPU | Early stopping: patience=20 (adaptive: 2×√100) | New repetitions: 4
2025-11-26 14:11:17,366 - INFO -     Run 23/26 (new #1/4, seed=289963424)...
2025-11-26 14:11:17,643 - INFO - Near-optimal solution reached at generation 11 (cost=22146.00, optimal=22141.00, gap=0.02%)
2025-11-26 14:11:17,643 - INFO - GeneticAlgorithmHybridOptimized evolution complete: best=22146.00, improvement=84.72%, H2D=1.21MB, D2H=1.15MB, kernels=121, stopped=hit_optimal
2025-11-26 14:11:17,643 - INFO -       → Completed in 0.28s | Cost: 22146 (gap: 0.02%) | Generations: 11/2000
2025-11-26 14:11:17,643 - INFO -     Run 24/26 (new #2/4, seed=975328086)...
2025-11-26 14:11:17,945 - INFO - Near-optimal solution reached at generation 10 (cost=22334.00, optimal=22141.00, gap=0.87%)
2025-11-26 14:11:17,945 - INFO - GeneticAlgorithmHybridOptimized evolution complete: best=22334.00, improvement=84.77%, H2D=1.02MB, D2H=1.04MB, kernels=110, stopped=hit_optimal
2025-11-26 14:11:17,945 - INFO -       → Completed in 0.30s | Cost: 22334 (gap: 0.87%) | Generations: 10/2000
2025-11-26 14:11:17,945 - INFO -     Run 25/26 (new #3/4, seed=878493395)...
2025-11-26 14:11:18,214 - INFO - Near-optimal solution reached at generation 11 (cost=22241.00, optimal=22141.00, gap=0.45%)
2025-11-26 14:11:18,214 - INFO - GeneticAlgorithmHybridOptimized evolution complete: best=22241.00, improvement=84.71%, H2D=1.13MB, D2H=1.15MB, kernels=121, stopped=hit_optimal
2025-11-26 14:11:18,214 - INFO -       → Completed in 0.27s | Cost: 22241 (gap: 0.45%) | Generations: 11/2000
2025-11-26 14:11:18,214 - INFO -     Run 26/26 (new #4/4, seed=285864278)...
2025-11-26 14:11:18,487 - INFO - Near-optimal solution reached at generation 11 (cost=22193.00, optimal=22141.00, gap=0.23%)
2025-11-26 14:11:18,487 - INFO - GeneticAlgorithmHybridOptimized evolution complete: best=22193.00, improvement=85.15%, H2D=1.13MB, D2H=1.15MB, kernels=121, stopped=hit_optimal
2025-11-26 14:11:18,487 - INFO -       → Completed in 0.27s | Cost: 22193 (gap: 0.23%) | Generations: 11/2000
2025-11-26 14:11:18,488 - INFO - 
    ✓ HybridOptimized INCREMENTAL summary for kroB100 (26 total runs): Cost=22262±65.4 | Gap=0.55%±0.30% | Time=0.34s±0.09s
2025-11-26 14:11:18,497 - INFO -     ✓ Checkpoint saved: kroB100_HybridOptimized.json
2025-11-26 14:11:18,544 - INFO -   [4/4] FullGPU (GPU): Resuming: 22/26 runs exist, completing remaining 4
2025-11-26 14:11:18,544 - INFO - GeneticAlgorithmFullGPUEarlyStop initialized: pop_size=256, mutation_rate=0.02, tournament_k=5, 2opt_iters=10
2025-11-26 14:11:18,545 - INFO - Loaded Fujimoto GA kernel with early stopping support
2025-11-26 14:11:18,545 - INFO - 
  [FullGPU] INCREMENTAL MODE: Extending kroB100 from 22 to 26 runs
2025-11-26 14:11:18,545 - INFO -     Backend: GPU | Early stopping: patience=20 (adaptive: 2×√100) | New repetitions: 4
2025-11-26 14:11:18,545 - INFO -     Run 23/26 (new #1/4, seed=521556753)...
2025-11-26 14:11:18,546 - INFO - FullGPUEarlyStop: Launching kernel (max=2000 gens, optimal=22141.0, patience=20)
2025-11-26 14:11:19,206 - INFO - FullGPUEarlyStop complete: best=22179.00, improvement=85.28%, gens=24/2000, stopped=hit_optimal, H2D=0.08MB, D2H=0.00MB, kernels=3
2025-11-26 14:11:19,206 - INFO -       → Completed in 0.66s | Cost: 22179 (gap: 0.17%) | Generations: 24/2000
2025-11-26 14:11:19,206 - INFO -     Run 24/26 (new #2/4, seed=947251481)...
2025-11-26 14:11:19,207 - INFO - FullGPUEarlyStop: Launching kernel (max=2000 gens, optimal=22141.0, patience=20)
2025-11-26 14:11:20,029 - INFO - FullGPUEarlyStop complete: best=22209.00, improvement=85.27%, gens=31/2000, stopped=hit_optimal, H2D=0.08MB, D2H=0.00MB, kernels=3
2025-11-26 14:11:20,029 - INFO -       → Completed in 0.82s | Cost: 22209 (gap: 0.31%) | Generations: 31/2000
2025-11-26 14:11:20,029 - INFO -     Run 25/26 (new #3/4, seed=522065006)...
2025-11-26 14:11:20,030 - INFO - FullGPUEarlyStop: Launching kernel (max=2000 gens, optimal=22141.0, patience=20)
2025-11-26 14:11:21,230 - INFO - FullGPUEarlyStop complete: best=22157.00, improvement=85.30%, gens=45/2000, stopped=hit_optimal, H2D=0.08MB, D2H=0.00MB, kernels=3
2025-11-26 14:11:21,230 - INFO -       → Completed in 1.20s | Cost: 22157 (gap: 0.07%) | Generations: 45/2000
2025-11-26 14:11:21,230 - INFO -     Run 26/26 (new #4/4, seed=1080336510)...
2025-11-26 14:11:21,231 - INFO - FullGPUEarlyStop: Launching kernel (max=2000 gens, optimal=22141.0, patience=20)
2025-11-26 14:11:22,317 - INFO - FullGPUEarlyStop complete: best=22157.00, improvement=85.30%, gens=40/2000, stopped=hit_optimal, H2D=0.08MB, D2H=0.00MB, kernels=3
2025-11-26 14:11:22,317 - INFO -       → Completed in 1.09s | Cost: 22157 (gap: 0.07%) | Generations: 40/2000
2025-11-26 14:11:22,318 - INFO - 
    ✓ FullGPU INCREMENTAL summary for kroB100 (26 total runs): Cost=22187±44.6 | Gap=0.21%±0.20% | Time=1.77s±0.56s
2025-11-26 14:11:22,327 - INFO -     ✓ Checkpoint saved: kroB100_FullGPU.json
2025-11-26 14:11:22,376 - INFO - 
────────────────────────────────────────────────────────────────────────────────
2025-11-26 14:11:22,376 - INFO - STATISTICS FOR kroB100
2025-11-26 14:11:22,376 - INFO - ────────────────────────────────────────────────────────────────────────────────
2025-11-26 14:11:22,376 - INFO - 
Statistical Analysis: kroB100
2025-11-26 14:11:22,376 - INFO - --------------------------------------------------------------------------------
2025-11-26 14:11:22,380 - INFO - Friedman Test (k=4 algorithms):
2025-11-26 14:11:22,380 - INFO -   Statistic: 27.2930
2025-11-26 14:11:22,380 - INFO -   p-value: 0.000005
2025-11-26 14:11:22,380 - INFO -   Significant: True
2025-11-26 14:11:22,390 - INFO - 
Nemenyi Post-Hoc Test:
2025-11-26 14:11:22,400 - INFO -   Critical distance: 1.3009
2025-11-26 14:11:22,400 - INFO -   Mean ranks:
2025-11-26 14:11:22,400 - INFO -     CPU: 2.92
2025-11-26 14:11:22,400 - INFO -     HybridNaive: 3.02
2025-11-26 14:11:22,400 - INFO -     HybridOptimized: 2.67
2025-11-26 14:11:22,400 - INFO -     FullGPU: 1.38
2025-11-26 14:11:22,400 - INFO - 
  Significant pairwise differences:
2025-11-26 14:11:22,400 - INFO -     CPU vs FullGPU: rank_diff=1.54, p=0.0001
2025-11-26 14:11:22,400 - INFO -     HybridNaive vs FullGPU: rank_diff=1.63, p=0.0000
2025-11-26 14:11:22,400 - INFO -     HybridOptimized vs FullGPU: rank_diff=1.29, p=0.0018
2025-11-26 14:11:22,401 - INFO - 
Pairwise Comparisons:
2025-11-26 14:11:22,401 - INFO - Following statistical methodology:
2025-11-26 14:11:22,401 - INFO -   - Normality testing (Shapiro-Wilk)
2025-11-26 14:11:22,401 - INFO -   - Test selection (paired t-test vs Wilcoxon)
2025-11-26 14:11:22,401 - INFO -   - Effect size (Cohen's d)
2025-11-26 14:11:22,401 - INFO -   - 95% Confidence Intervals
2025-11-26 14:11:22,401 - INFO -   - Holm-Bonferroni multiple comparison correction

2025-11-26 14:11:22,403 - INFO -   CPU vs HybridNaive:
2025-11-26 14:11:22,403 - INFO -     Normality (Shapiro-Wilk):
2025-11-26 14:11:22,403 - INFO -       CPU: p=0.6154 (normal)
2025-11-26 14:11:22,403 - INFO -       HybridNaive: p=0.1317 (normal)
2025-11-26 14:11:22,403 - INFO -     Test selected: paired_t_test
2025-11-26 14:11:22,403 - INFO -     Mean difference: -1.85
2025-11-26 14:11:22,403 - INFO -     95% CI difference: [-39.50, 35.81]
2025-11-26 14:11:22,404 - INFO -     p-value (uncorrected): 0.920371
2025-11-26 14:11:22,404 - INFO -     Cohen's d: -0.0314
2025-11-26 14:11:22,404 - INFO -     Effect size interpretation: negligible
2025-11-26 14:11:22,406 - INFO -   CPU vs HybridOptimized:
2025-11-26 14:11:22,406 - INFO -     Normality (Shapiro-Wilk):
2025-11-26 14:11:22,406 - INFO -       CPU: p=0.6154 (normal)
2025-11-26 14:11:22,406 - INFO -       HybridOptimized: p=0.0245 (non-normal)
2025-11-26 14:11:22,407 - INFO -     Test selected: wilcoxon_signed_rank
2025-11-26 14:11:22,407 - INFO -     Mean difference: 8.42
2025-11-26 14:11:22,407 - INFO -     95% CI difference: [-30.43, 47.27]
2025-11-26 14:11:22,407 - INFO -     p-value (uncorrected): 0.593727
2025-11-26 14:11:22,407 - INFO -     Cohen's d: 0.1365
2025-11-26 14:11:22,407 - INFO -     Effect size interpretation: negligible
2025-11-26 14:11:22,409 - INFO -   CPU vs FullGPU:
2025-11-26 14:11:22,409 - INFO -     Normality (Shapiro-Wilk):
2025-11-26 14:11:22,410 - INFO -       CPU: p=0.6154 (normal)
2025-11-26 14:11:22,410 - INFO -       FullGPU: p=0.0011 (non-normal)
2025-11-26 14:11:22,410 - INFO -     Test selected: wilcoxon_signed_rank
2025-11-26 14:11:22,410 - INFO -     Mean difference: 83.46
2025-11-26 14:11:22,410 - INFO -     95% CI difference: [52.29, 114.64]
2025-11-26 14:11:22,410 - INFO -     p-value (uncorrected): 0.000266
2025-11-26 14:11:22,410 - INFO -     Cohen's d: 1.6300
2025-11-26 14:11:22,410 - INFO -     Effect size interpretation: large
2025-11-26 14:11:22,413 - INFO -   HybridNaive vs HybridOptimized:
2025-11-26 14:11:22,413 - INFO -     Normality (Shapiro-Wilk):
2025-11-26 14:11:22,413 - INFO -       HybridNaive: p=0.1317 (normal)
2025-11-26 14:11:22,413 - INFO -       HybridOptimized: p=0.0245 (non-normal)
2025-11-26 14:11:22,413 - INFO -     Test selected: wilcoxon_signed_rank
2025-11-26 14:11:22,413 - INFO -     Mean difference: 10.27
2025-11-26 14:11:22,413 - INFO -     95% CI difference: [-25.38, 45.92]
2025-11-26 14:11:22,413 - INFO -     p-value (uncorrected): 0.676609
2025-11-26 14:11:22,413 - INFO -     Cohen's d: 0.1605
2025-11-26 14:11:22,413 - INFO -     Effect size interpretation: negligible
2025-11-26 14:11:22,416 - INFO -   HybridNaive vs FullGPU:
2025-11-26 14:11:22,416 - INFO -     Normality (Shapiro-Wilk):
2025-11-26 14:11:22,416 - INFO -       HybridNaive: p=0.1317 (normal)
2025-11-26 14:11:22,416 - INFO -       FullGPU: p=0.0011 (non-normal)
2025-11-26 14:11:22,416 - INFO -     Test selected: wilcoxon_signed_rank
2025-11-26 14:11:22,416 - INFO -     Mean difference: 85.31
2025-11-26 14:11:22,416 - INFO -     95% CI difference: [58.14, 112.48]
2025-11-26 14:11:22,416 - INFO -     p-value (uncorrected): 0.000046
2025-11-26 14:11:22,416 - INFO -     Cohen's d: 1.5823
2025-11-26 14:11:22,416 - INFO -     Effect size interpretation: large
2025-11-26 14:11:22,419 - INFO -   HybridOptimized vs FullGPU:
2025-11-26 14:11:22,420 - INFO -     Normality (Shapiro-Wilk):
2025-11-26 14:11:22,420 - INFO -       HybridOptimized: p=0.0245 (non-normal)
2025-11-26 14:11:22,420 - INFO -       FullGPU: p=0.0011 (non-normal)
2025-11-26 14:11:22,420 - INFO -     Test selected: wilcoxon_signed_rank
2025-11-26 14:11:22,420 - INFO -     Mean difference: 75.04
2025-11-26 14:11:22,420 - INFO -     95% CI difference: [39.89, 110.19]
2025-11-26 14:11:22,420 - INFO -     p-value (uncorrected): 0.000412
2025-11-26 14:11:22,420 - INFO -     Cohen's d: 1.3147
2025-11-26 14:11:22,420 - INFO -     Effect size interpretation: large
2025-11-26 14:11:22,420 - INFO - 
  Multiple Comparison Correction (Holm-Bonferroni, α=0.05):
2025-11-26 14:11:22,420 - INFO -     CPU vs HybridNaive:
2025-11-26 14:11:22,420 - INFO -       Original p-value: 0.920371
2025-11-26 14:11:22,420 - INFO -       Adjusted p-value: 1.000000
2025-11-26 14:11:22,420 - INFO -       Significant (after correction): False
2025-11-26 14:11:22,420 - INFO -     CPU vs HybridOptimized:
2025-11-26 14:11:22,420 - INFO -       Original p-value: 0.593727
2025-11-26 14:11:22,421 - INFO -       Adjusted p-value: 1.000000
2025-11-26 14:11:22,421 - INFO -       Significant (after correction): False
2025-11-26 14:11:22,421 - INFO -     CPU vs FullGPU:
2025-11-26 14:11:22,421 - INFO -       Original p-value: 0.000266
2025-11-26 14:11:22,421 - INFO -       Adjusted p-value: 0.001332
2025-11-26 14:11:22,421 - INFO -       Significant (after correction): True
2025-11-26 14:11:22,421 - INFO -     HybridNaive vs HybridOptimized:
2025-11-26 14:11:22,421 - INFO -       Original p-value: 0.676609
2025-11-26 14:11:22,421 - INFO -       Adjusted p-value: 1.000000
2025-11-26 14:11:22,421 - INFO -       Significant (after correction): False
2025-11-26 14:11:22,421 - INFO -     HybridNaive vs FullGPU:
2025-11-26 14:11:22,421 - INFO -       Original p-value: 0.000046
2025-11-26 14:11:22,421 - INFO -       Adjusted p-value: 0.000273
2025-11-26 14:11:22,421 - INFO -       Significant (after correction): True
2025-11-26 14:11:22,421 - INFO -     HybridOptimized vs FullGPU:
2025-11-26 14:11:22,421 - INFO -       Original p-value: 0.000412
2025-11-26 14:11:22,421 - INFO -       Adjusted p-value: 0.001646
2025-11-26 14:11:22,422 - INFO -       Significant (after correction): True
2025-11-26 14:11:22,422 - INFO - 
Summary: kroB100 (optimal=22141.0)
2025-11-26 14:11:22,422 - INFO - --------------------------------------------------------------------------------
2025-11-26 14:11:22,422 - INFO - Algorithm            Mean Cost       Gap (%)      Time (s)     H2D (MB)     D2H (MB)    
2025-11-26 14:11:22,422 - INFO - --------------------------------------------------------------------------------
2025-11-26 14:11:22,422 - INFO - CPU                  22270.42        0.58         185.46       0.00         0.00        
2025-11-26 14:11:22,422 - INFO - HybridNaive          22272.27        0.59         1.91         2.05         1.15        
2025-11-26 14:11:22,422 - INFO - HybridOptimized      22262.00        0.55         0.34         1.12         1.12        
2025-11-26 14:11:22,422 - INFO - FullGPU              22186.96        0.21         1.77         0.08         0.00        
2025-11-26 14:11:22,422 - INFO - 
Speedups (relative to baseline):
2025-11-26 14:11:22,422 - INFO -   CPU: 1.00x (baseline)
2025-11-26 14:11:22,422 - INFO -   HybridNaive: 96.88x vs CPU
2025-11-26 14:11:22,422 - INFO -   HybridOptimized: 551.22x vs CPU
2025-11-26 14:11:22,422 - INFO -   FullGPU: 105.00x vs CPU
2025-11-26 14:11:22,422 - INFO - 
2025-11-26 14:11:22,427 - INFO - ✓ Problem statistics saved: kroB100_stats.json

2025-11-26 14:11:22,476 - INFO - 
================================================================================
2025-11-26 14:11:22,476 - INFO - PROBLEM 9/38: kroC100
2025-11-26 14:11:22,476 - INFO - Size: 100 cities | Optimal: 20749.0
2025-11-26 14:11:22,476 - INFO - ================================================================================
2025-11-26 14:11:22,476 - INFO - Running 4 algorithm(s) (n≤100)

2025-11-26 14:11:22,502 - INFO -   [1/4] CPU (CPU): Resuming: 22/26 runs exist, completing remaining 4
2025-11-26 14:11:22,502 - INFO - GeneticAlgorithmCPU initialized: pop_size=256, mutation_rate=0.02, tournament_k=5, 2opt_iters=10
2025-11-26 14:11:22,502 - INFO - 
  [CPU] INCREMENTAL MODE: Extending kroC100 from 22 to 26 runs
2025-11-26 14:11:22,502 - INFO -     Backend: CPU | Early stopping: patience=20 (adaptive: 2×√100) | New repetitions: 4
2025-11-26 14:11:22,503 - INFO -     Run 23/26 (new #1/4, seed=909796648)...
2025-11-26 14:14:12,592 - INFO - Near-optimal solution reached at generation 11 (cost=20901.00, optimal=20749.00, gap=0.73%)
2025-11-26 14:14:12,593 - INFO - GeneticAlgorithmCPU evolution complete: best=20901.00, improvement=85.13%, H2D=0.00MB, D2H=0.00MB, kernels=0, stopped=hit_optimal
2025-11-26 14:14:12,593 - INFO -       → Completed in 170.09s | Cost: 20901 (gap: 0.73%) | Generations: 11/2000
2025-11-26 14:14:12,593 - INFO -     Run 24/26 (new #2/4, seed=1277340338)...
2025-11-26 14:16:46,594 - INFO - Near-optimal solution reached at generation 10 (cost=20858.00, optimal=20749.00, gap=0.53%)
2025-11-26 14:16:46,594 - INFO - GeneticAlgorithmCPU evolution complete: best=20858.00, improvement=86.22%, H2D=0.00MB, D2H=0.00MB, kernels=0, stopped=hit_optimal
2025-11-26 14:16:46,594 - INFO -       → Completed in 154.00s | Cost: 20858 (gap: 0.53%) | Generations: 10/2000
2025-11-26 14:16:46,595 - INFO -     Run 25/26 (new #3/4, seed=2143758072)...
2025-11-26 14:19:34,125 - INFO - Near-optimal solution reached at generation 11 (cost=20789.00, optimal=20749.00, gap=0.19%)
2025-11-26 14:19:34,125 - INFO - GeneticAlgorithmCPU evolution complete: best=20789.00, improvement=86.05%, H2D=0.00MB, D2H=0.00MB, kernels=0, stopped=hit_optimal
2025-11-26 14:19:34,125 - INFO -       → Completed in 167.53s | Cost: 20789 (gap: 0.19%) | Generations: 11/2000
2025-11-26 14:19:34,125 - INFO -     Run 26/26 (new #4/4, seed=1647630934)...
2025-11-26 14:22:06,943 - INFO - Near-optimal solution reached at generation 10 (cost=20882.00, optimal=20749.00, gap=0.64%)
2025-11-26 14:22:06,943 - INFO - GeneticAlgorithmCPU evolution complete: best=20882.00, improvement=86.00%, H2D=0.00MB, D2H=0.00MB, kernels=0, stopped=hit_optimal
2025-11-26 14:22:06,943 - INFO -       → Completed in 152.82s | Cost: 20882 (gap: 0.64%) | Generations: 10/2000
2025-11-26 14:22:06,944 - INFO - 
    ✓ CPU INCREMENTAL summary for kroC100 (26 total runs): Cost=20846±59.1 | Gap=0.47%±0.28% | Time=175.80s±16.21s
2025-11-26 14:22:06,987 - INFO -     ✓ Checkpoint saved: kroC100_CPU.json
2025-11-26 14:22:07,032 - INFO -   [2/4] HybridNaive (GPU): Resuming: 22/26 runs exist, completing remaining 4
2025-11-26 14:22:07,033 - INFO - GeneticAlgorithmHybridNaive initialized: pop_size=256, mutation_rate=0.02, tournament_k=5, 2opt_iters=10
2025-11-26 14:22:07,033 - INFO - Loaded two_opt_kernel for naive hybrid
2025-11-26 14:22:07,033 - INFO - 
  [HybridNaive] INCREMENTAL MODE: Extending kroC100 from 22 to 26 runs
2025-11-26 14:22:07,033 - INFO -     Backend: GPU | Early stopping: patience=20 (adaptive: 2×√100) | New repetitions: 4
2025-11-26 14:22:07,033 - INFO -     Run 23/26 (new #1/4, seed=1809392760)...
2025-11-26 14:22:08,699 - INFO - Near-optimal solution reached at generation 10 (cost=20945.00, optimal=20749.00, gap=0.94%)
2025-11-26 14:22:08,699 - INFO - GeneticAlgorithmHybridNaive evolution complete: best=20945.00, improvement=85.09%, H2D=1.82MB, D2H=1.02MB, kernels=25600, stopped=hit_optimal
2025-11-26 14:22:08,699 - INFO -       → Completed in 1.67s | Cost: 20945 (gap: 0.94%) | Generations: 10/2000
2025-11-26 14:22:08,699 - INFO -     Run 24/26 (new #2/4, seed=1411899815)...
2025-11-26 14:22:10,495 - INFO - Near-optimal solution reached at generation 11 (cost=20816.00, optimal=20749.00, gap=0.32%)
2025-11-26 14:22:10,495 - INFO - GeneticAlgorithmHybridNaive evolution complete: best=20816.00, improvement=85.91%, H2D=2.01MB, D2H=1.13MB, kernels=28160, stopped=hit_optimal
2025-11-26 14:22:10,495 - INFO -       → Completed in 1.80s | Cost: 20816 (gap: 0.32%) | Generations: 11/2000
2025-11-26 14:22:10,495 - INFO -     Run 25/26 (new #3/4, seed=1913988484)...
2025-11-26 14:22:12,093 - INFO - Near-optimal solution reached at generation 10 (cost=20880.00, optimal=20749.00, gap=0.63%)
2025-11-26 14:22:12,093 - INFO - GeneticAlgorithmHybridNaive evolution complete: best=20880.00, improvement=85.99%, H2D=1.82MB, D2H=1.02MB, kernels=25600, stopped=hit_optimal
2025-11-26 14:22:12,093 - INFO -       → Completed in 1.60s | Cost: 20880 (gap: 0.63%) | Generations: 10/2000
2025-11-26 14:22:12,093 - INFO -     Run 26/26 (new #4/4, seed=583588680)...
2025-11-26 14:22:13,781 - INFO - Near-optimal solution reached at generation 10 (cost=20947.00, optimal=20749.00, gap=0.95%)
2025-11-26 14:22:13,781 - INFO - GeneticAlgorithmHybridNaive evolution complete: best=20947.00, improvement=85.50%, H2D=1.82MB, D2H=1.02MB, kernels=25600, stopped=hit_optimal
2025-11-26 14:22:13,781 - INFO -       → Completed in 1.69s | Cost: 20947 (gap: 0.95%) | Generations: 10/2000
2025-11-26 14:22:13,782 - INFO - 
    ✓ HybridNaive INCREMENTAL summary for kroC100 (26 total runs): Cost=20851±62.4 | Gap=0.49%±0.30% | Time=1.81s±0.27s
2025-11-26 14:22:13,791 - INFO -     ✓ Checkpoint saved: kroC100_HybridNaive.json
2025-11-26 14:22:13,840 - INFO -   [3/4] HybridOptimized (GPU): Resuming: 22/26 runs exist, completing remaining 4
2025-11-26 14:22:13,841 - INFO - GeneticAlgorithmHybridOptimized initialized: pop_size=256, mutation_rate=0.02, tournament_k=5, 2opt_iters=10
2025-11-26 14:22:13,841 - INFO - Loaded batch kernels: two_opt_batch, cost_calculator
2025-11-26 14:22:13,841 - INFO - 
  [HybridOptimized] INCREMENTAL MODE: Extending kroC100 from 22 to 26 runs
2025-11-26 14:22:13,841 - INFO -     Backend: GPU | Early stopping: patience=20 (adaptive: 2×√100) | New repetitions: 4
2025-11-26 14:22:13,841 - INFO -     Run 23/26 (new #1/4, seed=920587290)...
2025-11-26 14:22:14,155 - INFO - Near-optimal solution reached at generation 11 (cost=20823.00, optimal=20749.00, gap=0.36%)
2025-11-26 14:22:14,155 - INFO - GeneticAlgorithmHybridOptimized evolution complete: best=20823.00, improvement=85.18%, H2D=1.21MB, D2H=1.15MB, kernels=121, stopped=hit_optimal
2025-11-26 14:22:14,155 - INFO -       → Completed in 0.31s | Cost: 20823 (gap: 0.36%) | Generations: 11/2000
2025-11-26 14:22:14,156 - INFO -     Run 24/26 (new #2/4, seed=1665731796)...
2025-11-26 14:22:14,473 - INFO - Near-optimal solution reached at generation 11 (cost=20805.00, optimal=20749.00, gap=0.27%)
2025-11-26 14:22:14,473 - INFO - GeneticAlgorithmHybridOptimized evolution complete: best=20805.00, improvement=86.26%, H2D=1.13MB, D2H=1.15MB, kernels=121, stopped=hit_optimal
2025-11-26 14:22:14,473 - INFO -       → Completed in 0.32s | Cost: 20805 (gap: 0.27%) | Generations: 11/2000
2025-11-26 14:22:14,474 - INFO -     Run 25/26 (new #3/4, seed=350482388)...
2025-11-26 14:22:14,763 - INFO - Near-optimal solution reached at generation 10 (cost=20917.00, optimal=20749.00, gap=0.81%)
2025-11-26 14:22:14,763 - INFO - GeneticAlgorithmHybridOptimized evolution complete: best=20917.00, improvement=85.50%, H2D=1.02MB, D2H=1.04MB, kernels=110, stopped=hit_optimal
2025-11-26 14:22:14,763 - INFO -       → Completed in 0.29s | Cost: 20917 (gap: 0.81%) | Generations: 10/2000
2025-11-26 14:22:14,763 - INFO -     Run 26/26 (new #4/4, seed=356436310)...
2025-11-26 14:22:15,050 - INFO - Near-optimal solution reached at generation 10 (cost=20860.00, optimal=20749.00, gap=0.53%)
2025-11-26 14:22:15,050 - INFO - GeneticAlgorithmHybridOptimized evolution complete: best=20860.00, improvement=86.01%, H2D=1.02MB, D2H=1.04MB, kernels=110, stopped=hit_optimal
2025-11-26 14:22:15,050 - INFO -       → Completed in 0.29s | Cost: 20860 (gap: 0.53%) | Generations: 10/2000
2025-11-26 14:22:15,051 - INFO - 
    ✓ HybridOptimized INCREMENTAL summary for kroC100 (26 total runs): Cost=20832±55.3 | Gap=0.40%±0.27% | Time=0.29s±0.06s
2025-11-26 14:22:15,060 - INFO -     ✓ Checkpoint saved: kroC100_HybridOptimized.json
2025-11-26 14:22:15,109 - INFO -   [4/4] FullGPU (GPU): Resuming: 22/26 runs exist, completing remaining 4
2025-11-26 14:22:15,109 - INFO - GeneticAlgorithmFullGPUEarlyStop initialized: pop_size=256, mutation_rate=0.02, tournament_k=5, 2opt_iters=10
2025-11-26 14:22:15,110 - INFO - Loaded Fujimoto GA kernel with early stopping support
2025-11-26 14:22:15,110 - INFO - 
  [FullGPU] INCREMENTAL MODE: Extending kroC100 from 22 to 26 runs
2025-11-26 14:22:15,110 - INFO -     Backend: GPU | Early stopping: patience=20 (adaptive: 2×√100) | New repetitions: 4
2025-11-26 14:22:15,110 - INFO -     Run 23/26 (new #1/4, seed=961084144)...
2025-11-26 14:22:15,111 - INFO - FullGPUEarlyStop: Launching kernel (max=2000 gens, optimal=20749.0, patience=20)
2025-11-26 14:22:15,735 - INFO - FullGPUEarlyStop complete: best=20769.00, improvement=86.04%, gens=23/2000, stopped=hit_optimal, H2D=0.08MB, D2H=0.00MB, kernels=3
2025-11-26 14:22:15,735 - INFO -       → Completed in 0.63s | Cost: 20769 (gap: 0.10%) | Generations: 23/2000
2025-11-26 14:22:15,735 - INFO -     Run 24/26 (new #2/4, seed=1266935913)...
2025-11-26 14:22:15,736 - INFO - FullGPUEarlyStop: Launching kernel (max=2000 gens, optimal=20749.0, patience=20)
2025-11-26 14:22:16,360 - INFO - FullGPUEarlyStop complete: best=20769.00, improvement=86.04%, gens=23/2000, stopped=hit_optimal, H2D=0.08MB, D2H=0.00MB, kernels=3
2025-11-26 14:22:16,360 - INFO -       → Completed in 0.62s | Cost: 20769 (gap: 0.10%) | Generations: 23/2000
2025-11-26 14:22:16,360 - INFO -     Run 25/26 (new #3/4, seed=1356990023)...
2025-11-26 14:22:16,361 - INFO - FullGPUEarlyStop: Launching kernel (max=2000 gens, optimal=20749.0, patience=20)
2025-11-26 14:22:17,107 - INFO - FullGPUEarlyStop complete: best=20769.00, improvement=86.04%, gens=28/2000, stopped=hit_optimal, H2D=0.08MB, D2H=0.00MB, kernels=3
2025-11-26 14:22:17,107 - INFO -       → Completed in 0.75s | Cost: 20769 (gap: 0.10%) | Generations: 28/2000
2025-11-26 14:22:17,107 - INFO -     Run 26/26 (new #4/4, seed=1124292635)...
2025-11-26 14:22:17,108 - INFO - FullGPUEarlyStop: Launching kernel (max=2000 gens, optimal=20749.0, patience=20)
2025-11-26 14:22:17,934 - INFO - FullGPUEarlyStop complete: best=20798.00, improvement=86.02%, gens=30/2000, stopped=hit_optimal, H2D=0.08MB, D2H=0.00MB, kernels=3
2025-11-26 14:22:17,934 - INFO -       → Completed in 0.83s | Cost: 20798 (gap: 0.24%) | Generations: 30/2000
2025-11-26 14:22:17,935 - INFO - 
    ✓ FullGPU INCREMENTAL summary for kroC100 (26 total runs): Cost=20761±17.0 | Gap=0.06%±0.08% | Time=1.35s±0.34s
2025-11-26 14:22:17,948 - INFO -     ✓ Checkpoint saved: kroC100_FullGPU.json
2025-11-26 14:22:18,036 - INFO - 
────────────────────────────────────────────────────────────────────────────────
2025-11-26 14:22:18,036 - INFO - STATISTICS FOR kroC100
2025-11-26 14:22:18,036 - INFO - ────────────────────────────────────────────────────────────────────────────────
2025-11-26 14:22:18,036 - INFO - 
Statistical Analysis: kroC100
2025-11-26 14:22:18,036 - INFO - --------------------------------------------------------------------------------
2025-11-26 14:22:18,043 - INFO - Friedman Test (k=4 algorithms):
2025-11-26 14:22:18,043 - INFO -   Statistic: 36.8486
2025-11-26 14:22:18,043 - INFO -   p-value: 0.000000
2025-11-26 14:22:18,043 - INFO -   Significant: True
2025-11-26 14:22:18,054 - INFO - 
Nemenyi Post-Hoc Test:
2025-11-26 14:22:18,062 - INFO -   Critical distance: 1.3009
2025-11-26 14:22:18,062 - INFO -   Mean ranks:
2025-11-26 14:22:18,062 - INFO -     CPU: 2.92
2025-11-26 14:22:18,062 - INFO -     HybridNaive: 3.12
2025-11-26 14:22:18,062 - INFO -     HybridOptimized: 2.75
2025-11-26 14:22:18,062 - INFO -     FullGPU: 1.21
2025-11-26 14:22:18,063 - INFO - 
  Significant pairwise differences:
2025-11-26 14:22:18,063 - INFO -     CPU vs FullGPU: rank_diff=1.71, p=0.0000
2025-11-26 14:22:18,063 - INFO -     HybridNaive vs FullGPU: rank_diff=1.90, p=0.0000
2025-11-26 14:22:18,063 - INFO -     HybridOptimized vs FullGPU: rank_diff=1.54, p=0.0001
2025-11-26 14:22:18,063 - INFO - 
Pairwise Comparisons:
2025-11-26 14:22:18,063 - INFO - Following statistical methodology:
2025-11-26 14:22:18,063 - INFO -   - Normality testing (Shapiro-Wilk)
2025-11-26 14:22:18,063 - INFO -   - Test selection (paired t-test vs Wilcoxon)
2025-11-26 14:22:18,063 - INFO -   - Effect size (Cohen's d)
2025-11-26 14:22:18,063 - INFO -   - 95% Confidence Intervals
2025-11-26 14:22:18,063 - INFO -   - Holm-Bonferroni multiple comparison correction

2025-11-26 14:22:18,065 - INFO -   CPU vs HybridNaive:
2025-11-26 14:22:18,065 - INFO -     Normality (Shapiro-Wilk):
2025-11-26 14:22:18,065 - INFO -       CPU: p=0.4403 (normal)
2025-11-26 14:22:18,065 - INFO -       HybridNaive: p=0.1233 (normal)
2025-11-26 14:22:18,065 - INFO -     Test selected: paired_t_test
2025-11-26 14:22:18,065 - INFO -     Mean difference: -5.46
2025-11-26 14:22:18,065 - INFO -     95% CI difference: [-35.65, 24.73]
2025-11-26 14:22:18,065 - INFO -     p-value (uncorrected): 0.712621
2025-11-26 14:22:18,065 - INFO -     Cohen's d: -0.0881
2025-11-26 14:22:18,065 - INFO -     Effect size interpretation: negligible
2025-11-26 14:22:18,067 - INFO -   CPU vs HybridOptimized:
2025-11-26 14:22:18,067 - INFO -     Normality (Shapiro-Wilk):
2025-11-26 14:22:18,067 - INFO -       CPU: p=0.4403 (normal)
2025-11-26 14:22:18,067 - INFO -       HybridOptimized: p=0.4607 (normal)
2025-11-26 14:22:18,067 - INFO -     Test selected: paired_t_test
2025-11-26 14:22:18,067 - INFO -     Mean difference: 13.50
2025-11-26 14:22:18,067 - INFO -     95% CI difference: [-23.42, 50.42]
2025-11-26 14:22:18,067 - INFO -     p-value (uncorrected): 0.458418
2025-11-26 14:22:18,067 - INFO -     Cohen's d: 0.2312
2025-11-26 14:22:18,067 - INFO -     Effect size interpretation: small
2025-11-26 14:22:18,069 - INFO -   CPU vs FullGPU:
2025-11-26 14:22:18,069 - INFO -     Normality (Shapiro-Wilk):
2025-11-26 14:22:18,070 - INFO -       CPU: p=0.4403 (normal)
2025-11-26 14:22:18,070 - INFO -       FullGPU: p=0.0000 (non-normal)
2025-11-26 14:22:18,070 - INFO -     Test selected: wilcoxon_signed_rank
2025-11-26 14:22:18,070 - INFO -     Mean difference: 84.88
2025-11-26 14:22:18,070 - INFO -     95% CI difference: [60.00, 109.77]
2025-11-26 14:22:18,070 - INFO -     p-value (uncorrected): 0.000021
2025-11-26 14:22:18,070 - INFO -     Cohen's d: 1.9137
2025-11-26 14:22:18,070 - INFO -     Effect size interpretation: large
2025-11-26 14:22:18,072 - INFO -   HybridNaive vs HybridOptimized:
2025-11-26 14:22:18,072 - INFO -     Normality (Shapiro-Wilk):
2025-11-26 14:22:18,072 - INFO -       HybridNaive: p=0.1233 (normal)
2025-11-26 14:22:18,072 - INFO -       HybridOptimized: p=0.4607 (normal)
2025-11-26 14:22:18,072 - INFO -     Test selected: paired_t_test
2025-11-26 14:22:18,072 - INFO -     Mean difference: 18.96
2025-11-26 14:22:18,072 - INFO -     95% CI difference: [-18.22, 56.15]
2025-11-26 14:22:18,072 - INFO -     p-value (uncorrected): 0.303662
2025-11-26 14:22:18,072 - INFO -     Cohen's d: 0.3154
2025-11-26 14:22:18,072 - INFO -     Effect size interpretation: small
2025-11-26 14:22:18,075 - INFO -   HybridNaive vs FullGPU:
2025-11-26 14:22:18,075 - INFO -     Normality (Shapiro-Wilk):
2025-11-26 14:22:18,075 - INFO -       HybridNaive: p=0.1233 (normal)
2025-11-26 14:22:18,075 - INFO -       FullGPU: p=0.0000 (non-normal)
2025-11-26 14:22:18,075 - INFO -     Test selected: wilcoxon_signed_rank
2025-11-26 14:22:18,075 - INFO -     Mean difference: 90.35
2025-11-26 14:22:18,075 - INFO -     95% CI difference: [65.05, 115.64]
2025-11-26 14:22:18,075 - INFO -     p-value (uncorrected): 0.000025
2025-11-26 14:22:18,075 - INFO -     Cohen's d: 1.9382
2025-11-26 14:22:18,075 - INFO -     Effect size interpretation: large
2025-11-26 14:22:18,078 - INFO -   HybridOptimized vs FullGPU:
2025-11-26 14:22:18,078 - INFO -     Normality (Shapiro-Wilk):
2025-11-26 14:22:18,078 - INFO -       HybridOptimized: p=0.4607 (normal)
2025-11-26 14:22:18,078 - INFO -       FullGPU: p=0.0000 (non-normal)
2025-11-26 14:22:18,078 - INFO -     Test selected: wilcoxon_signed_rank
2025-11-26 14:22:18,078 - INFO -     Mean difference: 71.38
2025-11-26 14:22:18,078 - INFO -     95% CI difference: [48.60, 94.17]
2025-11-26 14:22:18,078 - INFO -     p-value (uncorrected): 0.000024
2025-11-26 14:22:18,078 - INFO -     Cohen's d: 1.7107
2025-11-26 14:22:18,078 - INFO -     Effect size interpretation: large
2025-11-26 14:22:18,078 - INFO - 
  Multiple Comparison Correction (Holm-Bonferroni, α=0.05):
2025-11-26 14:22:18,078 - INFO -     CPU vs HybridNaive:
2025-11-26 14:22:18,078 - INFO -       Original p-value: 0.712621
2025-11-26 14:22:18,078 - INFO -       Adjusted p-value: 0.916836
2025-11-26 14:22:18,078 - INFO -       Significant (after correction): False
2025-11-26 14:22:18,078 - INFO -     CPU vs HybridOptimized:
2025-11-26 14:22:18,079 - INFO -       Original p-value: 0.458418
2025-11-26 14:22:18,079 - INFO -       Adjusted p-value: 0.916836
2025-11-26 14:22:18,079 - INFO -       Significant (after correction): False
2025-11-26 14:22:18,079 - INFO -     CPU vs FullGPU:
2025-11-26 14:22:18,079 - INFO -       Original p-value: 0.000021
2025-11-26 14:22:18,079 - INFO -       Adjusted p-value: 0.000124
2025-11-26 14:22:18,079 - INFO -       Significant (after correction): True
2025-11-26 14:22:18,079 - INFO -     HybridNaive vs HybridOptimized:
2025-11-26 14:22:18,079 - INFO -       Original p-value: 0.303662
2025-11-26 14:22:18,079 - INFO -       Adjusted p-value: 0.910985
2025-11-26 14:22:18,079 - INFO -       Significant (after correction): False
2025-11-26 14:22:18,079 - INFO -     HybridNaive vs FullGPU:
2025-11-26 14:22:18,079 - INFO -       Original p-value: 0.000025
2025-11-26 14:22:18,079 - INFO -       Adjusted p-value: 0.000124
2025-11-26 14:22:18,079 - INFO -       Significant (after correction): True
2025-11-26 14:22:18,079 - INFO -     HybridOptimized vs FullGPU:
2025-11-26 14:22:18,079 - INFO -       Original p-value: 0.000024
2025-11-26 14:22:18,079 - INFO -       Adjusted p-value: 0.000124
2025-11-26 14:22:18,079 - INFO -       Significant (after correction): True
2025-11-26 14:22:18,079 - INFO - 
Summary: kroC100 (optimal=20749.0)
2025-11-26 14:22:18,079 - INFO - --------------------------------------------------------------------------------
2025-11-26 14:22:18,080 - INFO - Algorithm            Mean Cost       Gap (%)      Time (s)     H2D (MB)     D2H (MB)    
2025-11-26 14:22:18,080 - INFO - --------------------------------------------------------------------------------
2025-11-26 14:22:18,080 - INFO - CPU                  20845.58        0.47         175.80       0.00         0.00        
2025-11-26 14:22:18,080 - INFO - HybridNaive          20851.04        0.49         1.81         1.87         1.05        
2025-11-26 14:22:18,080 - INFO - HybridOptimized      20832.08        0.40         0.29         1.10         1.10        
2025-11-26 14:22:18,080 - INFO - FullGPU              20760.69        0.06         1.35         0.08         0.00        
2025-11-26 14:22:18,080 - INFO - 
Speedups (relative to baseline):
2025-11-26 14:22:18,080 - INFO -   CPU: 1.00x (baseline)
2025-11-26 14:22:18,080 - INFO -   HybridNaive: 97.26x vs CPU
2025-11-26 14:22:18,080 - INFO -   HybridOptimized: 596.85x vs CPU
2025-11-26 14:22:18,080 - INFO -   FullGPU: 130.21x vs CPU
2025-11-26 14:22:18,080 - INFO - 
2025-11-26 14:22:18,084 - INFO - ✓ Problem statistics saved: kroC100_stats.json

2025-11-26 14:22:18,130 - INFO - 
================================================================================
2025-11-26 14:22:18,130 - INFO - PROBLEM 10/38: kroD100
2025-11-26 14:22:18,130 - INFO - Size: 100 cities | Optimal: 21294.0
2025-11-26 14:22:18,130 - INFO - ================================================================================
2025-11-26 14:22:18,130 - INFO - Running 4 algorithm(s) (n≤100)

2025-11-26 14:22:18,153 - INFO -   [1/4] CPU (CPU): Resuming: 22/26 runs exist, completing remaining 4
2025-11-26 14:22:18,154 - INFO - GeneticAlgorithmCPU initialized: pop_size=256, mutation_rate=0.02, tournament_k=5, 2opt_iters=10
2025-11-26 14:22:18,154 - INFO - 
  [CPU] INCREMENTAL MODE: Extending kroD100 from 22 to 26 runs
2025-11-26 14:22:18,154 - INFO -     Backend: CPU | Early stopping: patience=20 (adaptive: 2×√100) | New repetitions: 4
2025-11-26 14:22:18,154 - INFO -     Run 23/26 (new #1/4, seed=419533903)...
2025-11-26 14:25:05,971 - INFO - Near-optimal solution reached at generation 11 (cost=21408.00, optimal=21294.00, gap=0.54%)
2025-11-26 14:25:05,971 - INFO - GeneticAlgorithmCPU evolution complete: best=21408.00, improvement=84.83%, H2D=0.00MB, D2H=0.00MB, kernels=0, stopped=hit_optimal
2025-11-26 14:25:05,971 - INFO -       → Completed in 167.82s | Cost: 21408 (gap: 0.54%) | Generations: 11/2000
2025-11-26 14:25:05,972 - INFO -     Run 24/26 (new #2/4, seed=665549840)...
2025-11-26 14:27:51,051 - INFO - Near-optimal solution reached at generation 11 (cost=21497.00, optimal=21294.00, gap=0.95%)
2025-11-26 14:27:51,051 - INFO - GeneticAlgorithmCPU evolution complete: best=21497.00, improvement=84.67%, H2D=0.00MB, D2H=0.00MB, kernels=0, stopped=hit_optimal
2025-11-26 14:27:51,051 - INFO -       → Completed in 165.08s | Cost: 21497 (gap: 0.95%) | Generations: 11/2000
2025-11-26 14:27:51,052 - INFO -     Run 25/26 (new #3/4, seed=477404328)...
2025-11-26 14:30:24,709 - INFO - Near-optimal solution reached at generation 10 (cost=21442.00, optimal=21294.00, gap=0.70%)
2025-11-26 14:30:24,709 - INFO - GeneticAlgorithmCPU evolution complete: best=21442.00, improvement=84.96%, H2D=0.00MB, D2H=0.00MB, kernels=0, stopped=hit_optimal
2025-11-26 14:30:24,709 - INFO -       → Completed in 153.66s | Cost: 21442 (gap: 0.70%) | Generations: 10/2000
2025-11-26 14:30:24,709 - INFO -     Run 26/26 (new #4/4, seed=291737642)...
2025-11-26 14:33:12,923 - INFO - Near-optimal solution reached at generation 11 (cost=21374.00, optimal=21294.00, gap=0.38%)
2025-11-26 14:33:12,923 - INFO - GeneticAlgorithmCPU evolution complete: best=21374.00, improvement=84.14%, H2D=0.00MB, D2H=0.00MB, kernels=0, stopped=hit_optimal
2025-11-26 14:33:12,923 - INFO -       → Completed in 168.21s | Cost: 21374 (gap: 0.38%) | Generations: 11/2000
2025-11-26 14:33:12,924 - INFO - 
    ✓ CPU INCREMENTAL summary for kroD100 (26 total runs): Cost=21415±48.3 | Gap=0.57%±0.23% | Time=185.51s±27.46s
2025-11-26 14:33:12,968 - INFO -     ✓ Checkpoint saved: kroD100_CPU.json
2025-11-26 14:33:13,013 - INFO -   [2/4] HybridNaive (GPU): Resuming: 22/26 runs exist, completing remaining 4
2025-11-26 14:33:13,014 - INFO - GeneticAlgorithmHybridNaive initialized: pop_size=256, mutation_rate=0.02, tournament_k=5, 2opt_iters=10
2025-11-26 14:33:13,014 - INFO - Loaded two_opt_kernel for naive hybrid
2025-11-26 14:33:13,014 - INFO - 
  [HybridNaive] INCREMENTAL MODE: Extending kroD100 from 22 to 26 runs
2025-11-26 14:33:13,014 - INFO -     Backend: GPU | Early stopping: patience=20 (adaptive: 2×√100) | New repetitions: 4
2025-11-26 14:33:13,015 - INFO -     Run 23/26 (new #1/4, seed=406193964)...
2025-11-26 14:33:14,846 - INFO - Near-optimal solution reached at generation 11 (cost=21362.00, optimal=21294.00, gap=0.32%)
2025-11-26 14:33:14,846 - INFO - GeneticAlgorithmHybridNaive evolution complete: best=21362.00, improvement=84.87%, H2D=2.01MB, D2H=1.13MB, kernels=28160, stopped=hit_optimal
2025-11-26 14:33:14,846 - INFO -       → Completed in 1.83s | Cost: 21362 (gap: 0.32%) | Generations: 11/2000
2025-11-26 14:33:14,847 - INFO -     Run 24/26 (new #2/4, seed=221451376)...
2025-11-26 14:33:16,724 - INFO - Near-optimal solution reached at generation 11 (cost=21410.00, optimal=21294.00, gap=0.54%)
2025-11-26 14:33:16,724 - INFO - GeneticAlgorithmHybridNaive evolution complete: best=21410.00, improvement=84.74%, H2D=2.01MB, D2H=1.13MB, kernels=28160, stopped=hit_optimal
2025-11-26 14:33:16,724 - INFO -       → Completed in 1.88s | Cost: 21410 (gap: 0.54%) | Generations: 11/2000
2025-11-26 14:33:16,724 - INFO -     Run 25/26 (new #3/4, seed=1761709480)...
2025-11-26 14:33:18,657 - INFO - Near-optimal solution reached at generation 11 (cost=21382.00, optimal=21294.00, gap=0.41%)
2025-11-26 14:33:18,657 - INFO - GeneticAlgorithmHybridNaive evolution complete: best=21382.00, improvement=85.00%, H2D=2.01MB, D2H=1.13MB, kernels=28160, stopped=hit_optimal
2025-11-26 14:33:18,657 - INFO -       → Completed in 1.93s | Cost: 21382 (gap: 0.41%) | Generations: 11/2000
2025-11-26 14:33:18,657 - INFO -     Run 26/26 (new #4/4, seed=1821524655)...
2025-11-26 14:33:20,387 - INFO - Near-optimal solution reached at generation 11 (cost=21358.00, optimal=21294.00, gap=0.30%)
2025-11-26 14:33:20,387 - INFO - GeneticAlgorithmHybridNaive evolution complete: best=21358.00, improvement=84.53%, H2D=2.01MB, D2H=1.13MB, kernels=28160, stopped=hit_optimal
2025-11-26 14:33:20,388 - INFO -       → Completed in 1.73s | Cost: 21358 (gap: 0.30%) | Generations: 11/2000
2025-11-26 14:33:20,389 - INFO - 
    ✓ HybridNaive INCREMENTAL summary for kroD100 (26 total runs): Cost=21431±51.9 | Gap=0.65%±0.24% | Time=1.84s±0.17s
2025-11-26 14:33:20,432 - INFO -     ✓ Checkpoint saved: kroD100_HybridNaive.json
2025-11-26 14:33:20,477 - INFO -   [3/4] HybridOptimized (GPU): Resuming: 22/26 runs exist, completing remaining 4
2025-11-26 14:33:20,477 - INFO - GeneticAlgorithmHybridOptimized initialized: pop_size=256, mutation_rate=0.02, tournament_k=5, 2opt_iters=10
2025-11-26 14:33:20,478 - INFO - Loaded batch kernels: two_opt_batch, cost_calculator
2025-11-26 14:33:20,478 - INFO - 
  [HybridOptimized] INCREMENTAL MODE: Extending kroD100 from 22 to 26 runs
2025-11-26 14:33:20,478 - INFO -     Backend: GPU | Early stopping: patience=20 (adaptive: 2×√100) | New repetitions: 4
2025-11-26 14:33:20,478 - INFO -     Run 23/26 (new #1/4, seed=1362926905)...
2025-11-26 14:33:20,738 - INFO - Near-optimal solution reached at generation 11 (cost=21397.00, optimal=21294.00, gap=0.48%)
2025-11-26 14:33:20,739 - INFO - GeneticAlgorithmHybridOptimized evolution complete: best=21397.00, improvement=84.84%, H2D=1.21MB, D2H=1.15MB, kernels=121, stopped=hit_optimal
2025-11-26 14:33:20,739 - INFO -       → Completed in 0.26s | Cost: 21397 (gap: 0.48%) | Generations: 11/2000
2025-11-26 14:33:20,739 - INFO -     Run 24/26 (new #2/4, seed=720519269)...
2025-11-26 14:33:20,997 - INFO - Near-optimal solution reached at generation 11 (cost=21500.00, optimal=21294.00, gap=0.97%)
2025-11-26 14:33:20,997 - INFO - GeneticAlgorithmHybridOptimized evolution complete: best=21500.00, improvement=84.67%, H2D=1.13MB, D2H=1.15MB, kernels=121, stopped=hit_optimal
2025-11-26 14:33:20,997 - INFO -       → Completed in 0.26s | Cost: 21500 (gap: 0.97%) | Generations: 11/2000
2025-11-26 14:33:20,997 - INFO -     Run 25/26 (new #3/4, seed=1104595994)...
2025-11-26 14:33:21,253 - INFO - Near-optimal solution reached at generation 11 (cost=21387.00, optimal=21294.00, gap=0.44%)
2025-11-26 14:33:21,253 - INFO - GeneticAlgorithmHybridOptimized evolution complete: best=21387.00, improvement=84.99%, H2D=1.13MB, D2H=1.15MB, kernels=121, stopped=hit_optimal
2025-11-26 14:33:21,253 - INFO -       → Completed in 0.26s | Cost: 21387 (gap: 0.44%) | Generations: 11/2000
2025-11-26 14:33:21,254 - INFO -     Run 26/26 (new #4/4, seed=114899391)...
2025-11-26 14:33:21,532 - INFO - Near-optimal solution reached at generation 12 (cost=21398.00, optimal=21294.00, gap=0.49%)
2025-11-26 14:33:21,532 - INFO - GeneticAlgorithmHybridOptimized evolution complete: best=21398.00, improvement=84.50%, H2D=1.23MB, D2H=1.25MB, kernels=132, stopped=hit_optimal
2025-11-26 14:33:21,532 - INFO -       → Completed in 0.28s | Cost: 21398 (gap: 0.49%) | Generations: 12/2000
2025-11-26 14:33:21,533 - INFO - 
    ✓ HybridOptimized INCREMENTAL summary for kroD100 (26 total runs): Cost=21416±40.4 | Gap=0.57%±0.19% | Time=0.31s±0.07s
2025-11-26 14:33:21,543 - INFO -     ✓ Checkpoint saved: kroD100_HybridOptimized.json
2025-11-26 14:33:21,588 - INFO -   [4/4] FullGPU (GPU): Resuming: 22/26 runs exist, completing remaining 4
2025-11-26 14:33:21,589 - INFO - GeneticAlgorithmFullGPUEarlyStop initialized: pop_size=256, mutation_rate=0.02, tournament_k=5, 2opt_iters=10
2025-11-26 14:33:21,589 - INFO - Loaded Fujimoto GA kernel with early stopping support
2025-11-26 14:33:21,589 - INFO - 
  [FullGPU] INCREMENTAL MODE: Extending kroD100 from 22 to 26 runs
2025-11-26 14:33:21,589 - INFO -     Backend: GPU | Early stopping: patience=20 (adaptive: 2×√100) | New repetitions: 4
2025-11-26 14:33:21,590 - INFO -     Run 23/26 (new #1/4, seed=2082574972)...
2025-11-26 14:33:21,590 - INFO - FullGPUEarlyStop: Launching kernel (max=2000 gens, optimal=21294.0, patience=20)
2025-11-26 14:33:23,133 - INFO - FullGPUEarlyStop complete: best=21362.00, improvement=84.87%, gens=58/2000, stopped=hit_optimal, H2D=0.08MB, D2H=0.00MB, kernels=3
2025-11-26 14:33:23,133 - INFO -       → Completed in 1.54s | Cost: 21362 (gap: 0.32%) | Generations: 58/2000
2025-11-26 14:33:23,134 - INFO -     Run 24/26 (new #2/4, seed=925251499)...
2025-11-26 14:33:23,134 - INFO - FullGPUEarlyStop: Launching kernel (max=2000 gens, optimal=21294.0, patience=20)
2025-11-26 14:33:24,399 - INFO - FullGPUEarlyStop complete: best=21362.00, improvement=84.87%, gens=48/2000, stopped=hit_optimal, H2D=0.08MB, D2H=0.00MB, kernels=3
2025-11-26 14:33:24,399 - INFO -       → Completed in 1.27s | Cost: 21362 (gap: 0.32%) | Generations: 48/2000
2025-11-26 14:33:24,400 - INFO -     Run 25/26 (new #3/4, seed=1609208377)...
2025-11-26 14:33:24,400 - INFO - FullGPUEarlyStop: Launching kernel (max=2000 gens, optimal=21294.0, patience=20)
2025-11-26 14:33:26,743 - INFO - FullGPUEarlyStop complete: best=21404.00, improvement=84.84%, gens=90/2000, stopped=hit_optimal, H2D=0.08MB, D2H=0.00MB, kernels=3
2025-11-26 14:33:26,743 - INFO -       → Completed in 2.34s | Cost: 21404 (gap: 0.52%) | Generations: 90/2000
2025-11-26 14:33:26,743 - INFO -     Run 26/26 (new #4/4, seed=1954045882)...
2025-11-26 14:33:26,744 - INFO - FullGPUEarlyStop: Launching kernel (max=2000 gens, optimal=21294.0, patience=20)
2025-11-26 14:33:28,075 - INFO - FullGPUEarlyStop complete: best=21410.00, improvement=84.84%, gens=51/2000, stopped=hit_optimal, H2D=0.08MB, D2H=0.00MB, kernels=3
2025-11-26 14:33:28,075 - INFO -       → Completed in 1.33s | Cost: 21410 (gap: 0.54%) | Generations: 51/2000
2025-11-26 14:33:28,076 - INFO - 
    ✓ FullGPU INCREMENTAL summary for kroD100 (26 total runs): Cost=21381±46.0 | Gap=0.41%±0.22% | Time=1.97s±0.57s
2025-11-26 14:33:28,086 - INFO -     ✓ Checkpoint saved: kroD100_FullGPU.json
2025-11-26 14:33:28,131 - INFO - 
────────────────────────────────────────────────────────────────────────────────
2025-11-26 14:33:28,131 - INFO - STATISTICS FOR kroD100
2025-11-26 14:33:28,131 - INFO - ────────────────────────────────────────────────────────────────────────────────
2025-11-26 14:33:28,131 - INFO - 
Statistical Analysis: kroD100
2025-11-26 14:33:28,131 - INFO - --------------------------------------------------------------------------------
2025-11-26 14:33:28,134 - INFO - Friedman Test (k=4 algorithms):
2025-11-26 14:33:28,134 - INFO -   Statistic: 14.5465
2025-11-26 14:33:28,134 - INFO -   p-value: 0.002248
2025-11-26 14:33:28,134 - INFO -   Significant: True
2025-11-26 14:33:28,142 - INFO - 
Nemenyi Post-Hoc Test:
2025-11-26 14:33:28,151 - INFO -   Critical distance: 1.3009
2025-11-26 14:33:28,151 - INFO -   Mean ranks:
2025-11-26 14:33:28,151 - INFO -     CPU: 2.50
2025-11-26 14:33:28,151 - INFO -     HybridNaive: 3.08
2025-11-26 14:33:28,151 - INFO -     HybridOptimized: 2.67
2025-11-26 14:33:28,151 - INFO -     FullGPU: 1.75
2025-11-26 14:33:28,151 - INFO - 
  Significant pairwise differences:
2025-11-26 14:33:28,151 - INFO -     HybridNaive vs FullGPU: rank_diff=1.33, p=0.0012
2025-11-26 14:33:28,151 - INFO -     HybridOptimized vs FullGPU: rank_diff=0.92, p=0.0488
2025-11-26 14:33:28,151 - INFO - 
Pairwise Comparisons:
2025-11-26 14:33:28,151 - INFO - Following statistical methodology:
2025-11-26 14:33:28,151 - INFO -   - Normality testing (Shapiro-Wilk)
2025-11-26 14:33:28,151 - INFO -   - Test selection (paired t-test vs Wilcoxon)
2025-11-26 14:33:28,151 - INFO -   - Effect size (Cohen's d)
2025-11-26 14:33:28,151 - INFO -   - 95% Confidence Intervals
2025-11-26 14:33:28,151 - INFO -   - Holm-Bonferroni multiple comparison correction

2025-11-26 14:33:28,153 - INFO -   CPU vs HybridNaive:
2025-11-26 14:33:28,153 - INFO -     Normality (Shapiro-Wilk):
2025-11-26 14:33:28,153 - INFO -       CPU: p=0.2421 (normal)
2025-11-26 14:33:28,153 - INFO -       HybridNaive: p=0.1988 (normal)
2025-11-26 14:33:28,153 - INFO -     Test selected: paired_t_test
2025-11-26 14:33:28,153 - INFO -     Mean difference: -16.69
2025-11-26 14:33:28,154 - INFO -     95% CI difference: [-46.51, 13.13]
2025-11-26 14:33:28,154 - INFO -     p-value (uncorrected): 0.259855
2025-11-26 14:33:28,154 - INFO -     Cohen's d: -0.3266
2025-11-26 14:33:28,154 - INFO -     Effect size interpretation: small
2025-11-26 14:33:28,155 - INFO -   CPU vs HybridOptimized:
2025-11-26 14:33:28,156 - INFO -     Normality (Shapiro-Wilk):
2025-11-26 14:33:28,156 - INFO -       CPU: p=0.2421 (normal)
2025-11-26 14:33:28,156 - INFO -       HybridOptimized: p=0.3268 (normal)
2025-11-26 14:33:28,156 - INFO -     Test selected: paired_t_test
2025-11-26 14:33:28,156 - INFO -     Mean difference: -1.65
2025-11-26 14:33:28,156 - INFO -     95% CI difference: [-26.78, 23.47]
2025-11-26 14:33:28,156 - INFO -     p-value (uncorrected): 0.893243
2025-11-26 14:33:28,156 - INFO -     Cohen's d: -0.0364
2025-11-26 14:33:28,156 - INFO -     Effect size interpretation: negligible
2025-11-26 14:33:28,158 - INFO -   CPU vs FullGPU:
2025-11-26 14:33:28,158 - INFO -     Normality (Shapiro-Wilk):
2025-11-26 14:33:28,158 - INFO -       CPU: p=0.2421 (normal)
2025-11-26 14:33:28,158 - INFO -       FullGPU: p=0.3992 (normal)
2025-11-26 14:33:28,158 - INFO -     Test selected: paired_t_test
2025-11-26 14:33:28,158 - INFO -     Mean difference: 33.69
2025-11-26 14:33:28,158 - INFO -     95% CI difference: [2.11, 65.27]
2025-11-26 14:33:28,158 - INFO -     p-value (uncorrected): 0.037481
2025-11-26 14:33:28,158 - INFO -     Cohen's d: 0.7008
2025-11-26 14:33:28,158 - INFO -     Effect size interpretation: medium
2025-11-26 14:33:28,160 - INFO -   HybridNaive vs HybridOptimized:
2025-11-26 14:33:28,160 - INFO -     Normality (Shapiro-Wilk):
2025-11-26 14:33:28,160 - INFO -       HybridNaive: p=0.1988 (normal)
2025-11-26 14:33:28,160 - INFO -       HybridOptimized: p=0.3268 (normal)
2025-11-26 14:33:28,160 - INFO -     Test selected: paired_t_test
2025-11-26 14:33:28,161 - INFO -     Mean difference: 15.04
2025-11-26 14:33:28,161 - INFO -     95% CI difference: [-7.04, 37.12]
2025-11-26 14:33:28,161 - INFO -     p-value (uncorrected): 0.172978
2025-11-26 14:33:28,161 - INFO -     Cohen's d: 0.3172
2025-11-26 14:33:28,161 - INFO -     Effect size interpretation: small
2025-11-26 14:33:28,163 - INFO -   HybridNaive vs FullGPU:
2025-11-26 14:33:28,163 - INFO -     Normality (Shapiro-Wilk):
2025-11-26 14:33:28,163 - INFO -       HybridNaive: p=0.1988 (normal)
2025-11-26 14:33:28,163 - INFO -       FullGPU: p=0.3992 (normal)
2025-11-26 14:33:28,163 - INFO -     Test selected: paired_t_test
2025-11-26 14:33:28,163 - INFO -     Mean difference: 50.38
2025-11-26 14:33:28,163 - INFO -     95% CI difference: [20.90, 79.87]
2025-11-26 14:33:28,163 - INFO -     p-value (uncorrected): 0.001682
2025-11-26 14:33:28,163 - INFO -     Cohen's d: 1.0082
2025-11-26 14:33:28,163 - INFO -     Effect size interpretation: large
2025-11-26 14:33:28,165 - INFO -   HybridOptimized vs FullGPU:
2025-11-26 14:33:28,165 - INFO -     Normality (Shapiro-Wilk):
2025-11-26 14:33:28,165 - INFO -       HybridOptimized: p=0.3268 (normal)
2025-11-26 14:33:28,165 - INFO -       FullGPU: p=0.3992 (normal)
2025-11-26 14:33:28,165 - INFO -     Test selected: paired_t_test
2025-11-26 14:33:28,165 - INFO -     Mean difference: 35.35
2025-11-26 14:33:28,165 - INFO -     95% CI difference: [13.07, 57.62]
2025-11-26 14:33:28,165 - INFO -     p-value (uncorrected): 0.003143
2025-11-26 14:33:28,165 - INFO -     Cohen's d: 0.8010
2025-11-26 14:33:28,165 - INFO -     Effect size interpretation: large
2025-11-26 14:33:28,165 - INFO - 
  Multiple Comparison Correction (Holm-Bonferroni, α=0.05):
2025-11-26 14:33:28,165 - INFO -     CPU vs HybridNaive:
2025-11-26 14:33:28,165 - INFO -       Original p-value: 0.259855
2025-11-26 14:33:28,165 - INFO -       Adjusted p-value: 0.519710
2025-11-26 14:33:28,165 - INFO -       Significant (after correction): False
2025-11-26 14:33:28,165 - INFO -     CPU vs HybridOptimized:
2025-11-26 14:33:28,165 - INFO -       Original p-value: 0.893243
2025-11-26 14:33:28,165 - INFO -       Adjusted p-value: 0.893243
2025-11-26 14:33:28,165 - INFO -       Significant (after correction): False
2025-11-26 14:33:28,165 - INFO -     CPU vs FullGPU:
2025-11-26 14:33:28,165 - INFO -       Original p-value: 0.037481
2025-11-26 14:33:28,165 - INFO -       Adjusted p-value: 0.149925
2025-11-26 14:33:28,166 - INFO -       Significant (after correction): False
2025-11-26 14:33:28,166 - INFO -     HybridNaive vs HybridOptimized:
2025-11-26 14:33:28,166 - INFO -       Original p-value: 0.172978
2025-11-26 14:33:28,166 - INFO -       Adjusted p-value: 0.518935
2025-11-26 14:33:28,166 - INFO -       Significant (after correction): False
2025-11-26 14:33:28,166 - INFO -     HybridNaive vs FullGPU:
2025-11-26 14:33:28,166 - INFO -       Original p-value: 0.001682
2025-11-26 14:33:28,166 - INFO -       Adjusted p-value: 0.010094
2025-11-26 14:33:28,166 - INFO -       Significant (after correction): True
2025-11-26 14:33:28,166 - INFO -     HybridOptimized vs FullGPU:
2025-11-26 14:33:28,166 - INFO -       Original p-value: 0.003143
2025-11-26 14:33:28,166 - INFO -       Adjusted p-value: 0.015713
2025-11-26 14:33:28,166 - INFO -       Significant (after correction): True
2025-11-26 14:33:28,166 - INFO - 
Summary: kroD100 (optimal=21294.0)
2025-11-26 14:33:28,166 - INFO - --------------------------------------------------------------------------------
2025-11-26 14:33:28,166 - INFO - Algorithm            Mean Cost       Gap (%)      Time (s)     H2D (MB)     D2H (MB)    
2025-11-26 14:33:28,166 - INFO - --------------------------------------------------------------------------------
2025-11-26 14:33:28,166 - INFO - CPU                  21414.77        0.57         185.51       0.00         0.00        
2025-11-26 14:33:28,166 - INFO - HybridNaive          21431.46        0.65         1.84         2.01         1.13        
2025-11-26 14:33:28,166 - INFO - HybridOptimized      21416.42        0.57         0.31         1.17         1.18        
2025-11-26 14:33:28,166 - INFO - FullGPU              21381.08        0.41         1.97         0.08         0.00        
2025-11-26 14:33:28,167 - INFO - 
Speedups (relative to baseline):
2025-11-26 14:33:28,167 - INFO -   CPU: 1.00x (baseline)
2025-11-26 14:33:28,167 - INFO -   HybridNaive: 101.05x vs CPU
2025-11-26 14:33:28,167 - INFO -   HybridOptimized: 589.51x vs CPU
2025-11-26 14:33:28,167 - INFO -   FullGPU: 94.39x vs CPU
2025-11-26 14:33:28,167 - INFO - 
2025-11-26 14:33:28,170 - INFO - ✓ Problem statistics saved: kroD100_stats.json

2025-11-26 14:33:28,216 - INFO - 
================================================================================
2025-11-26 14:33:28,216 - INFO - PROBLEM 11/38: kroE100
2025-11-26 14:33:28,216 - INFO - Size: 100 cities | Optimal: 22068.0
2025-11-26 14:33:28,216 - INFO - ================================================================================
2025-11-26 14:33:28,216 - INFO - Running 4 algorithm(s) (n≤100)

2025-11-26 14:33:28,248 - INFO -   [1/4] CPU (CPU): Resuming: 22/26 runs exist, completing remaining 4
2025-11-26 14:33:28,249 - INFO - GeneticAlgorithmCPU initialized: pop_size=256, mutation_rate=0.02, tournament_k=5, 2opt_iters=10
2025-11-26 14:33:28,249 - INFO - 
  [CPU] INCREMENTAL MODE: Extending kroE100 from 22 to 26 runs
2025-11-26 14:33:28,249 - INFO -     Backend: CPU | Early stopping: patience=20 (adaptive: 2×√100) | New repetitions: 4
2025-11-26 14:33:28,250 - INFO -     Run 23/26 (new #1/4, seed=109164198)...
2025-11-26 14:36:22,425 - INFO - Near-optimal solution reached at generation 11 (cost=22214.00, optimal=22068.00, gap=0.66%)
2025-11-26 14:36:22,425 - INFO - GeneticAlgorithmCPU evolution complete: best=22214.00, improvement=85.31%, H2D=0.00MB, D2H=0.00MB, kernels=0, stopped=hit_optimal
2025-11-26 14:36:22,425 - INFO -       → Completed in 174.18s | Cost: 22214 (gap: 0.66%) | Generations: 11/2000
2025-11-26 14:36:22,426 - INFO -     Run 24/26 (new #2/4, seed=1967539817)...
2025-11-26 14:39:09,521 - INFO - Near-optimal solution reached at generation 11 (cost=22288.00, optimal=22068.00, gap=1.00%)
2025-11-26 14:39:09,521 - INFO - GeneticAlgorithmCPU evolution complete: best=22288.00, improvement=85.47%, H2D=0.00MB, D2H=0.00MB, kernels=0, stopped=hit_optimal
2025-11-26 14:39:09,521 - INFO -       → Completed in 167.10s | Cost: 22288 (gap: 1.00%) | Generations: 11/2000
2025-11-26 14:39:09,522 - INFO -     Run 25/26 (new #3/4, seed=1511281419)...
2025-11-26 14:42:03,972 - INFO - Near-optimal solution reached at generation 12 (cost=22149.00, optimal=22068.00, gap=0.37%)
2025-11-26 14:42:03,972 - INFO - GeneticAlgorithmCPU evolution complete: best=22149.00, improvement=85.41%, H2D=0.00MB, D2H=0.00MB, kernels=0, stopped=hit_optimal
2025-11-26 14:42:03,972 - INFO -       → Completed in 174.45s | Cost: 22149 (gap: 0.37%) | Generations: 12/2000
2025-11-26 14:42:03,972 - INFO -     Run 26/26 (new #4/4, seed=860994963)...
2025-11-26 14:44:46,975 - INFO - Near-optimal solution reached at generation 11 (cost=22239.00, optimal=22068.00, gap=0.77%)
2025-11-26 14:44:46,975 - INFO - GeneticAlgorithmCPU evolution complete: best=22239.00, improvement=85.04%, H2D=0.00MB, D2H=0.00MB, kernels=0, stopped=hit_optimal
2025-11-26 14:44:46,975 - INFO -       → Completed in 163.00s | Cost: 22239 (gap: 0.77%) | Generations: 11/2000
2025-11-26 14:44:46,976 - INFO - 
    ✓ CPU INCREMENTAL summary for kroE100 (26 total runs): Cost=22202±56.0 | Gap=0.61%±0.25% | Time=189.61s±27.70s
2025-11-26 14:44:47,020 - INFO -     ✓ Checkpoint saved: kroE100_CPU.json
2025-11-26 14:44:47,065 - INFO -   [2/4] HybridNaive (GPU): Resuming: 22/26 runs exist, completing remaining 4
2025-11-26 14:44:47,066 - INFO - GeneticAlgorithmHybridNaive initialized: pop_size=256, mutation_rate=0.02, tournament_k=5, 2opt_iters=10
2025-11-26 14:44:47,066 - INFO - Loaded two_opt_kernel for naive hybrid
2025-11-26 14:44:47,066 - INFO - 
  [HybridNaive] INCREMENTAL MODE: Extending kroE100 from 22 to 26 runs
2025-11-26 14:44:47,066 - INFO -     Backend: GPU | Early stopping: patience=20 (adaptive: 2×√100) | New repetitions: 4
2025-11-26 14:44:47,066 - INFO -     Run 23/26 (new #1/4, seed=347469585)...
2025-11-26 14:44:48,856 - INFO - Near-optimal solution reached at generation 11 (cost=22253.00, optimal=22068.00, gap=0.84%)
2025-11-26 14:44:48,856 - INFO - GeneticAlgorithmHybridNaive evolution complete: best=22253.00, improvement=85.29%, H2D=2.01MB, D2H=1.13MB, kernels=28160, stopped=hit_optimal
2025-11-26 14:44:48,856 - INFO -       → Completed in 1.79s | Cost: 22253 (gap: 0.84%) | Generations: 11/2000
2025-11-26 14:44:48,856 - INFO -     Run 24/26 (new #2/4, seed=1109545498)...
2025-11-26 14:44:50,722 - INFO - Near-optimal solution reached at generation 11 (cost=22241.00, optimal=22068.00, gap=0.78%)
2025-11-26 14:44:50,722 - INFO - GeneticAlgorithmHybridNaive evolution complete: best=22241.00, improvement=85.50%, H2D=2.01MB, D2H=1.13MB, kernels=28160, stopped=hit_optimal
2025-11-26 14:44:50,722 - INFO -       → Completed in 1.87s | Cost: 22241 (gap: 0.78%) | Generations: 11/2000
2025-11-26 14:44:50,722 - INFO -     Run 25/26 (new #3/4, seed=38502119)...
2025-11-26 14:44:52,416 - INFO - Near-optimal solution reached at generation 10 (cost=22222.00, optimal=22068.00, gap=0.70%)
2025-11-26 14:44:52,416 - INFO - GeneticAlgorithmHybridNaive evolution complete: best=22222.00, improvement=85.37%, H2D=1.82MB, D2H=1.02MB, kernels=25600, stopped=hit_optimal
2025-11-26 14:44:52,416 - INFO -       → Completed in 1.69s | Cost: 22222 (gap: 0.70%) | Generations: 10/2000
2025-11-26 14:44:52,416 - INFO -     Run 26/26 (new #4/4, seed=1420582595)...
2025-11-26 14:44:54,168 - INFO - Near-optimal solution reached at generation 11 (cost=22261.00, optimal=22068.00, gap=0.87%)
2025-11-26 14:44:54,168 - INFO - GeneticAlgorithmHybridNaive evolution complete: best=22261.00, improvement=85.03%, H2D=2.01MB, D2H=1.13MB, kernels=28160, stopped=hit_optimal
2025-11-26 14:44:54,168 - INFO -       → Completed in 1.75s | Cost: 22261 (gap: 0.87%) | Generations: 11/2000
2025-11-26 14:44:54,169 - INFO - 
    ✓ HybridNaive INCREMENTAL summary for kroE100 (26 total runs): Cost=22211±42.2 | Gap=0.65%±0.19% | Time=1.85s±0.18s
2025-11-26 14:44:54,179 - INFO -     ✓ Checkpoint saved: kroE100_HybridNaive.json
2025-11-26 14:44:54,225 - INFO -   [3/4] HybridOptimized (GPU): Resuming: 22/26 runs exist, completing remaining 4
2025-11-26 14:44:54,226 - INFO - GeneticAlgorithmHybridOptimized initialized: pop_size=256, mutation_rate=0.02, tournament_k=5, 2opt_iters=10
2025-11-26 14:44:54,226 - INFO - Loaded batch kernels: two_opt_batch, cost_calculator
2025-11-26 14:44:54,226 - INFO - 
  [HybridOptimized] INCREMENTAL MODE: Extending kroE100 from 22 to 26 runs
2025-11-26 14:44:54,226 - INFO -     Backend: GPU | Early stopping: patience=20 (adaptive: 2×√100) | New repetitions: 4
2025-11-26 14:44:54,226 - INFO -     Run 23/26 (new #1/4, seed=824788552)...
2025-11-26 14:44:54,486 - INFO - Near-optimal solution reached at generation 11 (cost=22210.00, optimal=22068.00, gap=0.64%)
2025-11-26 14:44:54,486 - INFO - GeneticAlgorithmHybridOptimized evolution complete: best=22210.00, improvement=85.32%, H2D=1.21MB, D2H=1.15MB, kernels=121, stopped=hit_optimal
2025-11-26 14:44:54,486 - INFO -       → Completed in 0.26s | Cost: 22210 (gap: 0.64%) | Generations: 11/2000
2025-11-26 14:44:54,486 - INFO -     Run 24/26 (new #2/4, seed=615848855)...
2025-11-26 14:44:54,771 - INFO - Near-optimal solution reached at generation 12 (cost=22137.00, optimal=22068.00, gap=0.31%)
2025-11-26 14:44:54,771 - INFO - GeneticAlgorithmHybridOptimized evolution complete: best=22137.00, improvement=85.57%, H2D=1.23MB, D2H=1.25MB, kernels=132, stopped=hit_optimal
2025-11-26 14:44:54,771 - INFO -       → Completed in 0.28s | Cost: 22137 (gap: 0.31%) | Generations: 12/2000
2025-11-26 14:44:54,771 - INFO -     Run 25/26 (new #3/4, seed=404203531)...
2025-11-26 14:44:55,030 - INFO - Near-optimal solution reached at generation 11 (cost=22248.00, optimal=22068.00, gap=0.82%)
2025-11-26 14:44:55,030 - INFO - GeneticAlgorithmHybridOptimized evolution complete: best=22248.00, improvement=85.29%, H2D=1.13MB, D2H=1.15MB, kernels=121, stopped=hit_optimal
2025-11-26 14:44:55,030 - INFO -       → Completed in 0.26s | Cost: 22248 (gap: 0.82%) | Generations: 11/2000
2025-11-26 14:44:55,031 - INFO -     Run 26/26 (new #4/4, seed=998023063)...
2025-11-26 14:44:55,288 - INFO - Near-optimal solution reached at generation 11 (cost=22150.00, optimal=22068.00, gap=0.37%)
2025-11-26 14:44:55,288 - INFO - GeneticAlgorithmHybridOptimized evolution complete: best=22150.00, improvement=85.53%, H2D=1.13MB, D2H=1.15MB, kernels=121, stopped=hit_optimal
2025-11-26 14:44:55,288 - INFO -       → Completed in 0.26s | Cost: 22150 (gap: 0.37%) | Generations: 11/2000
2025-11-26 14:44:55,289 - INFO - 
    ✓ HybridOptimized INCREMENTAL summary for kroE100 (26 total runs): Cost=22189±62.0 | Gap=0.55%±0.28% | Time=0.30s±0.05s
2025-11-26 14:44:55,299 - INFO -     ✓ Checkpoint saved: kroE100_HybridOptimized.json
2025-11-26 14:44:55,344 - INFO -   [4/4] FullGPU (GPU): Resuming: 22/26 runs exist, completing remaining 4
2025-11-26 14:44:55,345 - INFO - GeneticAlgorithmFullGPUEarlyStop initialized: pop_size=256, mutation_rate=0.02, tournament_k=5, 2opt_iters=10
2025-11-26 14:44:55,345 - INFO - Loaded Fujimoto GA kernel with early stopping support
2025-11-26 14:44:55,345 - INFO - 
  [FullGPU] INCREMENTAL MODE: Extending kroE100 from 22 to 26 runs
2025-11-26 14:44:55,345 - INFO -     Backend: GPU | Early stopping: patience=20 (adaptive: 2×√100) | New repetitions: 4
2025-11-26 14:44:55,345 - INFO -     Run 23/26 (new #1/4, seed=1664728780)...
2025-11-26 14:44:55,346 - INFO - FullGPUEarlyStop: Launching kernel (max=2000 gens, optimal=22068.0, patience=20)
2025-11-26 14:44:56,171 - INFO - FullGPUEarlyStop complete: best=22171.00, improvement=85.39%, gens=31/2000, stopped=hit_optimal, H2D=0.08MB, D2H=0.00MB, kernels=3
2025-11-26 14:44:56,171 - INFO -       → Completed in 0.83s | Cost: 22171 (gap: 0.47%) | Generations: 31/2000
2025-11-26 14:44:56,171 - INFO -     Run 24/26 (new #2/4, seed=1330714662)...
2025-11-26 14:44:56,172 - INFO - FullGPUEarlyStop: Launching kernel (max=2000 gens, optimal=22068.0, patience=20)
2025-11-26 14:44:57,220 - INFO - FullGPUEarlyStop complete: best=22212.00, improvement=85.36%, gens=39/2000, stopped=hit_optimal, H2D=0.08MB, D2H=0.00MB, kernels=3
2025-11-26 14:44:57,220 - INFO -       → Completed in 1.05s | Cost: 22212 (gap: 0.65%) | Generations: 39/2000
2025-11-26 14:44:57,220 - INFO -     Run 25/26 (new #3/4, seed=139297650)...
2025-11-26 14:44:57,221 - INFO - FullGPUEarlyStop: Launching kernel (max=2000 gens, optimal=22068.0, patience=20)
2025-11-26 14:44:58,547 - INFO - FullGPUEarlyStop complete: best=22296.00, improvement=85.30%, gens=50/2000, stopped=no_improvements, H2D=0.08MB, D2H=0.00MB, kernels=3
2025-11-26 14:44:58,547 - INFO -       → Completed in 1.33s | Cost: 22296 (gap: 1.03%) | Generations: 50/2000
2025-11-26 14:44:58,547 - INFO -     Run 26/26 (new #4/4, seed=113209817)...
2025-11-26 14:44:58,548 - INFO - FullGPUEarlyStop: Launching kernel (max=2000 gens, optimal=22068.0, patience=20)
2025-11-26 14:44:59,499 - INFO - FullGPUEarlyStop complete: best=22230.00, improvement=85.35%, gens=36/2000, stopped=hit_optimal, H2D=0.08MB, D2H=0.00MB, kernels=3
2025-11-26 14:44:59,500 - INFO -       → Completed in 0.95s | Cost: 22230 (gap: 0.73%) | Generations: 36/2000
2025-11-26 14:44:59,501 - INFO - 
    ✓ FullGPU INCREMENTAL summary for kroE100 (26 total runs): Cost=22170±37.5 | Gap=0.46%±0.17% | Time=1.81s±0.66s
2025-11-26 14:44:59,511 - INFO -     ✓ Checkpoint saved: kroE100_FullGPU.json
2025-11-26 14:44:59,559 - INFO - 
────────────────────────────────────────────────────────────────────────────────
2025-11-26 14:44:59,559 - INFO - STATISTICS FOR kroE100
2025-11-26 14:44:59,559 - INFO - ────────────────────────────────────────────────────────────────────────────────
2025-11-26 14:44:59,559 - INFO - 
Statistical Analysis: kroE100
2025-11-26 14:44:59,559 - INFO - --------------------------------------------------------------------------------
2025-11-26 14:44:59,563 - INFO - Friedman Test (k=4 algorithms):
2025-11-26 14:44:59,563 - INFO -   Statistic: 9.9231
2025-11-26 14:44:59,563 - INFO -   p-value: 0.019231
2025-11-26 14:44:59,563 - INFO -   Significant: True
2025-11-26 14:44:59,574 - INFO - 
Nemenyi Post-Hoc Test:
2025-11-26 14:44:59,584 - INFO -   Critical distance: 1.3009
2025-11-26 14:44:59,584 - INFO -   Mean ranks:
2025-11-26 14:44:59,584 - INFO -     CPU: 2.77
2025-11-26 14:44:59,584 - INFO -     HybridNaive: 2.92
2025-11-26 14:44:59,584 - INFO -     HybridOptimized: 2.42
2025-11-26 14:44:59,584 - INFO -     FullGPU: 1.88
2025-11-26 14:44:59,584 - INFO - 
  Significant pairwise differences:
2025-11-26 14:44:59,584 - INFO -     HybridNaive vs FullGPU: rank_diff=1.04, p=0.0195
2025-11-26 14:44:59,584 - INFO - 
Pairwise Comparisons:
2025-11-26 14:44:59,584 - INFO - Following statistical methodology:
2025-11-26 14:44:59,584 - INFO -   - Normality testing (Shapiro-Wilk)
2025-11-26 14:44:59,584 - INFO -   - Test selection (paired t-test vs Wilcoxon)
2025-11-26 14:44:59,585 - INFO -   - Effect size (Cohen's d)
2025-11-26 14:44:59,585 - INFO -   - 95% Confidence Intervals
2025-11-26 14:44:59,585 - INFO -   - Holm-Bonferroni multiple comparison correction

2025-11-26 14:44:59,586 - INFO -   CPU vs HybridNaive:
2025-11-26 14:44:59,586 - INFO -     Normality (Shapiro-Wilk):
2025-11-26 14:44:59,586 - INFO -       CPU: p=0.2937 (normal)
2025-11-26 14:44:59,586 - INFO -       HybridNaive: p=0.2524 (normal)
2025-11-26 14:44:59,586 - INFO -     Test selected: paired_t_test
2025-11-26 14:44:59,586 - INFO -     Mean difference: -8.92
2025-11-26 14:44:59,586 - INFO -     95% CI difference: [-34.04, 16.19]
2025-11-26 14:44:59,587 - INFO -     p-value (uncorrected): 0.471136
2025-11-26 14:44:59,587 - INFO -     Cohen's d: -0.1765
2025-11-26 14:44:59,587 - INFO -     Effect size interpretation: negligible
2025-11-26 14:44:59,588 - INFO -   CPU vs HybridOptimized:
2025-11-26 14:44:59,588 - INFO -     Normality (Shapiro-Wilk):
2025-11-26 14:44:59,588 - INFO -       CPU: p=0.2937 (normal)
2025-11-26 14:44:59,588 - INFO -       HybridOptimized: p=0.4263 (normal)
2025-11-26 14:44:59,588 - INFO -     Test selected: paired_t_test
2025-11-26 14:44:59,588 - INFO -     Mean difference: 13.31
2025-11-26 14:44:59,588 - INFO -     95% CI difference: [-20.36, 46.97]
2025-11-26 14:44:59,588 - INFO -     p-value (uncorrected): 0.423246
2025-11-26 14:44:59,589 - INFO -     Cohen's d: 0.2209
2025-11-26 14:44:59,589 - INFO -     Effect size interpretation: small
2025-11-26 14:44:59,590 - INFO -   CPU vs FullGPU:
2025-11-26 14:44:59,591 - INFO -     Normality (Shapiro-Wilk):
2025-11-26 14:44:59,591 - INFO -       CPU: p=0.2937 (normal)
2025-11-26 14:44:59,591 - INFO -       FullGPU: p=0.0055 (non-normal)
2025-11-26 14:44:59,591 - INFO -     Test selected: wilcoxon_signed_rank
2025-11-26 14:44:59,591 - INFO -     Mean difference: 32.69
2025-11-26 14:44:59,591 - INFO -     95% CI difference: [2.27, 63.11]
2025-11-26 14:44:59,591 - INFO -     p-value (uncorrected): 0.032875
2025-11-26 14:44:59,591 - INFO -     Cohen's d: 0.6727
2025-11-26 14:44:59,591 - INFO -     Effect size interpretation: medium
2025-11-26 14:44:59,592 - INFO -   HybridNaive vs HybridOptimized:
2025-11-26 14:44:59,593 - INFO -     Normality (Shapiro-Wilk):
2025-11-26 14:44:59,593 - INFO -       HybridNaive: p=0.2524 (normal)
2025-11-26 14:44:59,593 - INFO -       HybridOptimized: p=0.4263 (normal)
2025-11-26 14:44:59,593 - INFO -     Test selected: paired_t_test
2025-11-26 14:44:59,593 - INFO -     Mean difference: 22.23
2025-11-26 14:44:59,593 - INFO -     95% CI difference: [-6.10, 50.56]
2025-11-26 14:44:59,593 - INFO -     p-value (uncorrected): 0.118584
2025-11-26 14:44:59,593 - INFO -     Cohen's d: 0.4113
2025-11-26 14:44:59,593 - INFO -     Effect size interpretation: small
2025-11-26 14:44:59,595 - INFO -   HybridNaive vs FullGPU:
2025-11-26 14:44:59,595 - INFO -     Normality (Shapiro-Wilk):
2025-11-26 14:44:59,595 - INFO -       HybridNaive: p=0.2524 (normal)
2025-11-26 14:44:59,595 - INFO -       FullGPU: p=0.0055 (non-normal)
2025-11-26 14:44:59,595 - INFO -     Test selected: wilcoxon_signed_rank
2025-11-26 14:44:59,595 - INFO -     Mean difference: 41.62
2025-11-26 14:44:59,595 - INFO -     95% CI difference: [19.24, 63.99]
2025-11-26 14:44:59,595 - INFO -     p-value (uncorrected): 0.001942
2025-11-26 14:44:59,595 - INFO -     Cohen's d: 1.0230
2025-11-26 14:44:59,595 - INFO -     Effect size interpretation: large
2025-11-26 14:44:59,597 - INFO -   HybridOptimized vs FullGPU:
2025-11-26 14:44:59,597 - INFO -     Normality (Shapiro-Wilk):
2025-11-26 14:44:59,597 - INFO -       HybridOptimized: p=0.4263 (normal)
2025-11-26 14:44:59,597 - INFO -       FullGPU: p=0.0055 (non-normal)
2025-11-26 14:44:59,598 - INFO -     Test selected: wilcoxon_signed_rank
2025-11-26 14:44:59,598 - INFO -     Mean difference: 19.38
2025-11-26 14:44:59,598 - INFO -     95% CI difference: [-8.98, 47.75]
2025-11-26 14:44:59,598 - INFO -     p-value (uncorrected): 0.227624
2025-11-26 14:44:59,598 - INFO -     Cohen's d: 0.3712
2025-11-26 14:44:59,598 - INFO -     Effect size interpretation: small
2025-11-26 14:44:59,598 - INFO - 
  Multiple Comparison Correction (Holm-Bonferroni, α=0.05):
2025-11-26 14:44:59,598 - INFO -     CPU vs HybridNaive:
2025-11-26 14:44:59,598 - INFO -       Original p-value: 0.471136
2025-11-26 14:44:59,598 - INFO -       Adjusted p-value: 0.846492
2025-11-26 14:44:59,598 - INFO -       Significant (after correction): False
2025-11-26 14:44:59,598 - INFO -     CPU vs HybridOptimized:
2025-11-26 14:44:59,598 - INFO -       Original p-value: 0.423246
2025-11-26 14:44:59,598 - INFO -       Adjusted p-value: 0.846492
2025-11-26 14:44:59,598 - INFO -       Significant (after correction): False
2025-11-26 14:44:59,598 - INFO -     CPU vs FullGPU:
2025-11-26 14:44:59,598 - INFO -       Original p-value: 0.032875
2025-11-26 14:44:59,598 - INFO -       Adjusted p-value: 0.164377
2025-11-26 14:44:59,598 - INFO -       Significant (after correction): False
2025-11-26 14:44:59,599 - INFO -     HybridNaive vs HybridOptimized:
2025-11-26 14:44:59,599 - INFO -       Original p-value: 0.118584
2025-11-26 14:44:59,599 - INFO -       Adjusted p-value: 0.474335
2025-11-26 14:44:59,599 - INFO -       Significant (after correction): False
2025-11-26 14:44:59,599 - INFO -     HybridNaive vs FullGPU:
2025-11-26 14:44:59,599 - INFO -       Original p-value: 0.001942
2025-11-26 14:44:59,599 - INFO -       Adjusted p-value: 0.011653
2025-11-26 14:44:59,599 - INFO -       Significant (after correction): True
2025-11-26 14:44:59,599 - INFO -     HybridOptimized vs FullGPU:
2025-11-26 14:44:59,599 - INFO -       Original p-value: 0.227624
2025-11-26 14:44:59,599 - INFO -       Adjusted p-value: 0.682873
2025-11-26 14:44:59,599 - INFO -       Significant (after correction): False
2025-11-26 14:44:59,599 - INFO - 
Summary: kroE100 (optimal=22068.0)
2025-11-26 14:44:59,599 - INFO - --------------------------------------------------------------------------------
2025-11-26 14:44:59,599 - INFO - Algorithm            Mean Cost       Gap (%)      Time (s)     H2D (MB)     D2H (MB)    
2025-11-26 14:44:59,599 - INFO - --------------------------------------------------------------------------------
2025-11-26 14:44:59,599 - INFO - CPU                  22202.31        0.61         189.61       0.00         0.00        
2025-11-26 14:44:59,599 - INFO - HybridNaive          22211.23        0.65         1.85         1.96         1.10        
2025-11-26 14:44:59,599 - INFO - HybridOptimized      22189.00        0.55         0.30         1.17         1.18        
2025-11-26 14:44:59,599 - INFO - FullGPU              22169.62        0.46         1.81         0.08         0.00        
2025-11-26 14:44:59,599 - INFO - 
Speedups (relative to baseline):
2025-11-26 14:44:59,600 - INFO -   CPU: 1.00x (baseline)
2025-11-26 14:44:59,600 - INFO -   HybridNaive: 102.22x vs CPU
2025-11-26 14:44:59,600 - INFO -   HybridOptimized: 633.29x vs CPU
2025-11-26 14:44:59,600 - INFO -   FullGPU: 104.73x vs CPU
2025-11-26 14:44:59,600 - INFO - 
2025-11-26 14:44:59,602 - INFO - ✓ Problem statistics saved: kroE100_stats.json

2025-11-26 14:44:59,651 - INFO - 
================================================================================
2025-11-26 14:44:59,652 - INFO - PROBLEM 12/38: rd100
2025-11-26 14:44:59,652 - INFO - Size: 100 cities | Optimal: 7910.0
2025-11-26 14:44:59,652 - INFO - ================================================================================
2025-11-26 14:44:59,652 - INFO - Running 4 algorithm(s) (n≤100)

2025-11-26 14:44:59,678 - INFO -   [1/4] CPU (CPU): Resuming: 22/26 runs exist, completing remaining 4
2025-11-26 14:44:59,679 - INFO - GeneticAlgorithmCPU initialized: pop_size=256, mutation_rate=0.02, tournament_k=5, 2opt_iters=10
2025-11-26 14:44:59,679 - INFO - 
  [CPU] INCREMENTAL MODE: Extending rd100 from 22 to 26 runs
2025-11-26 14:44:59,679 - INFO -     Backend: CPU | Early stopping: patience=20 (adaptive: 2×√100) | New repetitions: 4
2025-11-26 14:44:59,679 - INFO -     Run 23/26 (new #1/4, seed=1954098775)...
2025-11-26 14:47:34,833 - INFO - Near-optimal solution reached at generation 10 (cost=7976.00, optimal=7910.00, gap=0.83%)
2025-11-26 14:47:34,834 - INFO - GeneticAlgorithmCPU evolution complete: best=7976.00, improvement=84.01%, H2D=0.00MB, D2H=0.00MB, kernels=0, stopped=hit_optimal
2025-11-26 14:47:34,834 - INFO -       → Completed in 155.15s | Cost: 7976 (gap: 0.83%) | Generations: 10/2000
2025-11-26 14:47:34,834 - INFO -     Run 24/26 (new #2/4, seed=149748061)...
2025-11-26 14:50:23,774 - INFO - Near-optimal solution reached at generation 11 (cost=7948.00, optimal=7910.00, gap=0.48%)
2025-11-26 14:50:23,775 - INFO - GeneticAlgorithmCPU evolution complete: best=7948.00, improvement=83.96%, H2D=0.00MB, D2H=0.00MB, kernels=0, stopped=hit_optimal
2025-11-26 14:50:23,775 - INFO -       → Completed in 168.94s | Cost: 7948 (gap: 0.48%) | Generations: 11/2000
2025-11-26 14:50:23,775 - INFO -     Run 25/26 (new #3/4, seed=596867318)...
2025-11-26 14:53:08,545 - INFO - Near-optimal solution reached at generation 11 (cost=7969.00, optimal=7910.00, gap=0.75%)
2025-11-26 14:53:08,545 - INFO - GeneticAlgorithmCPU evolution complete: best=7969.00, improvement=83.97%, H2D=0.00MB, D2H=0.00MB, kernels=0, stopped=hit_optimal
2025-11-26 14:53:08,545 - INFO -       → Completed in 164.77s | Cost: 7969 (gap: 0.75%) | Generations: 11/2000
2025-11-26 14:53:08,546 - INFO -     Run 26/26 (new #4/4, seed=990054890)...
2025-11-26 14:55:54,003 - INFO - Near-optimal solution reached at generation 11 (cost=7989.00, optimal=7910.00, gap=1.00%)
2025-11-26 14:55:54,003 - INFO - GeneticAlgorithmCPU evolution complete: best=7989.00, improvement=83.72%, H2D=0.00MB, D2H=0.00MB, kernels=0, stopped=hit_optimal
2025-11-26 14:55:54,003 - INFO -       → Completed in 165.46s | Cost: 7989 (gap: 1.00%) | Generations: 11/2000
2025-11-26 14:55:54,004 - INFO - 
    ✓ CPU INCREMENTAL summary for rd100 (26 total runs): Cost=7961±22.9 | Gap=0.64%±0.29% | Time=186.60s±36.12s
2025-11-26 14:55:54,046 - INFO -     ✓ Checkpoint saved: rd100_CPU.json
2025-11-26 14:55:54,095 - INFO -   [2/4] HybridNaive (GPU): Resuming: 22/26 runs exist, completing remaining 4
2025-11-26 14:55:54,095 - INFO - GeneticAlgorithmHybridNaive initialized: pop_size=256, mutation_rate=0.02, tournament_k=5, 2opt_iters=10
2025-11-26 14:55:54,096 - INFO - Loaded two_opt_kernel for naive hybrid
2025-11-26 14:55:54,096 - INFO - 
  [HybridNaive] INCREMENTAL MODE: Extending rd100 from 22 to 26 runs
2025-11-26 14:55:54,096 - INFO -     Backend: GPU | Early stopping: patience=20 (adaptive: 2×√100) | New repetitions: 4
2025-11-26 14:55:54,096 - INFO -     Run 23/26 (new #1/4, seed=817076362)...
2025-11-26 14:55:55,981 - INFO - Near-optimal solution reached at generation 11 (cost=7953.00, optimal=7910.00, gap=0.54%)
2025-11-26 14:55:55,981 - INFO - GeneticAlgorithmHybridNaive evolution complete: best=7953.00, improvement=84.06%, H2D=2.01MB, D2H=1.13MB, kernels=28160, stopped=hit_optimal
2025-11-26 14:55:55,981 - INFO -       → Completed in 1.89s | Cost: 7953 (gap: 0.54%) | Generations: 11/2000
2025-11-26 14:55:55,981 - INFO -     Run 24/26 (new #2/4, seed=1339311462)...
2025-11-26 14:55:57,854 - INFO - Near-optimal solution reached at generation 12 (cost=7958.00, optimal=7910.00, gap=0.61%)
2025-11-26 14:55:57,854 - INFO - GeneticAlgorithmHybridNaive evolution complete: best=7958.00, improvement=83.31%, H2D=2.19MB, D2H=1.23MB, kernels=30720, stopped=hit_optimal
2025-11-26 14:55:57,855 - INFO -       → Completed in 1.87s | Cost: 7958 (gap: 0.61%) | Generations: 12/2000
2025-11-26 14:55:57,855 - INFO -     Run 25/26 (new #3/4, seed=1013693230)...
2025-11-26 14:55:59,413 - INFO - Near-optimal solution reached at generation 10 (cost=7976.00, optimal=7910.00, gap=0.83%)
2025-11-26 14:55:59,413 - INFO - GeneticAlgorithmHybridNaive evolution complete: best=7976.00, improvement=83.98%, H2D=1.82MB, D2H=1.02MB, kernels=25600, stopped=hit_optimal
2025-11-26 14:55:59,413 - INFO -       → Completed in 1.56s | Cost: 7976 (gap: 0.83%) | Generations: 10/2000
2025-11-26 14:55:59,414 - INFO -     Run 26/26 (new #4/4, seed=825165245)...
2025-11-26 14:56:01,412 - INFO - Near-optimal solution reached at generation 12 (cost=7965.00, optimal=7910.00, gap=0.70%)
2025-11-26 14:56:01,412 - INFO - GeneticAlgorithmHybridNaive evolution complete: best=7965.00, improvement=84.20%, H2D=2.19MB, D2H=1.23MB, kernels=30720, stopped=hit_optimal
2025-11-26 14:56:01,412 - INFO -       → Completed in 2.00s | Cost: 7965 (gap: 0.70%) | Generations: 12/2000
2025-11-26 14:56:01,413 - INFO - 
    ✓ HybridNaive INCREMENTAL summary for rd100 (26 total runs): Cost=7950±22.5 | Gap=0.50%±0.28% | Time=1.84s±0.21s
2025-11-26 14:56:01,423 - INFO -     ✓ Checkpoint saved: rd100_HybridNaive.json
2025-11-26 14:56:01,470 - INFO -   [3/4] HybridOptimized (GPU): Resuming: 22/26 runs exist, completing remaining 4
2025-11-26 14:56:01,471 - INFO - GeneticAlgorithmHybridOptimized initialized: pop_size=256, mutation_rate=0.02, tournament_k=5, 2opt_iters=10
2025-11-26 14:56:01,471 - INFO - Loaded batch kernels: two_opt_batch, cost_calculator
2025-11-26 14:56:01,471 - INFO - 
  [HybridOptimized] INCREMENTAL MODE: Extending rd100 from 22 to 26 runs
2025-11-26 14:56:01,471 - INFO -     Backend: GPU | Early stopping: patience=20 (adaptive: 2×√100) | New repetitions: 4
2025-11-26 14:56:01,471 - INFO -     Run 23/26 (new #1/4, seed=589995639)...
2025-11-26 14:56:01,761 - INFO - Near-optimal solution reached at generation 10 (cost=7943.00, optimal=7910.00, gap=0.42%)
2025-11-26 14:56:01,761 - INFO - GeneticAlgorithmHybridOptimized evolution complete: best=7943.00, improvement=84.08%, H2D=1.10MB, D2H=1.04MB, kernels=110, stopped=hit_optimal
2025-11-26 14:56:01,761 - INFO -       → Completed in 0.29s | Cost: 7943 (gap: 0.42%) | Generations: 10/2000
2025-11-26 14:56:01,761 - INFO -     Run 24/26 (new #2/4, seed=1901100696)...
2025-11-26 14:56:02,077 - INFO - Near-optimal solution reached at generation 11 (cost=7983.00, optimal=7910.00, gap=0.92%)
2025-11-26 14:56:02,077 - INFO - GeneticAlgorithmHybridOptimized evolution complete: best=7983.00, improvement=83.89%, H2D=1.13MB, D2H=1.15MB, kernels=121, stopped=hit_optimal
2025-11-26 14:56:02,077 - INFO -       → Completed in 0.32s | Cost: 7983 (gap: 0.92%) | Generations: 11/2000
2025-11-26 14:56:02,077 - INFO -     Run 25/26 (new #3/4, seed=1129855856)...
2025-11-26 14:56:02,392 - INFO - Near-optimal solution reached at generation 11 (cost=7950.00, optimal=7910.00, gap=0.51%)
2025-11-26 14:56:02,392 - INFO - GeneticAlgorithmHybridOptimized evolution complete: best=7950.00, improvement=84.00%, H2D=1.13MB, D2H=1.15MB, kernels=121, stopped=hit_optimal
2025-11-26 14:56:02,392 - INFO -       → Completed in 0.31s | Cost: 7950 (gap: 0.51%) | Generations: 11/2000
2025-11-26 14:56:02,392 - INFO -     Run 26/26 (new #4/4, seed=899342216)...
2025-11-26 14:56:02,706 - INFO - Near-optimal solution reached at generation 11 (cost=7963.00, optimal=7910.00, gap=0.67%)
2025-11-26 14:56:02,706 - INFO - GeneticAlgorithmHybridOptimized evolution complete: best=7963.00, improvement=83.77%, H2D=1.13MB, D2H=1.15MB, kernels=121, stopped=hit_optimal
2025-11-26 14:56:02,706 - INFO -       → Completed in 0.31s | Cost: 7963 (gap: 0.67%) | Generations: 11/2000
2025-11-26 14:56:02,708 - INFO - 
    ✓ HybridOptimized INCREMENTAL summary for rd100 (26 total runs): Cost=7959±19.4 | Gap=0.62%±0.24% | Time=0.29s±0.05s
2025-11-26 14:56:02,717 - INFO -     ✓ Checkpoint saved: rd100_HybridOptimized.json
2025-11-26 14:56:02,764 - INFO -   [4/4] FullGPU (GPU): Resuming: 22/26 runs exist, completing remaining 4
2025-11-26 14:56:02,765 - INFO - GeneticAlgorithmFullGPUEarlyStop initialized: pop_size=256, mutation_rate=0.02, tournament_k=5, 2opt_iters=10
2025-11-26 14:56:02,765 - INFO - Loaded Fujimoto GA kernel with early stopping support
2025-11-26 14:56:02,765 - INFO - 
  [FullGPU] INCREMENTAL MODE: Extending rd100 from 22 to 26 runs
2025-11-26 14:56:02,765 - INFO -     Backend: GPU | Early stopping: patience=20 (adaptive: 2×√100) | New repetitions: 4
2025-11-26 14:56:02,765 - INFO -     Run 23/26 (new #1/4, seed=2034858248)...
2025-11-26 14:56:02,766 - INFO - FullGPUEarlyStop: Launching kernel (max=2000 gens, optimal=7910.0, patience=20)
2025-11-26 14:56:03,671 - INFO - FullGPUEarlyStop complete: best=7911.00, improvement=83.80%, gens=34/2000, stopped=hit_optimal, H2D=0.08MB, D2H=0.00MB, kernels=3
2025-11-26 14:56:03,671 - INFO -       → Completed in 0.91s | Cost: 7911 (gap: 0.01%) | Generations: 34/2000
2025-11-26 14:56:03,671 - INFO -     Run 24/26 (new #2/4, seed=372823434)...
2025-11-26 14:56:03,672 - INFO - FullGPUEarlyStop: Launching kernel (max=2000 gens, optimal=7910.0, patience=20)
2025-11-26 14:56:04,704 - INFO - FullGPUEarlyStop complete: best=7911.00, improvement=83.80%, gens=39/2000, stopped=hit_optimal, H2D=0.08MB, D2H=0.00MB, kernels=3
2025-11-26 14:56:04,704 - INFO -       → Completed in 1.03s | Cost: 7911 (gap: 0.01%) | Generations: 39/2000
2025-11-26 14:56:04,705 - INFO -     Run 25/26 (new #3/4, seed=129358845)...
2025-11-26 14:56:04,705 - INFO - FullGPUEarlyStop: Launching kernel (max=2000 gens, optimal=7910.0, patience=20)
2025-11-26 14:56:06,120 - INFO - FullGPUEarlyStop complete: best=7916.00, improvement=83.79%, gens=53/2000, stopped=hit_optimal, H2D=0.08MB, D2H=0.00MB, kernels=3
2025-11-26 14:56:06,121 - INFO -       → Completed in 1.42s | Cost: 7916 (gap: 0.08%) | Generations: 53/2000
2025-11-26 14:56:06,121 - INFO -     Run 26/26 (new #4/4, seed=1725348728)...
2025-11-26 14:56:06,122 - INFO - FullGPUEarlyStop: Launching kernel (max=2000 gens, optimal=7910.0, patience=20)
2025-11-26 14:56:07,175 - INFO - FullGPUEarlyStop complete: best=7910.00, improvement=83.80%, gens=40/2000, stopped=hit_optimal, H2D=0.08MB, D2H=0.00MB, kernels=3
2025-11-26 14:56:07,175 - INFO -       → Completed in 1.05s | Cost: 7910 (gap: 0.00%) | Generations: 40/2000
2025-11-26 14:56:07,176 - INFO - 
    ✓ FullGPU INCREMENTAL summary for rd100 (26 total runs): Cost=7915±8.0 | Gap=0.06%±0.10% | Time=1.57s±0.38s
2025-11-26 14:56:07,185 - INFO -     ✓ Checkpoint saved: rd100_FullGPU.json
2025-11-26 14:56:07,229 - INFO - 
────────────────────────────────────────────────────────────────────────────────
2025-11-26 14:56:07,229 - INFO - STATISTICS FOR rd100
2025-11-26 14:56:07,229 - INFO - ────────────────────────────────────────────────────────────────────────────────
2025-11-26 14:56:07,229 - INFO - 
Statistical Analysis: rd100
2025-11-26 14:56:07,230 - INFO - --------------------------------------------------------------------------------
2025-11-26 14:56:07,235 - INFO - Friedman Test (k=4 algorithms):
2025-11-26 14:56:07,235 - INFO -   Statistic: 37.3583
2025-11-26 14:56:07,235 - INFO -   p-value: 0.000000
2025-11-26 14:56:07,235 - INFO -   Significant: True
2025-11-26 14:56:07,246 - INFO - 
Nemenyi Post-Hoc Test:
2025-11-26 14:56:07,254 - INFO -   Critical distance: 1.3009
2025-11-26 14:56:07,254 - INFO -   Mean ranks:
2025-11-26 14:56:07,255 - INFO -     CPU: 3.25
2025-11-26 14:56:07,255 - INFO -     HybridNaive: 2.63
2025-11-26 14:56:07,255 - INFO -     HybridOptimized: 2.88
2025-11-26 14:56:07,255 - INFO -     FullGPU: 1.23
2025-11-26 14:56:07,255 - INFO - 
  Significant pairwise differences:
2025-11-26 14:56:07,255 - INFO -     CPU vs FullGPU: rank_diff=2.02, p=0.0000
2025-11-26 14:56:07,255 - INFO -     HybridNaive vs FullGPU: rank_diff=1.40, p=0.0005
2025-11-26 14:56:07,255 - INFO -     HybridOptimized vs FullGPU: rank_diff=1.65, p=0.0000
2025-11-26 14:56:07,255 - INFO - 
Pairwise Comparisons:
2025-11-26 14:56:07,255 - INFO - Following statistical methodology:
2025-11-26 14:56:07,255 - INFO -   - Normality testing (Shapiro-Wilk)
2025-11-26 14:56:07,255 - INFO -   - Test selection (paired t-test vs Wilcoxon)
2025-11-26 14:56:07,255 - INFO -   - Effect size (Cohen's d)
2025-11-26 14:56:07,255 - INFO -   - 95% Confidence Intervals
2025-11-26 14:56:07,256 - INFO -   - Holm-Bonferroni multiple comparison correction

2025-11-26 14:56:07,258 - INFO -   CPU vs HybridNaive:
2025-11-26 14:56:07,258 - INFO -     Normality (Shapiro-Wilk):
2025-11-26 14:56:07,258 - INFO -       CPU: p=0.0243 (non-normal)
2025-11-26 14:56:07,258 - INFO -       HybridNaive: p=0.2099 (normal)
2025-11-26 14:56:07,258 - INFO -     Test selected: wilcoxon_signed_rank
2025-11-26 14:56:07,258 - INFO -     Mean difference: 10.73
2025-11-26 14:56:07,258 - INFO -     95% CI difference: [-0.41, 21.87]
2025-11-26 14:56:07,258 - INFO -     p-value (uncorrected): 0.061873
2025-11-26 14:56:07,258 - INFO -     Cohen's d: 0.4639
2025-11-26 14:56:07,258 - INFO -     Effect size interpretation: small
2025-11-26 14:56:07,261 - INFO -   CPU vs HybridOptimized:
2025-11-26 14:56:07,261 - INFO -     Normality (Shapiro-Wilk):
2025-11-26 14:56:07,261 - INFO -       CPU: p=0.0243 (non-normal)
2025-11-26 14:56:07,261 - INFO -       HybridOptimized: p=0.0227 (non-normal)
2025-11-26 14:56:07,261 - INFO -     Test selected: wilcoxon_signed_rank
2025-11-26 14:56:07,261 - INFO -     Mean difference: 1.50
2025-11-26 14:56:07,261 - INFO -     95% CI difference: [-10.52, 13.52]
2025-11-26 14:56:07,261 - INFO -     p-value (uncorrected): 0.750835
2025-11-26 14:56:07,261 - INFO -     Cohen's d: 0.0694
2025-11-26 14:56:07,261 - INFO -     Effect size interpretation: negligible
2025-11-26 14:56:07,263 - INFO -   CPU vs FullGPU:
2025-11-26 14:56:07,263 - INFO -     Normality (Shapiro-Wilk):
2025-11-26 14:56:07,264 - INFO -       CPU: p=0.0243 (non-normal)
2025-11-26 14:56:07,264 - INFO -       FullGPU: p=0.0000 (non-normal)
2025-11-26 14:56:07,264 - INFO -     Test selected: wilcoxon_signed_rank
2025-11-26 14:56:07,264 - INFO -     Mean difference: 45.50
2025-11-26 14:56:07,264 - INFO -     95% CI difference: [36.33, 54.67]
2025-11-26 14:56:07,264 - INFO -     p-value (uncorrected): 0.000012
2025-11-26 14:56:07,264 - INFO -     Cohen's d: 2.5998
2025-11-26 14:56:07,264 - INFO -     Effect size interpretation: large
2025-11-26 14:56:07,266 - INFO -   HybridNaive vs HybridOptimized:
2025-11-26 14:56:07,266 - INFO -     Normality (Shapiro-Wilk):
2025-11-26 14:56:07,266 - INFO -       HybridNaive: p=0.2099 (normal)
2025-11-26 14:56:07,266 - INFO -       HybridOptimized: p=0.0227 (non-normal)
2025-11-26 14:56:07,266 - INFO -     Test selected: wilcoxon_signed_rank
2025-11-26 14:56:07,266 - INFO -     Mean difference: -9.23
2025-11-26 14:56:07,267 - INFO -     95% CI difference: [-20.97, 2.51]
2025-11-26 14:56:07,267 - INFO -     p-value (uncorrected): 0.126274
2025-11-26 14:56:07,267 - INFO -     Cohen's d: -0.4316
2025-11-26 14:56:07,267 - INFO -     Effect size interpretation: small
2025-11-26 14:56:07,269 - INFO -   HybridNaive vs FullGPU:
2025-11-26 14:56:07,269 - INFO -     Normality (Shapiro-Wilk):
2025-11-26 14:56:07,269 - INFO -       HybridNaive: p=0.2099 (normal)
2025-11-26 14:56:07,269 - INFO -       FullGPU: p=0.0000 (non-normal)
2025-11-26 14:56:07,269 - INFO -     Test selected: wilcoxon_signed_rank
2025-11-26 14:56:07,269 - INFO -     Mean difference: 34.77
2025-11-26 14:56:07,269 - INFO -     95% CI difference: [24.92, 44.61]
2025-11-26 14:56:07,269 - INFO -     p-value (uncorrected): 0.000025
2025-11-26 14:56:07,269 - INFO -     Cohen's d: 2.0201
2025-11-26 14:56:07,270 - INFO -     Effect size interpretation: large
2025-11-26 14:56:07,271 - INFO -   HybridOptimized vs FullGPU:
2025-11-26 14:56:07,271 - INFO -     Normality (Shapiro-Wilk):
2025-11-26 14:56:07,271 - INFO -       HybridOptimized: p=0.0227 (non-normal)
2025-11-26 14:56:07,271 - INFO -       FullGPU: p=0.0000 (non-normal)
2025-11-26 14:56:07,271 - INFO -     Test selected: wilcoxon_signed_rank
2025-11-26 14:56:07,271 - INFO -     Mean difference: 44.00
2025-11-26 14:56:07,272 - INFO -     95% CI difference: [35.37, 52.63]
2025-11-26 14:56:07,272 - INFO -     p-value (uncorrected): 0.000021
2025-11-26 14:56:07,272 - INFO -     Cohen's d: 2.9107
2025-11-26 14:56:07,272 - INFO -     Effect size interpretation: large
2025-11-26 14:56:07,272 - INFO - 
  Multiple Comparison Correction (Holm-Bonferroni, α=0.05):
2025-11-26 14:56:07,272 - INFO -     CPU vs HybridNaive:
2025-11-26 14:56:07,272 - INFO -       Original p-value: 0.061873
2025-11-26 14:56:07,272 - INFO -       Adjusted p-value: 0.185620
2025-11-26 14:56:07,272 - INFO -       Significant (after correction): False
2025-11-26 14:56:07,272 - INFO -     CPU vs HybridOptimized:
2025-11-26 14:56:07,272 - INFO -       Original p-value: 0.750835
2025-11-26 14:56:07,272 - INFO -       Adjusted p-value: 0.750835
2025-11-26 14:56:07,272 - INFO -       Significant (after correction): False
2025-11-26 14:56:07,272 - INFO -     CPU vs FullGPU:
2025-11-26 14:56:07,273 - INFO -       Original p-value: 0.000012
2025-11-26 14:56:07,273 - INFO -       Adjusted p-value: 0.000074
2025-11-26 14:56:07,273 - INFO -       Significant (after correction): True
2025-11-26 14:56:07,273 - INFO -     HybridNaive vs HybridOptimized:
2025-11-26 14:56:07,273 - INFO -       Original p-value: 0.126274
2025-11-26 14:56:07,273 - INFO -       Adjusted p-value: 0.252548
2025-11-26 14:56:07,273 - INFO -       Significant (after correction): False
2025-11-26 14:56:07,273 - INFO -     HybridNaive vs FullGPU:
2025-11-26 14:56:07,273 - INFO -       Original p-value: 0.000025
2025-11-26 14:56:07,273 - INFO -       Adjusted p-value: 0.000103
2025-11-26 14:56:07,273 - INFO -       Significant (after correction): True
2025-11-26 14:56:07,273 - INFO -     HybridOptimized vs FullGPU:
2025-11-26 14:56:07,273 - INFO -       Original p-value: 0.000021
2025-11-26 14:56:07,273 - INFO -       Adjusted p-value: 0.000103
2025-11-26 14:56:07,273 - INFO -       Significant (after correction): True
2025-11-26 14:56:07,273 - INFO - 
Summary: rd100 (optimal=7910.0)
2025-11-26 14:56:07,273 - INFO - --------------------------------------------------------------------------------
2025-11-26 14:56:07,273 - INFO - Algorithm            Mean Cost       Gap (%)      Time (s)     H2D (MB)     D2H (MB)    
2025-11-26 14:56:07,273 - INFO - --------------------------------------------------------------------------------
2025-11-26 14:56:07,273 - INFO - CPU                  7960.62         0.64         186.60       0.00         0.00        
2025-11-26 14:56:07,274 - INFO - HybridNaive          7949.88         0.50         1.84         2.05         1.15        
2025-11-26 14:56:07,274 - INFO - HybridOptimized      7959.12         0.62         0.29         1.12         1.12        
2025-11-26 14:56:07,274 - INFO - FullGPU              7915.12         0.06         1.57         0.08         0.00        
2025-11-26 14:56:07,274 - INFO - 
Speedups (relative to baseline):
2025-11-26 14:56:07,274 - INFO -   CPU: 1.00x (baseline)
2025-11-26 14:56:07,274 - INFO -   HybridNaive: 101.65x vs CPU
2025-11-26 14:56:07,274 - INFO -   HybridOptimized: 634.22x vs CPU
2025-11-26 14:56:07,274 - INFO -   FullGPU: 119.14x vs CPU
2025-11-26 14:56:07,274 - INFO - 
2025-11-26 14:56:07,278 - INFO - ✓ Problem statistics saved: rd100_stats.json

2025-11-26 14:56:07,322 - INFO - 
================================================================================
2025-11-26 14:56:07,322 - INFO - PROBLEM 13/38: eil101
2025-11-26 14:56:07,322 - INFO - Size: 101 cities | Optimal: 629.0
2025-11-26 14:56:07,322 - INFO - ================================================================================
2025-11-26 14:56:07,322 - INFO - Running 3 GPU algorithms only (n>100)

2025-11-26 14:56:07,345 - INFO -   [1/3] HybridNaive (GPU): Resuming: 22/26 runs exist, completing remaining 4
2025-11-26 14:56:07,346 - INFO - GeneticAlgorithmHybridNaive initialized: pop_size=256, mutation_rate=0.02, tournament_k=5, 2opt_iters=10
2025-11-26 14:56:07,346 - INFO - Loaded two_opt_kernel for naive hybrid
2025-11-26 14:56:07,346 - INFO - 
  [HybridNaive] INCREMENTAL MODE: Extending eil101 from 22 to 26 runs
2025-11-26 14:56:07,346 - INFO -     Backend: GPU | Early stopping: patience=20 (adaptive: 2×√101) | New repetitions: 4
2025-11-26 14:56:07,347 - INFO -     Run 23/26 (new #1/4, seed=366196884)...
2025-11-26 14:56:09,689 - INFO - Near-optimal solution reached at generation 14 (cost=635.00, optimal=629.00, gap=0.95%)
2025-11-26 14:56:09,689 - INFO - GeneticAlgorithmHybridNaive evolution complete: best=635.00, improvement=78.97%, H2D=2.59MB, D2H=1.45MB, kernels=35840, stopped=hit_optimal
2025-11-26 14:56:09,689 - INFO -       → Completed in 2.34s | Cost: 635 (gap: 0.95%) | Generations: 14/2030
2025-11-26 14:56:09,689 - INFO -     Run 24/26 (new #2/4, seed=780066486)...
2025-11-26 14:56:11,845 - INFO - Near-optimal solution reached at generation 12 (cost=635.00, optimal=629.00, gap=0.95%)
2025-11-26 14:56:11,845 - INFO - GeneticAlgorithmHybridNaive evolution complete: best=635.00, improvement=79.30%, H2D=2.22MB, D2H=1.24MB, kernels=30720, stopped=hit_optimal
2025-11-26 14:56:11,845 - INFO -       → Completed in 2.16s | Cost: 635 (gap: 0.95%) | Generations: 12/2030
2025-11-26 14:56:11,845 - INFO -     Run 25/26 (new #3/4, seed=1823559668)...
2025-11-26 14:56:14,166 - INFO - Near-optimal solution reached at generation 15 (cost=635.00, optimal=629.00, gap=0.95%)
2025-11-26 14:56:14,167 - INFO - GeneticAlgorithmHybridNaive evolution complete: best=635.00, improvement=79.21%, H2D=2.78MB, D2H=1.55MB, kernels=38400, stopped=hit_optimal
2025-11-26 14:56:14,167 - INFO -       → Completed in 2.32s | Cost: 635 (gap: 0.95%) | Generations: 15/2030
2025-11-26 14:56:14,167 - INFO -     Run 26/26 (new #4/4, seed=1089254806)...
2025-11-26 14:56:16,728 - INFO - Near-optimal solution reached at generation 16 (cost=633.00, optimal=629.00, gap=0.64%)
2025-11-26 14:56:16,728 - INFO - GeneticAlgorithmHybridNaive evolution complete: best=633.00, improvement=78.10%, H2D=2.96MB, D2H=1.65MB, kernels=40960, stopped=hit_optimal
2025-11-26 14:56:16,728 - INFO -       → Completed in 2.56s | Cost: 633 (gap: 0.64%) | Generations: 16/2030
2025-11-26 14:56:16,729 - INFO - 
    ✓ HybridNaive INCREMENTAL summary for eil101 (26 total runs): Cost=634±1.6 | Gap=0.72%±0.26% | Time=2.38s±0.31s
2025-11-26 14:56:16,739 - INFO -     ✓ Checkpoint saved: eil101_HybridNaive.json
2025-11-26 14:56:16,790 - INFO -   [2/3] HybridOptimized (GPU): Resuming: 22/26 runs exist, completing remaining 4
2025-11-26 14:56:16,790 - INFO - GeneticAlgorithmHybridOptimized initialized: pop_size=256, mutation_rate=0.02, tournament_k=5, 2opt_iters=10
2025-11-26 14:56:16,791 - INFO - Loaded batch kernels: two_opt_batch, cost_calculator
2025-11-26 14:56:16,791 - INFO - 
  [HybridOptimized] INCREMENTAL MODE: Extending eil101 from 22 to 26 runs
2025-11-26 14:56:16,791 - INFO -     Backend: GPU | Early stopping: patience=20 (adaptive: 2×√101) | New repetitions: 4
2025-11-26 14:56:16,791 - INFO -     Run 23/26 (new #1/4, seed=1215625223)...
2025-11-26 14:56:17,204 - INFO - Near-optimal solution reached at generation 14 (cost=634.00, optimal=629.00, gap=0.79%)
2025-11-26 14:56:17,204 - INFO - GeneticAlgorithmHybridOptimized evolution complete: best=634.00, improvement=79.01%, H2D=1.53MB, D2H=1.48MB, kernels=154, stopped=hit_optimal
2025-11-26 14:56:17,204 - INFO -       → Completed in 0.41s | Cost: 634 (gap: 0.79%) | Generations: 14/2030
2025-11-26 14:56:17,204 - INFO -     Run 24/26 (new #2/4, seed=648363109)...
2025-11-26 14:56:17,584 - INFO - Near-optimal solution reached at generation 13 (cost=635.00, optimal=629.00, gap=0.95%)
2025-11-26 14:56:17,584 - INFO - GeneticAlgorithmHybridOptimized evolution complete: best=635.00, improvement=79.30%, H2D=1.34MB, D2H=1.37MB, kernels=143, stopped=hit_optimal
2025-11-26 14:56:17,584 - INFO -       → Completed in 0.38s | Cost: 635 (gap: 0.95%) | Generations: 13/2030
2025-11-26 14:56:17,585 - INFO -     Run 25/26 (new #3/4, seed=454647207)...
2025-11-26 14:56:18,051 - INFO - Near-optimal solution reached at generation 16 (cost=635.00, optimal=629.00, gap=0.95%)
2025-11-26 14:56:18,051 - INFO - GeneticAlgorithmHybridOptimized evolution complete: best=635.00, improvement=79.49%, H2D=1.65MB, D2H=1.69MB, kernels=176, stopped=hit_optimal
2025-11-26 14:56:18,051 - INFO -       → Completed in 0.47s | Cost: 635 (gap: 0.95%) | Generations: 16/2030
2025-11-26 14:56:18,051 - INFO -     Run 26/26 (new #4/4, seed=568069432)...
2025-11-26 14:56:18,398 - INFO - Near-optimal solution reached at generation 12 (cost=635.00, optimal=629.00, gap=0.95%)
2025-11-26 14:56:18,398 - INFO - GeneticAlgorithmHybridOptimized evolution complete: best=635.00, improvement=79.37%, H2D=1.24MB, D2H=1.27MB, kernels=132, stopped=hit_optimal
2025-11-26 14:56:18,398 - INFO -       → Completed in 0.35s | Cost: 635 (gap: 0.95%) | Generations: 12/2030
2025-11-26 14:56:18,399 - INFO - 
    ✓ HybridOptimized INCREMENTAL summary for eil101 (26 total runs): Cost=634±1.3 | Gap=0.76%±0.21% | Time=0.39s±0.08s
2025-11-26 14:56:18,409 - INFO -     ✓ Checkpoint saved: eil101_HybridOptimized.json
2025-11-26 14:56:18,460 - INFO -   [3/3] FullGPU (GPU): Resuming: 22/26 runs exist, completing remaining 4
2025-11-26 14:56:18,460 - INFO - GeneticAlgorithmFullGPUEarlyStop initialized: pop_size=256, mutation_rate=0.02, tournament_k=5, 2opt_iters=10
2025-11-26 14:56:18,460 - INFO - Loaded Fujimoto GA kernel with early stopping support
2025-11-26 14:56:18,460 - INFO - 
  [FullGPU] INCREMENTAL MODE: Extending eil101 from 22 to 26 runs
2025-11-26 14:56:18,460 - INFO -     Backend: GPU | Early stopping: patience=20 (adaptive: 2×√101) | New repetitions: 4
2025-11-26 14:56:18,460 - INFO -     Run 23/26 (new #1/4, seed=724264667)...
2025-11-26 14:56:18,461 - INFO - FullGPUEarlyStop: Launching kernel (max=2030 gens, optimal=629.0, patience=20)
2025-11-26 14:56:19,510 - INFO - FullGPUEarlyStop complete: best=632.00, improvement=78.61%, gens=43/2030, stopped=hit_optimal, H2D=0.08MB, D2H=0.00MB, kernels=3
2025-11-26 14:56:19,510 - INFO -       → Completed in 1.05s | Cost: 632 (gap: 0.48%) | Generations: 43/2030
2025-11-26 14:56:19,510 - INFO -     Run 24/26 (new #2/4, seed=1487487965)...
2025-11-26 14:56:19,511 - INFO - FullGPUEarlyStop: Launching kernel (max=2030 gens, optimal=629.0, patience=20)
2025-11-26 14:56:21,214 - INFO - FullGPUEarlyStop complete: best=637.00, improvement=78.44%, gens=71/2030, stopped=no_improvements, H2D=0.08MB, D2H=0.00MB, kernels=3
2025-11-26 14:56:21,214 - INFO -       → Completed in 1.70s | Cost: 637 (gap: 1.27%) | Generations: 71/2030
2025-11-26 14:56:21,214 - INFO -     Run 25/26 (new #3/4, seed=864514020)...
2025-11-26 14:56:21,215 - INFO - FullGPUEarlyStop: Launching kernel (max=2030 gens, optimal=629.0, patience=20)
2025-11-26 14:56:22,055 - INFO - FullGPUEarlyStop complete: best=638.00, improvement=78.41%, gens=34/2030, stopped=no_improvements, H2D=0.08MB, D2H=0.00MB, kernels=3
2025-11-26 14:56:22,055 - INFO -       → Completed in 0.84s | Cost: 638 (gap: 1.43%) | Generations: 34/2030
2025-11-26 14:56:22,055 - INFO -     Run 26/26 (new #4/4, seed=607709777)...
2025-11-26 14:56:22,056 - INFO - FullGPUEarlyStop: Launching kernel (max=2030 gens, optimal=629.0, patience=20)
2025-11-26 14:56:22,841 - INFO - FullGPUEarlyStop complete: best=631.00, improvement=78.65%, gens=32/2030, stopped=hit_optimal, H2D=0.08MB, D2H=0.00MB, kernels=3
2025-11-26 14:56:22,842 - INFO -       → Completed in 0.79s | Cost: 631 (gap: 0.32%) | Generations: 32/2030
2025-11-26 14:56:22,843 - INFO - 
    ✓ FullGPU INCREMENTAL summary for eil101 (26 total runs): Cost=634±2.3 | Gap=0.76%±0.37% | Time=1.74s±0.54s
2025-11-26 14:56:22,852 - INFO -     ✓ Checkpoint saved: eil101_FullGPU.json
2025-11-26 14:56:22,896 - INFO - 
────────────────────────────────────────────────────────────────────────────────
2025-11-26 14:56:22,896 - INFO - STATISTICS FOR eil101
2025-11-26 14:56:22,896 - INFO - ────────────────────────────────────────────────────────────────────────────────
2025-11-26 14:56:22,896 - INFO - 
Statistical Analysis: eil101
2025-11-26 14:56:22,896 - INFO - --------------------------------------------------------------------------------
2025-11-26 14:56:22,900 - INFO - Friedman Test (k=3 algorithms):
2025-11-26 14:56:22,900 - INFO -   Statistic: 0.1489
2025-11-26 14:56:22,900 - INFO -   p-value: 0.928237
2025-11-26 14:56:22,900 - INFO -   Significant: False
2025-11-26 14:56:22,906 - INFO - 
Pairwise Comparisons:
2025-11-26 14:56:22,907 - INFO - Following statistical methodology:
2025-11-26 14:56:22,907 - INFO -   - Normality testing (Shapiro-Wilk)
2025-11-26 14:56:22,907 - INFO -   - Test selection (paired t-test vs Wilcoxon)
2025-11-26 14:56:22,907 - INFO -   - Effect size (Cohen's d)
2025-11-26 14:56:22,907 - INFO -   - 95% Confidence Intervals
2025-11-26 14:56:22,907 - INFO -   - Holm-Bonferroni multiple comparison correction

2025-11-26 14:56:22,909 - INFO -   HybridNaive vs HybridOptimized:
2025-11-26 14:56:22,909 - INFO -     Normality (Shapiro-Wilk):
2025-11-26 14:56:22,909 - INFO -       HybridNaive: p=0.0003 (non-normal)
2025-11-26 14:56:22,909 - INFO -       HybridOptimized: p=0.0004 (non-normal)
2025-11-26 14:56:22,909 - INFO -     Test selected: wilcoxon_signed_rank
2025-11-26 14:56:22,909 - INFO -     Mean difference: -0.31
2025-11-26 14:56:22,909 - INFO -     95% CI difference: [-1.20, 0.58]
2025-11-26 14:56:22,910 - INFO -     p-value (uncorrected): 0.476698
2025-11-26 14:56:22,910 - INFO -     Cohen's d: -0.2033
2025-11-26 14:56:22,910 - INFO -     Effect size interpretation: small
2025-11-26 14:56:22,912 - INFO -   HybridNaive vs FullGPU:
2025-11-26 14:56:22,912 - INFO -     Normality (Shapiro-Wilk):
2025-11-26 14:56:22,912 - INFO -       HybridNaive: p=0.0003 (non-normal)
2025-11-26 14:56:22,912 - INFO -       FullGPU: p=0.0069 (non-normal)
2025-11-26 14:56:22,912 - INFO -     Test selected: wilcoxon_signed_rank
2025-11-26 14:56:22,912 - INFO -     Mean difference: -0.27
2025-11-26 14:56:22,912 - INFO -     95% CI difference: [-1.29, 0.76]
2025-11-26 14:56:22,912 - INFO -     p-value (uncorrected): 0.568896
2025-11-26 14:56:22,912 - INFO -     Cohen's d: -0.1304
2025-11-26 14:56:22,912 - INFO -     Effect size interpretation: negligible
2025-11-26 14:56:22,914 - INFO -   HybridOptimized vs FullGPU:
2025-11-26 14:56:22,914 - INFO -     Normality (Shapiro-Wilk):
2025-11-26 14:56:22,914 - INFO -       HybridOptimized: p=0.0004 (non-normal)
2025-11-26 14:56:22,914 - INFO -       FullGPU: p=0.0069 (non-normal)
2025-11-26 14:56:22,914 - INFO -     Test selected: wilcoxon_signed_rank
2025-11-26 14:56:22,914 - INFO -     Mean difference: 0.04
2025-11-26 14:56:22,914 - INFO -     95% CI difference: [-1.05, 1.13]
2025-11-26 14:56:22,915 - INFO -     p-value (uncorrected): 0.965506
2025-11-26 14:56:22,915 - INFO -     Cohen's d: 0.0199
2025-11-26 14:56:22,915 - INFO -     Effect size interpretation: negligible
2025-11-26 14:56:22,915 - INFO - 
  Multiple Comparison Correction (Holm-Bonferroni, α=0.05):
2025-11-26 14:56:22,915 - INFO -     HybridNaive vs HybridOptimized:
2025-11-26 14:56:22,915 - INFO -       Original p-value: 0.476698
2025-11-26 14:56:22,915 - INFO -       Adjusted p-value: 1.000000
2025-11-26 14:56:22,915 - INFO -       Significant (after correction): False
2025-11-26 14:56:22,915 - INFO -     HybridNaive vs FullGPU:
2025-11-26 14:56:22,915 - INFO -       Original p-value: 0.568896
2025-11-26 14:56:22,915 - INFO -       Adjusted p-value: 1.000000
2025-11-26 14:56:22,915 - INFO -       Significant (after correction): False
2025-11-26 14:56:22,915 - INFO -     HybridOptimized vs FullGPU:
2025-11-26 14:56:22,915 - INFO -       Original p-value: 0.965506
2025-11-26 14:56:22,915 - INFO -       Adjusted p-value: 1.000000
2025-11-26 14:56:22,915 - INFO -       Significant (after correction): False
2025-11-26 14:56:22,915 - INFO - 
Summary: eil101 (optimal=629.0)
2025-11-26 14:56:22,915 - INFO - --------------------------------------------------------------------------------
2025-11-26 14:56:22,915 - INFO - Algorithm            Mean Cost       Gap (%)      Time (s)     H2D (MB)     D2H (MB)    
2025-11-26 14:56:22,915 - INFO - --------------------------------------------------------------------------------
2025-11-26 14:56:22,915 - INFO - HybridNaive          633.50          0.72         2.38         2.64         1.47        
2025-11-26 14:56:22,915 - INFO - HybridOptimized      633.81          0.76         0.39         1.44         1.45        
2025-11-26 14:56:22,916 - INFO - FullGPU              633.77          0.76         1.74         0.08         0.00        
2025-11-26 14:56:22,916 - INFO - 
Speedups (relative to baseline):
2025-11-26 14:56:22,916 - INFO -   HybridNaive: 1.00x (baseline)
2025-11-26 14:56:22,916 - INFO -   HybridOptimized: 6.05x vs HybridNaive
2025-11-26 14:56:22,916 - INFO -   FullGPU: 1.37x vs HybridNaive
2025-11-26 14:56:22,916 - INFO - 
2025-11-26 14:56:22,918 - INFO - ✓ Problem statistics saved: eil101_stats.json

2025-11-26 14:56:22,962 - INFO - 
================================================================================
2025-11-26 14:56:22,963 - INFO - PROBLEM 14/38: lin105
2025-11-26 14:56:22,963 - INFO - Size: 105 cities | Optimal: 14379.0
2025-11-26 14:56:22,963 - INFO - ================================================================================
2025-11-26 14:56:22,963 - INFO - Running 3 GPU algorithms only (n>100)

2025-11-26 14:56:22,985 - INFO -   [1/3] HybridNaive (GPU): Resuming: 22/26 runs exist, completing remaining 4
2025-11-26 14:56:22,986 - INFO - GeneticAlgorithmHybridNaive initialized: pop_size=256, mutation_rate=0.02, tournament_k=5, 2opt_iters=10
2025-11-26 14:56:22,986 - INFO - Loaded two_opt_kernel for naive hybrid
2025-11-26 14:56:22,986 - INFO - 
  [HybridNaive] INCREMENTAL MODE: Extending lin105 from 22 to 26 runs
2025-11-26 14:56:22,986 - INFO -     Backend: GPU | Early stopping: patience=20 (adaptive: 2×√105) | New repetitions: 4
2025-11-26 14:56:22,986 - INFO -     Run 23/26 (new #1/4, seed=880355868)...
2025-11-26 14:56:24,865 - INFO - Near-optimal solution reached at generation 11 (cost=14489.00, optimal=14379.00, gap=0.77%)
2025-11-26 14:56:24,865 - INFO - GeneticAlgorithmHybridNaive evolution complete: best=14489.00, improvement=86.32%, H2D=2.15MB, D2H=1.18MB, kernels=28160, stopped=hit_optimal
2025-11-26 14:56:24,865 - INFO -       → Completed in 1.88s | Cost: 14489 (gap: 0.77%) | Generations: 11/2151
2025-11-26 14:56:24,865 - INFO -     Run 24/26 (new #2/4, seed=491530228)...
2025-11-26 14:56:26,788 - INFO - Near-optimal solution reached at generation 11 (cost=14420.00, optimal=14379.00, gap=0.29%)
2025-11-26 14:56:26,788 - INFO - GeneticAlgorithmHybridNaive evolution complete: best=14420.00, improvement=86.57%, H2D=2.15MB, D2H=1.18MB, kernels=28160, stopped=hit_optimal
2025-11-26 14:56:26,788 - INFO -       → Completed in 1.92s | Cost: 14420 (gap: 0.29%) | Generations: 11/2151
2025-11-26 14:56:26,788 - INFO -     Run 25/26 (new #3/4, seed=857864153)...
2025-11-26 14:56:28,624 - INFO - Near-optimal solution reached at generation 11 (cost=14438.00, optimal=14379.00, gap=0.41%)
2025-11-26 14:56:28,625 - INFO - GeneticAlgorithmHybridNaive evolution complete: best=14438.00, improvement=86.61%, H2D=2.15MB, D2H=1.18MB, kernels=28160, stopped=hit_optimal
2025-11-26 14:56:28,625 - INFO -       → Completed in 1.84s | Cost: 14438 (gap: 0.41%) | Generations: 11/2151
2025-11-26 14:56:28,625 - INFO -     Run 26/26 (new #4/4, seed=1079531312)...
2025-11-26 14:56:30,400 - INFO - Near-optimal solution reached at generation 11 (cost=14441.00, optimal=14379.00, gap=0.43%)
2025-11-26 14:56:30,401 - INFO - GeneticAlgorithmHybridNaive evolution complete: best=14441.00, improvement=86.82%, H2D=2.15MB, D2H=1.18MB, kernels=28160, stopped=hit_optimal
2025-11-26 14:56:30,401 - INFO -       → Completed in 1.78s | Cost: 14441 (gap: 0.43%) | Generations: 11/2151
2025-11-26 14:56:30,402 - INFO - 
    ✓ HybridNaive INCREMENTAL summary for lin105 (26 total runs): Cost=14449±39.1 | Gap=0.49%±0.27% | Time=1.93s±0.15s
2025-11-26 14:56:30,446 - INFO -     ✓ Checkpoint saved: lin105_HybridNaive.json
2025-11-26 14:56:30,492 - INFO -   [2/3] HybridOptimized (GPU): Resuming: 22/26 runs exist, completing remaining 4
2025-11-26 14:56:30,493 - INFO - GeneticAlgorithmHybridOptimized initialized: pop_size=256, mutation_rate=0.02, tournament_k=5, 2opt_iters=10
2025-11-26 14:56:30,493 - INFO - Loaded batch kernels: two_opt_batch, cost_calculator
2025-11-26 14:56:30,493 - INFO - 
  [HybridOptimized] INCREMENTAL MODE: Extending lin105 from 22 to 26 runs
2025-11-26 14:56:30,493 - INFO -     Backend: GPU | Early stopping: patience=20 (adaptive: 2×√105) | New repetitions: 4
2025-11-26 14:56:30,493 - INFO -     Run 23/26 (new #1/4, seed=1900982187)...
2025-11-26 14:56:30,769 - INFO - Near-optimal solution reached at generation 11 (cost=14391.00, optimal=14379.00, gap=0.08%)
2025-11-26 14:56:30,769 - INFO - GeneticAlgorithmHybridOptimized evolution complete: best=14391.00, improvement=86.41%, H2D=1.27MB, D2H=1.21MB, kernels=121, stopped=hit_optimal
2025-11-26 14:56:30,769 - INFO -       → Completed in 0.28s | Cost: 14391 (gap: 0.08%) | Generations: 11/2151
2025-11-26 14:56:30,769 - INFO -     Run 24/26 (new #2/4, seed=332234078)...
2025-11-26 14:56:31,038 - INFO - Near-optimal solution reached at generation 11 (cost=14485.00, optimal=14379.00, gap=0.74%)
2025-11-26 14:56:31,038 - INFO - GeneticAlgorithmHybridOptimized evolution complete: best=14485.00, improvement=86.51%, H2D=1.18MB, D2H=1.21MB, kernels=121, stopped=hit_optimal
2025-11-26 14:56:31,038 - INFO -       → Completed in 0.27s | Cost: 14485 (gap: 0.74%) | Generations: 11/2151
2025-11-26 14:56:31,038 - INFO -     Run 25/26 (new #3/4, seed=1865011246)...
2025-11-26 14:56:31,302 - INFO - Near-optimal solution reached at generation 11 (cost=14438.00, optimal=14379.00, gap=0.41%)
2025-11-26 14:56:31,302 - INFO - GeneticAlgorithmHybridOptimized evolution complete: best=14438.00, improvement=86.61%, H2D=1.18MB, D2H=1.21MB, kernels=121, stopped=hit_optimal
2025-11-26 14:56:31,302 - INFO -       → Completed in 0.26s | Cost: 14438 (gap: 0.41%) | Generations: 11/2151
2025-11-26 14:56:31,302 - INFO -     Run 26/26 (new #4/4, seed=393113648)...
2025-11-26 14:56:31,568 - INFO - Near-optimal solution reached at generation 11 (cost=14473.00, optimal=14379.00, gap=0.65%)
2025-11-26 14:56:31,568 - INFO - GeneticAlgorithmHybridOptimized evolution complete: best=14473.00, improvement=86.79%, H2D=1.18MB, D2H=1.21MB, kernels=121, stopped=hit_optimal
2025-11-26 14:56:31,568 - INFO -       → Completed in 0.27s | Cost: 14473 (gap: 0.65%) | Generations: 11/2151
2025-11-26 14:56:31,569 - INFO - 
    ✓ HybridOptimized INCREMENTAL summary for lin105 (26 total runs): Cost=14446±42.9 | Gap=0.46%±0.30% | Time=0.32s±0.05s
2025-11-26 14:56:31,579 - INFO -     ✓ Checkpoint saved: lin105_HybridOptimized.json
2025-11-26 14:56:31,624 - INFO -   [3/3] FullGPU (GPU): Resuming: 22/26 runs exist, completing remaining 4
2025-11-26 14:56:31,624 - INFO - GeneticAlgorithmFullGPUEarlyStop initialized: pop_size=256, mutation_rate=0.02, tournament_k=5, 2opt_iters=10
2025-11-26 14:56:31,625 - INFO - Loaded Fujimoto GA kernel with early stopping support
2025-11-26 14:56:31,625 - INFO - 
  [FullGPU] INCREMENTAL MODE: Extending lin105 from 22 to 26 runs
2025-11-26 14:56:31,625 - INFO -     Backend: GPU | Early stopping: patience=20 (adaptive: 2×√105) | New repetitions: 4
2025-11-26 14:56:31,625 - INFO -     Run 23/26 (new #1/4, seed=1010354902)...
2025-11-26 14:56:31,626 - INFO - FullGPUEarlyStop: Launching kernel (max=2151 gens, optimal=14379.0, patience=20)
2025-11-26 14:56:32,389 - INFO - FullGPUEarlyStop complete: best=14379.00, improvement=86.64%, gens=25/2151, stopped=hit_optimal, H2D=0.08MB, D2H=0.00MB, kernels=3
2025-11-26 14:56:32,389 - INFO -       → Completed in 0.76s | Cost: 14379 (gap: 0.00%) | Generations: 25/2151
2025-11-26 14:56:32,389 - INFO -     Run 24/26 (new #2/4, seed=1365839561)...
2025-11-26 14:56:32,390 - INFO - FullGPUEarlyStop: Launching kernel (max=2151 gens, optimal=14379.0, patience=20)
2025-11-26 14:56:33,211 - INFO - FullGPUEarlyStop complete: best=14379.00, improvement=86.64%, gens=27/2151, stopped=hit_optimal, H2D=0.08MB, D2H=0.00MB, kernels=3
2025-11-26 14:56:33,211 - INFO -       → Completed in 0.82s | Cost: 14379 (gap: 0.00%) | Generations: 27/2151
2025-11-26 14:56:33,211 - INFO -     Run 25/26 (new #3/4, seed=998295446)...
2025-11-26 14:56:33,212 - INFO - FullGPUEarlyStop: Launching kernel (max=2151 gens, optimal=14379.0, patience=20)
2025-11-26 14:56:34,022 - INFO - FullGPUEarlyStop complete: best=14379.00, improvement=86.64%, gens=27/2151, stopped=hit_optimal, H2D=0.08MB, D2H=0.00MB, kernels=3
2025-11-26 14:56:34,022 - INFO -       → Completed in 0.81s | Cost: 14379 (gap: 0.00%) | Generations: 27/2151
2025-11-26 14:56:34,022 - INFO -     Run 26/26 (new #4/4, seed=507385868)...
2025-11-26 14:56:34,023 - INFO - FullGPUEarlyStop: Launching kernel (max=2151 gens, optimal=14379.0, patience=20)
2025-11-26 14:56:34,811 - INFO - FullGPUEarlyStop complete: best=14379.00, improvement=86.64%, gens=25/2151, stopped=hit_optimal, H2D=0.08MB, D2H=0.00MB, kernels=3
2025-11-26 14:56:34,811 - INFO -       → Completed in 0.79s | Cost: 14379 (gap: 0.00%) | Generations: 25/2151
2025-11-26 14:56:34,812 - INFO - 
    ✓ FullGPU INCREMENTAL summary for lin105 (26 total runs): Cost=14381±8.1 | Gap=0.02%±0.06% | Time=1.50s±0.40s
2025-11-26 14:56:34,822 - INFO -     ✓ Checkpoint saved: lin105_FullGPU.json
2025-11-26 14:56:34,869 - INFO - 
────────────────────────────────────────────────────────────────────────────────
2025-11-26 14:56:34,870 - INFO - STATISTICS FOR lin105
2025-11-26 14:56:34,870 - INFO - ────────────────────────────────────────────────────────────────────────────────
2025-11-26 14:56:34,870 - INFO - 
Statistical Analysis: lin105
2025-11-26 14:56:34,870 - INFO - --------------------------------------------------------------------------------
2025-11-26 14:56:34,873 - INFO - Friedman Test (k=3 algorithms):
2025-11-26 14:56:34,873 - INFO -   Statistic: 26.7475
2025-11-26 14:56:34,873 - INFO -   p-value: 0.000002
2025-11-26 14:56:34,873 - INFO -   Significant: True
2025-11-26 14:56:34,881 - INFO - 
Nemenyi Post-Hoc Test:
2025-11-26 14:56:34,890 - INFO -   Critical distance: 0.9193
2025-11-26 14:56:34,890 - INFO -   Mean ranks:
2025-11-26 14:56:34,890 - INFO -     HybridNaive: 2.38
2025-11-26 14:56:34,890 - INFO -     HybridOptimized: 2.42
2025-11-26 14:56:34,890 - INFO -     FullGPU: 1.19
2025-11-26 14:56:34,890 - INFO - 
  Significant pairwise differences:
2025-11-26 14:56:34,890 - INFO -     HybridNaive vs FullGPU: rank_diff=1.19, p=0.0001
2025-11-26 14:56:34,890 - INFO -     HybridOptimized vs FullGPU: rank_diff=1.23, p=0.0000
2025-11-26 14:56:34,890 - INFO - 
Pairwise Comparisons:
2025-11-26 14:56:34,890 - INFO - Following statistical methodology:
2025-11-26 14:56:34,890 - INFO -   - Normality testing (Shapiro-Wilk)
2025-11-26 14:56:34,890 - INFO -   - Test selection (paired t-test vs Wilcoxon)
2025-11-26 14:56:34,890 - INFO -   - Effect size (Cohen's d)
2025-11-26 14:56:34,890 - INFO -   - 95% Confidence Intervals
2025-11-26 14:56:34,890 - INFO -   - Holm-Bonferroni multiple comparison correction

2025-11-26 14:56:34,892 - INFO -   HybridNaive vs HybridOptimized:
2025-11-26 14:56:34,892 - INFO -     Normality (Shapiro-Wilk):
2025-11-26 14:56:34,893 - INFO -       HybridNaive: p=0.1768 (normal)
2025-11-26 14:56:34,893 - INFO -       HybridOptimized: p=0.0431 (non-normal)
2025-11-26 14:56:34,893 - INFO -     Test selected: wilcoxon_signed_rank
2025-11-26 14:56:34,893 - INFO -     Mean difference: 3.15
2025-11-26 14:56:34,893 - INFO -     95% CI difference: [-22.45, 28.76]
2025-11-26 14:56:34,893 - INFO -     p-value (uncorrected): 0.819095
2025-11-26 14:56:34,893 - INFO -     Cohen's d: 0.0753
2025-11-26 14:56:34,893 - INFO -     Effect size interpretation: negligible
2025-11-26 14:56:34,895 - INFO -   HybridNaive vs FullGPU:
2025-11-26 14:56:34,895 - INFO -     Normality (Shapiro-Wilk):
2025-11-26 14:56:34,895 - INFO -       HybridNaive: p=0.1768 (normal)
2025-11-26 14:56:34,895 - INFO -       FullGPU: p=0.0000 (non-normal)
2025-11-26 14:56:34,895 - INFO -     Test selected: wilcoxon_signed_rank
2025-11-26 14:56:34,895 - INFO -     Mean difference: 67.50
2025-11-26 14:56:34,895 - INFO -     95% CI difference: [49.62, 85.38]
2025-11-26 14:56:34,895 - INFO -     p-value (uncorrected): 0.000018
2025-11-26 14:56:34,895 - INFO -     Cohen's d: 2.3410
2025-11-26 14:56:34,895 - INFO -     Effect size interpretation: large
2025-11-26 14:56:34,897 - INFO -   HybridOptimized vs FullGPU:
2025-11-26 14:56:34,897 - INFO -     Normality (Shapiro-Wilk):
2025-11-26 14:56:34,897 - INFO -       HybridOptimized: p=0.0431 (non-normal)
2025-11-26 14:56:34,897 - INFO -       FullGPU: p=0.0000 (non-normal)
2025-11-26 14:56:34,897 - INFO -     Test selected: wilcoxon_signed_rank
2025-11-26 14:56:34,897 - INFO -     Mean difference: 64.35
2025-11-26 14:56:34,897 - INFO -     95% CI difference: [45.93, 82.76]
2025-11-26 14:56:34,897 - INFO -     p-value (uncorrected): 0.000052
2025-11-26 14:56:34,897 - INFO -     Cohen's d: 2.0434
2025-11-26 14:56:34,897 - INFO -     Effect size interpretation: large
2025-11-26 14:56:34,897 - INFO - 
  Multiple Comparison Correction (Holm-Bonferroni, α=0.05):
2025-11-26 14:56:34,897 - INFO -     HybridNaive vs HybridOptimized:
2025-11-26 14:56:34,897 - INFO -       Original p-value: 0.819095
2025-11-26 14:56:34,897 - INFO -       Adjusted p-value: 0.819095
2025-11-26 14:56:34,897 - INFO -       Significant (after correction): False
2025-11-26 14:56:34,898 - INFO -     HybridNaive vs FullGPU:
2025-11-26 14:56:34,898 - INFO -       Original p-value: 0.000018
2025-11-26 14:56:34,898 - INFO -       Adjusted p-value: 0.000053
2025-11-26 14:56:34,898 - INFO -       Significant (after correction): True
2025-11-26 14:56:34,898 - INFO -     HybridOptimized vs FullGPU:
2025-11-26 14:56:34,898 - INFO -       Original p-value: 0.000052
2025-11-26 14:56:34,898 - INFO -       Adjusted p-value: 0.000104
2025-11-26 14:56:34,898 - INFO -       Significant (after correction): True
2025-11-26 14:56:34,898 - INFO - 
Summary: lin105 (optimal=14379.0)
2025-11-26 14:56:34,898 - INFO - --------------------------------------------------------------------------------
2025-11-26 14:56:34,898 - INFO - Algorithm            Mean Cost       Gap (%)      Time (s)     H2D (MB)     D2H (MB)    
2025-11-26 14:56:34,898 - INFO - --------------------------------------------------------------------------------
2025-11-26 14:56:34,898 - INFO - HybridNaive          14448.77        0.49         1.93         2.15         1.18        
2025-11-26 14:56:34,898 - INFO - HybridOptimized      14445.62        0.46         0.32         1.20         1.21        
2025-11-26 14:56:34,898 - INFO - FullGPU              14381.27        0.02         1.50         0.09         0.00        
2025-11-26 14:56:34,898 - INFO - 
Speedups (relative to baseline):
2025-11-26 14:56:34,898 - INFO -   HybridNaive: 1.00x (baseline)
2025-11-26 14:56:34,898 - INFO -   HybridOptimized: 6.00x vs HybridNaive
2025-11-26 14:56:34,898 - INFO -   FullGPU: 1.28x vs HybridNaive
2025-11-26 14:56:34,898 - INFO - 
2025-11-26 14:56:34,901 - INFO - ✓ Problem statistics saved: lin105_stats.json

2025-11-26 14:56:34,948 - INFO - 
================================================================================
2025-11-26 14:56:34,948 - INFO - PROBLEM 15/38: pr107
2025-11-26 14:56:34,949 - INFO - Size: 107 cities | Optimal: 44303.0
2025-11-26 14:56:34,949 - INFO - ================================================================================
2025-11-26 14:56:34,949 - INFO - Running 3 GPU algorithms only (n>100)

2025-11-26 14:56:34,974 - INFO -   [1/3] HybridNaive (GPU): Resuming: 22/26 runs exist, completing remaining 4
2025-11-26 14:56:34,975 - INFO - GeneticAlgorithmHybridNaive initialized: pop_size=256, mutation_rate=0.02, tournament_k=5, 2opt_iters=10
2025-11-26 14:56:34,975 - INFO - Loaded two_opt_kernel for naive hybrid
2025-11-26 14:56:34,975 - INFO - 
  [HybridNaive] INCREMENTAL MODE: Extending pr107 from 22 to 26 runs
2025-11-26 14:56:34,975 - INFO -     Backend: GPU | Early stopping: patience=20 (adaptive: 2×√107) | New repetitions: 4
2025-11-26 14:56:34,975 - INFO -     Run 23/26 (new #1/4, seed=901661001)...
2025-11-26 14:56:36,848 - INFO - Near-optimal solution reached at generation 11 (cost=44663.00, optimal=44303.00, gap=0.81%)
2025-11-26 14:56:36,848 - INFO - GeneticAlgorithmHybridNaive evolution complete: best=44663.00, improvement=90.69%, H2D=2.21MB, D2H=1.21MB, kernels=28160, stopped=hit_optimal
2025-11-26 14:56:36,848 - INFO -       → Completed in 1.87s | Cost: 44663 (gap: 0.81%) | Generations: 11/2213
2025-11-26 14:56:36,848 - INFO -     Run 24/26 (new #2/4, seed=1859116696)...
2025-11-26 14:56:38,827 - INFO - Near-optimal solution reached at generation 12 (cost=44426.00, optimal=44303.00, gap=0.28%)
2025-11-26 14:56:38,827 - INFO - GeneticAlgorithmHybridNaive evolution complete: best=44426.00, improvement=91.19%, H2D=2.41MB, D2H=1.31MB, kernels=30720, stopped=hit_optimal
2025-11-26 14:56:38,827 - INFO -       → Completed in 1.98s | Cost: 44426 (gap: 0.28%) | Generations: 12/2213
2025-11-26 14:56:38,827 - INFO -     Run 25/26 (new #3/4, seed=1621061124)...
2025-11-26 14:56:40,893 - INFO - Near-optimal solution reached at generation 12 (cost=44583.00, optimal=44303.00, gap=0.63%)
2025-11-26 14:56:40,893 - INFO - GeneticAlgorithmHybridNaive evolution complete: best=44583.00, improvement=90.77%, H2D=2.41MB, D2H=1.31MB, kernels=30720, stopped=hit_optimal
2025-11-26 14:56:40,893 - INFO -       → Completed in 2.07s | Cost: 44583 (gap: 0.63%) | Generations: 12/2213
2025-11-26 14:56:40,893 - INFO -     Run 26/26 (new #4/4, seed=1903599884)...
2025-11-26 14:56:42,852 - INFO - Near-optimal solution reached at generation 11 (cost=44632.00, optimal=44303.00, gap=0.74%)
2025-11-26 14:56:42,852 - INFO - GeneticAlgorithmHybridNaive evolution complete: best=44632.00, improvement=90.58%, H2D=2.21MB, D2H=1.21MB, kernels=28160, stopped=hit_optimal
2025-11-26 14:56:42,852 - INFO -       → Completed in 1.96s | Cost: 44632 (gap: 0.74%) | Generations: 11/2213
2025-11-26 14:56:42,853 - INFO - 
    ✓ HybridNaive INCREMENTAL summary for pr107 (26 total runs): Cost=44560±116.7 | Gap=0.58%±0.26% | Time=2.05s±0.18s
2025-11-26 14:56:42,862 - INFO -     ✓ Checkpoint saved: pr107_HybridNaive.json
2025-11-26 14:56:42,910 - INFO -   [2/3] HybridOptimized (GPU): Resuming: 22/26 runs exist, completing remaining 4
2025-11-26 14:56:42,910 - INFO - GeneticAlgorithmHybridOptimized initialized: pop_size=256, mutation_rate=0.02, tournament_k=5, 2opt_iters=10
2025-11-26 14:56:42,910 - INFO - Loaded batch kernels: two_opt_batch, cost_calculator
2025-11-26 14:56:42,910 - INFO - 
  [HybridOptimized] INCREMENTAL MODE: Extending pr107 from 22 to 26 runs
2025-11-26 14:56:42,910 - INFO -     Backend: GPU | Early stopping: patience=20 (adaptive: 2×√107) | New repetitions: 4
2025-11-26 14:56:42,911 - INFO -     Run 23/26 (new #1/4, seed=798595751)...
2025-11-26 14:56:43,242 - INFO - Near-optimal solution reached at generation 11 (cost=44659.00, optimal=44303.00, gap=0.80%)
2025-11-26 14:56:43,242 - INFO - GeneticAlgorithmHybridOptimized evolution complete: best=44659.00, improvement=90.69%, H2D=1.30MB, D2H=1.23MB, kernels=121, stopped=hit_optimal
2025-11-26 14:56:43,242 - INFO -       → Completed in 0.33s | Cost: 44659 (gap: 0.80%) | Generations: 11/2213
2025-11-26 14:56:43,242 - INFO -     Run 24/26 (new #2/4, seed=422610683)...
2025-11-26 14:56:43,574 - INFO - Near-optimal solution reached at generation 11 (cost=44658.00, optimal=44303.00, gap=0.80%)
2025-11-26 14:56:43,574 - INFO - GeneticAlgorithmHybridOptimized evolution complete: best=44658.00, improvement=91.14%, H2D=1.21MB, D2H=1.23MB, kernels=121, stopped=hit_optimal
2025-11-26 14:56:43,574 - INFO -       → Completed in 0.33s | Cost: 44658 (gap: 0.80%) | Generations: 11/2213
2025-11-26 14:56:43,574 - INFO -     Run 25/26 (new #3/4, seed=1884540068)...
2025-11-26 14:56:43,870 - INFO - Near-optimal solution reached at generation 12 (cost=44577.00, optimal=44303.00, gap=0.62%)
2025-11-26 14:56:43,871 - INFO - GeneticAlgorithmHybridOptimized evolution complete: best=44577.00, improvement=90.90%, H2D=1.31MB, D2H=1.34MB, kernels=132, stopped=hit_optimal
2025-11-26 14:56:43,871 - INFO -       → Completed in 0.30s | Cost: 44577 (gap: 0.62%) | Generations: 12/2213
2025-11-26 14:56:43,871 - INFO -     Run 26/26 (new #4/4, seed=1694167563)...
2025-11-26 14:56:44,140 - INFO - Near-optimal solution reached at generation 11 (cost=44652.00, optimal=44303.00, gap=0.79%)
2025-11-26 14:56:44,140 - INFO - GeneticAlgorithmHybridOptimized evolution complete: best=44652.00, improvement=90.68%, H2D=1.21MB, D2H=1.23MB, kernels=121, stopped=hit_optimal
2025-11-26 14:56:44,141 - INFO -       → Completed in 0.27s | Cost: 44652 (gap: 0.79%) | Generations: 11/2213
2025-11-26 14:56:44,141 - INFO - 
    ✓ HybridOptimized INCREMENTAL summary for pr107 (26 total runs): Cost=44580±103.4 | Gap=0.63%±0.23% | Time=0.36s±0.04s
2025-11-26 14:56:44,151 - INFO -     ✓ Checkpoint saved: pr107_HybridOptimized.json
2025-11-26 14:56:44,195 - INFO -   [3/3] FullGPU (GPU): Resuming: 22/26 runs exist, completing remaining 4
2025-11-26 14:56:44,196 - INFO - GeneticAlgorithmFullGPUEarlyStop initialized: pop_size=256, mutation_rate=0.02, tournament_k=5, 2opt_iters=10
2025-11-26 14:56:44,196 - INFO - Loaded Fujimoto GA kernel with early stopping support
2025-11-26 14:56:44,196 - INFO - 
  [FullGPU] INCREMENTAL MODE: Extending pr107 from 22 to 26 runs
2025-11-26 14:56:44,196 - INFO -     Backend: GPU | Early stopping: patience=20 (adaptive: 2×√107) | New repetitions: 4
2025-11-26 14:56:44,197 - INFO -     Run 23/26 (new #1/4, seed=349076236)...
2025-11-26 14:56:44,197 - INFO - FullGPUEarlyStop: Launching kernel (max=2213 gens, optimal=44303.0, patience=20)
2025-11-26 14:56:45,463 - INFO - FullGPUEarlyStop complete: best=44505.00, improvement=90.95%, gens=39/2213, stopped=hit_optimal, H2D=0.09MB, D2H=0.00MB, kernels=3
2025-11-26 14:56:45,463 - INFO -       → Completed in 1.27s | Cost: 44505 (gap: 0.46%) | Generations: 39/2213
2025-11-26 14:56:45,463 - INFO -     Run 24/26 (new #2/4, seed=665267370)...
2025-11-26 14:56:45,464 - INFO - FullGPUEarlyStop: Launching kernel (max=2213 gens, optimal=44303.0, patience=20)
2025-11-26 14:56:46,810 - INFO - FullGPUEarlyStop complete: best=44530.00, improvement=90.95%, gens=41/2213, stopped=hit_optimal, H2D=0.09MB, D2H=0.00MB, kernels=3
2025-11-26 14:56:46,810 - INFO -       → Completed in 1.35s | Cost: 44530 (gap: 0.51%) | Generations: 41/2213
2025-11-26 14:56:46,810 - INFO -     Run 25/26 (new #3/4, seed=705094571)...
2025-11-26 14:56:46,811 - INFO - FullGPUEarlyStop: Launching kernel (max=2213 gens, optimal=44303.0, patience=20)
2025-11-26 14:56:48,976 - INFO - FullGPUEarlyStop complete: best=44326.00, improvement=90.99%, gens=66/2213, stopped=hit_optimal, H2D=0.09MB, D2H=0.00MB, kernels=3
2025-11-26 14:56:48,976 - INFO -       → Completed in 2.17s | Cost: 44326 (gap: 0.05%) | Generations: 66/2213
2025-11-26 14:56:48,976 - INFO -     Run 26/26 (new #4/4, seed=2028905043)...
2025-11-26 14:56:48,977 - INFO - FullGPUEarlyStop: Launching kernel (max=2213 gens, optimal=44303.0, patience=20)
2025-11-26 14:56:51,346 - INFO - FullGPUEarlyStop complete: best=44581.00, improvement=90.94%, gens=72/2213, stopped=hit_optimal, H2D=0.09MB, D2H=0.00MB, kernels=3
2025-11-26 14:56:51,346 - INFO -       → Completed in 2.37s | Cost: 44581 (gap: 0.63%) | Generations: 72/2213
2025-11-26 14:56:51,347 - INFO - 
    ✓ FullGPU INCREMENTAL summary for pr107 (26 total runs): Cost=44475±92.1 | Gap=0.39%±0.21% | Time=2.41s±0.75s
2025-11-26 14:56:51,356 - INFO -     ✓ Checkpoint saved: pr107_FullGPU.json
2025-11-26 14:56:51,404 - INFO - 
────────────────────────────────────────────────────────────────────────────────
2025-11-26 14:56:51,404 - INFO - STATISTICS FOR pr107
2025-11-26 14:56:51,404 - INFO - ────────────────────────────────────────────────────────────────────────────────
2025-11-26 14:56:51,404 - INFO - 
Statistical Analysis: pr107
2025-11-26 14:56:51,404 - INFO - --------------------------------------------------------------------------------
2025-11-26 14:56:51,407 - INFO - Friedman Test (k=3 algorithms):
2025-11-26 14:56:51,407 - INFO -   Statistic: 11.6154
2025-11-26 14:56:51,407 - INFO -   p-value: 0.003004
2025-11-26 14:56:51,407 - INFO -   Significant: True
2025-11-26 14:56:51,416 - INFO - 
Nemenyi Post-Hoc Test:
2025-11-26 14:56:51,425 - INFO -   Critical distance: 0.9193
2025-11-26 14:56:51,425 - INFO -   Mean ranks:
2025-11-26 14:56:51,425 - INFO -     HybridNaive: 2.19
2025-11-26 14:56:51,425 - INFO -     HybridOptimized: 2.35
2025-11-26 14:56:51,425 - INFO -     FullGPU: 1.46
2025-11-26 14:56:51,425 - INFO - 
  Significant pairwise differences:
2025-11-26 14:56:51,425 - INFO -     HybridNaive vs FullGPU: rank_diff=0.73, p=0.0229
2025-11-26 14:56:51,425 - INFO -     HybridOptimized vs FullGPU: rank_diff=0.88, p=0.0041
2025-11-26 14:56:51,425 - INFO - 
Pairwise Comparisons:
2025-11-26 14:56:51,425 - INFO - Following statistical methodology:
2025-11-26 14:56:51,425 - INFO -   - Normality testing (Shapiro-Wilk)
2025-11-26 14:56:51,425 - INFO -   - Test selection (paired t-test vs Wilcoxon)
2025-11-26 14:56:51,425 - INFO -   - Effect size (Cohen's d)
2025-11-26 14:56:51,425 - INFO -   - 95% Confidence Intervals
2025-11-26 14:56:51,425 - INFO -   - Holm-Bonferroni multiple comparison correction

2025-11-26 14:56:51,427 - INFO -   HybridNaive vs HybridOptimized:
2025-11-26 14:56:51,427 - INFO -     Normality (Shapiro-Wilk):
2025-11-26 14:56:51,427 - INFO -       HybridNaive: p=0.2028 (normal)
2025-11-26 14:56:51,427 - INFO -       HybridOptimized: p=0.1517 (normal)
2025-11-26 14:56:51,427 - INFO -     Test selected: paired_t_test
2025-11-26 14:56:51,427 - INFO -     Mean difference: -20.69
2025-11-26 14:56:51,427 - INFO -     95% CI difference: [-87.84, 46.45]
2025-11-26 14:56:51,427 - INFO -     p-value (uncorrected): 0.531398
2025-11-26 14:56:51,427 - INFO -     Cohen's d: -0.1841
2025-11-26 14:56:51,427 - INFO -     Effect size interpretation: negligible
2025-11-26 14:56:51,430 - INFO -   HybridNaive vs FullGPU:
2025-11-26 14:56:51,430 - INFO -     Normality (Shapiro-Wilk):
2025-11-26 14:56:51,430 - INFO -       HybridNaive: p=0.2028 (normal)
2025-11-26 14:56:51,430 - INFO -       FullGPU: p=0.2692 (normal)
2025-11-26 14:56:51,430 - INFO -     Test selected: paired_t_test
2025-11-26 14:56:51,430 - INFO -     Mean difference: 84.54
2025-11-26 14:56:51,430 - INFO -     95% CI difference: [24.39, 144.69]
2025-11-26 14:56:51,430 - INFO -     p-value (uncorrected): 0.007764
2025-11-26 14:56:51,430 - INFO -     Cohen's d: 0.7886
2025-11-26 14:56:51,430 - INFO -     Effect size interpretation: medium
2025-11-26 14:56:51,432 - INFO -   HybridOptimized vs FullGPU:
2025-11-26 14:56:51,432 - INFO -     Normality (Shapiro-Wilk):
2025-11-26 14:56:51,432 - INFO -       HybridOptimized: p=0.1517 (normal)
2025-11-26 14:56:51,432 - INFO -       FullGPU: p=0.2692 (normal)
2025-11-26 14:56:51,432 - INFO -     Test selected: paired_t_test
2025-11-26 14:56:51,432 - INFO -     Mean difference: 105.23
2025-11-26 14:56:51,432 - INFO -     95% CI difference: [50.32, 160.15]
2025-11-26 14:56:51,432 - INFO -     p-value (uncorrected): 0.000568
2025-11-26 14:56:51,433 - INFO -     Cohen's d: 1.0540
2025-11-26 14:56:51,433 - INFO -     Effect size interpretation: large
2025-11-26 14:56:51,433 - INFO - 
  Multiple Comparison Correction (Holm-Bonferroni, α=0.05):
2025-11-26 14:56:51,433 - INFO -     HybridNaive vs HybridOptimized:
2025-11-26 14:56:51,433 - INFO -       Original p-value: 0.531398
2025-11-26 14:56:51,433 - INFO -       Adjusted p-value: 0.531398
2025-11-26 14:56:51,433 - INFO -       Significant (after correction): False
2025-11-26 14:56:51,433 - INFO -     HybridNaive vs FullGPU:
2025-11-26 14:56:51,433 - INFO -       Original p-value: 0.007764
2025-11-26 14:56:51,433 - INFO -       Adjusted p-value: 0.015528
2025-11-26 14:56:51,433 - INFO -       Significant (after correction): True
2025-11-26 14:56:51,433 - INFO -     HybridOptimized vs FullGPU:
2025-11-26 14:56:51,433 - INFO -       Original p-value: 0.000568
2025-11-26 14:56:51,433 - INFO -       Adjusted p-value: 0.001705
2025-11-26 14:56:51,433 - INFO -       Significant (after correction): True
2025-11-26 14:56:51,433 - INFO - 
Summary: pr107 (optimal=44303.0)
2025-11-26 14:56:51,434 - INFO - --------------------------------------------------------------------------------
2025-11-26 14:56:51,434 - INFO - Algorithm            Mean Cost       Gap (%)      Time (s)     H2D (MB)     D2H (MB)    
2025-11-26 14:56:51,434 - INFO - --------------------------------------------------------------------------------
2025-11-26 14:56:51,434 - INFO - HybridNaive          44559.50        0.58         2.05         2.31         1.26        
2025-11-26 14:56:51,434 - INFO - HybridOptimized      44580.19        0.63         0.36         1.26         1.26        
2025-11-26 14:56:51,434 - INFO - FullGPU              44474.96        0.39         2.41         0.09         0.00        
2025-11-26 14:56:51,434 - INFO - 
Speedups (relative to baseline):
2025-11-26 14:56:51,434 - INFO -   HybridNaive: 1.00x (baseline)
2025-11-26 14:56:51,434 - INFO -   HybridOptimized: 5.77x vs HybridNaive
2025-11-26 14:56:51,434 - INFO -   FullGPU: 0.85x vs HybridNaive
2025-11-26 14:56:51,434 - INFO - 
2025-11-26 14:56:51,438 - INFO - ✓ Problem statistics saved: pr107_stats.json

2025-11-26 14:56:51,486 - INFO - 
================================================================================
2025-11-26 14:56:51,486 - INFO - PROBLEM 16/38: pr124
2025-11-26 14:56:51,486 - INFO - Size: 124 cities | Optimal: 59030.0
2025-11-26 14:56:51,486 - INFO - ================================================================================
2025-11-26 14:56:51,486 - INFO - Running 3 GPU algorithms only (n>100)

2025-11-26 14:56:51,512 - INFO -   [1/3] HybridNaive (GPU): Resuming: 22/26 runs exist, completing remaining 4
2025-11-26 14:56:51,513 - INFO - GeneticAlgorithmHybridNaive initialized: pop_size=256, mutation_rate=0.02, tournament_k=5, 2opt_iters=10
2025-11-26 14:56:51,513 - INFO - Loaded two_opt_kernel for naive hybrid
2025-11-26 14:56:51,513 - INFO - 
  [HybridNaive] INCREMENTAL MODE: Extending pr124 from 22 to 26 runs
2025-11-26 14:56:51,513 - INFO -     Backend: GPU | Early stopping: patience=22 (adaptive: 2×√124) | New repetitions: 4
2025-11-26 14:56:51,513 - INFO -     Run 23/26 (new #1/4, seed=691240245)...
2025-11-26 14:56:54,145 - INFO - Near-optimal solution reached at generation 14 (cost=59030.00, optimal=59030.00, gap=0.00%)
2025-11-26 14:56:54,145 - INFO - GeneticAlgorithmHybridNaive evolution complete: best=59030.00, improvement=90.19%, H2D=3.50MB, D2H=1.78MB, kernels=35840, stopped=hit_optimal
2025-11-26 14:56:54,145 - INFO -       → Completed in 2.63s | Cost: 59030 (gap: 0.00%) | Generations: 14/2761
2025-11-26 14:56:54,145 - INFO -     Run 24/26 (new #2/4, seed=1097615017)...
2025-11-26 14:56:56,654 - INFO - Near-optimal solution reached at generation 13 (cost=59463.00, optimal=59030.00, gap=0.73%)
2025-11-26 14:56:56,654 - INFO - GeneticAlgorithmHybridNaive evolution complete: best=59463.00, improvement=90.33%, H2D=3.25MB, D2H=1.65MB, kernels=33280, stopped=hit_optimal
2025-11-26 14:56:56,654 - INFO -       → Completed in 2.51s | Cost: 59463 (gap: 0.73%) | Generations: 13/2761
2025-11-26 14:56:56,654 - INFO -     Run 25/26 (new #3/4, seed=294854495)...
2025-11-26 14:56:59,470 - INFO - Near-optimal solution reached at generation 14 (cost=59030.00, optimal=59030.00, gap=0.00%)
2025-11-26 14:56:59,470 - INFO - GeneticAlgorithmHybridNaive evolution complete: best=59030.00, improvement=90.34%, H2D=3.50MB, D2H=1.78MB, kernels=35840, stopped=hit_optimal
2025-11-26 14:56:59,470 - INFO -       → Completed in 2.82s | Cost: 59030 (gap: 0.00%) | Generations: 14/2761
2025-11-26 14:56:59,470 - INFO -     Run 26/26 (new #4/4, seed=1643893077)...
2025-11-26 14:57:02,081 - INFO - Near-optimal solution reached at generation 13 (cost=59576.00, optimal=59030.00, gap=0.92%)
2025-11-26 14:57:02,082 - INFO - GeneticAlgorithmHybridNaive evolution complete: best=59576.00, improvement=90.36%, H2D=3.25MB, D2H=1.65MB, kernels=33280, stopped=hit_optimal
2025-11-26 14:57:02,082 - INFO -       → Completed in 2.61s | Cost: 59576 (gap: 0.92%) | Generations: 13/2761
2025-11-26 14:57:02,082 - INFO - 
    ✓ HybridNaive INCREMENTAL summary for pr124 (26 total runs): Cost=59273±235.7 | Gap=0.41%±0.40% | Time=3.14s±1.96s
2025-11-26 14:57:02,092 - INFO -     ✓ Checkpoint saved: pr124_HybridNaive.json
2025-11-26 14:57:02,140 - INFO -   [2/3] HybridOptimized (GPU): Resuming: 22/26 runs exist, completing remaining 4
2025-11-26 14:57:02,141 - INFO - GeneticAlgorithmHybridOptimized initialized: pop_size=256, mutation_rate=0.02, tournament_k=5, 2opt_iters=10
2025-11-26 14:57:02,141 - INFO - Loaded batch kernels: two_opt_batch, cost_calculator
2025-11-26 14:57:02,141 - INFO - 
  [HybridOptimized] INCREMENTAL MODE: Extending pr124 from 22 to 26 runs
2025-11-26 14:57:02,141 - INFO -     Backend: GPU | Early stopping: patience=22 (adaptive: 2×√124) | New repetitions: 4
2025-11-26 14:57:02,141 - INFO -     Run 23/26 (new #1/4, seed=119403677)...
2025-11-26 14:57:02,608 - INFO - Near-optimal solution reached at generation 13 (cost=59268.00, optimal=59030.00, gap=0.40%)
2025-11-26 14:57:02,608 - INFO - GeneticAlgorithmHybridOptimized evolution complete: best=59268.00, improvement=90.16%, H2D=1.77MB, D2H=1.68MB, kernels=143, stopped=hit_optimal
2025-11-26 14:57:02,608 - INFO -       → Completed in 0.47s | Cost: 59268 (gap: 0.40%) | Generations: 13/2761
2025-11-26 14:57:02,608 - INFO -     Run 24/26 (new #2/4, seed=390177392)...
2025-11-26 14:57:03,058 - INFO - Near-optimal solution reached at generation 13 (cost=59566.00, optimal=59030.00, gap=0.91%)
2025-11-26 14:57:03,059 - INFO - GeneticAlgorithmHybridOptimized evolution complete: best=59566.00, improvement=90.01%, H2D=1.65MB, D2H=1.68MB, kernels=143, stopped=hit_optimal
2025-11-26 14:57:03,059 - INFO -       → Completed in 0.45s | Cost: 59566 (gap: 0.91%) | Generations: 13/2761
2025-11-26 14:57:03,059 - INFO -     Run 25/26 (new #3/4, seed=900882391)...
2025-11-26 14:57:03,542 - INFO - Near-optimal solution reached at generation 14 (cost=59181.00, optimal=59030.00, gap=0.26%)
2025-11-26 14:57:03,542 - INFO - GeneticAlgorithmHybridOptimized evolution complete: best=59181.00, improvement=90.67%, H2D=1.78MB, D2H=1.81MB, kernels=154, stopped=hit_optimal
2025-11-26 14:57:03,542 - INFO -       → Completed in 0.48s | Cost: 59181 (gap: 0.26%) | Generations: 14/2761
2025-11-26 14:57:03,543 - INFO -     Run 26/26 (new #4/4, seed=445466916)...
2025-11-26 14:57:03,997 - INFO - Near-optimal solution reached at generation 13 (cost=59529.00, optimal=59030.00, gap=0.85%)
2025-11-26 14:57:03,997 - INFO - GeneticAlgorithmHybridOptimized evolution complete: best=59529.00, improvement=90.48%, H2D=1.65MB, D2H=1.68MB, kernels=143, stopped=hit_optimal
2025-11-26 14:57:03,997 - INFO -       → Completed in 0.45s | Cost: 59529 (gap: 0.85%) | Generations: 13/2761
2025-11-26 14:57:03,998 - INFO - 
    ✓ HybridOptimized INCREMENTAL summary for pr124 (26 total runs): Cost=59274±193.0 | Gap=0.41%±0.33% | Time=0.47s±0.13s
2025-11-26 14:57:04,008 - INFO -     ✓ Checkpoint saved: pr124_HybridOptimized.json
2025-11-26 14:57:04,055 - INFO -   [3/3] FullGPU (GPU): Resuming: 22/26 runs exist, completing remaining 4
2025-11-26 14:57:04,055 - INFO - GeneticAlgorithmFullGPUEarlyStop initialized: pop_size=256, mutation_rate=0.02, tournament_k=5, 2opt_iters=10
2025-11-26 14:57:04,056 - INFO - Loaded Fujimoto GA kernel with early stopping support
2025-11-26 14:57:04,056 - INFO - 
  [FullGPU] INCREMENTAL MODE: Extending pr124 from 22 to 26 runs
2025-11-26 14:57:04,056 - INFO -     Backend: GPU | Early stopping: patience=22 (adaptive: 2×√124) | New repetitions: 4
2025-11-26 14:57:04,056 - INFO -     Run 23/26 (new #1/4, seed=955596359)...
2025-11-26 14:57:04,057 - INFO - FullGPUEarlyStop: Launching kernel (max=2761 gens, optimal=59030.0, patience=22)
2025-11-26 14:57:05,016 - INFO - FullGPUEarlyStop complete: best=59030.00, improvement=90.38%, gens=24/2761, stopped=hit_optimal, H2D=0.12MB, D2H=0.00MB, kernels=3
2025-11-26 14:57:05,016 - INFO -       → Completed in 0.96s | Cost: 59030 (gap: 0.00%) | Generations: 24/2761
2025-11-26 14:57:05,016 - INFO -     Run 24/26 (new #2/4, seed=952809926)...
2025-11-26 14:57:05,017 - INFO - FullGPUEarlyStop: Launching kernel (max=2761 gens, optimal=59030.0, patience=22)
2025-11-26 14:57:06,013 - INFO - FullGPUEarlyStop complete: best=59030.00, improvement=90.38%, gens=25/2761, stopped=hit_optimal, H2D=0.12MB, D2H=0.00MB, kernels=3
2025-11-26 14:57:06,013 - INFO -       → Completed in 1.00s | Cost: 59030 (gap: 0.00%) | Generations: 25/2761
2025-11-26 14:57:06,014 - INFO -     Run 25/26 (new #3/4, seed=1061492373)...
2025-11-26 14:57:06,014 - INFO - FullGPUEarlyStop: Launching kernel (max=2761 gens, optimal=59030.0, patience=22)
2025-11-26 14:57:06,983 - INFO - FullGPUEarlyStop complete: best=59030.00, improvement=90.38%, gens=24/2761, stopped=hit_optimal, H2D=0.12MB, D2H=0.00MB, kernels=3
2025-11-26 14:57:06,983 - INFO -       → Completed in 0.97s | Cost: 59030 (gap: 0.00%) | Generations: 24/2761
2025-11-26 14:57:06,983 - INFO -     Run 26/26 (new #4/4, seed=29868377)...
2025-11-26 14:57:06,983 - INFO - FullGPUEarlyStop: Launching kernel (max=2761 gens, optimal=59030.0, patience=22)
2025-11-26 14:57:07,952 - INFO - FullGPUEarlyStop complete: best=59030.00, improvement=90.38%, gens=24/2761, stopped=hit_optimal, H2D=0.12MB, D2H=0.00MB, kernels=3
2025-11-26 14:57:07,952 - INFO -       → Completed in 0.97s | Cost: 59030 (gap: 0.00%) | Generations: 24/2761
2025-11-26 14:57:07,953 - INFO - 
    ✓ FullGPU INCREMENTAL summary for pr124 (26 total runs): Cost=59032±8.8 | Gap=0.00%±0.01% | Time=1.85s±0.47s
2025-11-26 14:57:07,962 - INFO -     ✓ Checkpoint saved: pr124_FullGPU.json
2025-11-26 14:57:08,007 - INFO - 
────────────────────────────────────────────────────────────────────────────────
2025-11-26 14:57:08,007 - INFO - STATISTICS FOR pr124
2025-11-26 14:57:08,007 - INFO - ────────────────────────────────────────────────────────────────────────────────
2025-11-26 14:57:08,007 - INFO - 
Statistical Analysis: pr124
2025-11-26 14:57:08,007 - INFO - --------------------------------------------------------------------------------
2025-11-26 14:57:08,010 - INFO - Friedman Test (k=3 algorithms):
2025-11-26 14:57:08,010 - INFO -   Statistic: 29.4639
2025-11-26 14:57:08,010 - INFO -   p-value: 0.000000
2025-11-26 14:57:08,010 - INFO -   Significant: True
2025-11-26 14:57:08,017 - INFO - 
Nemenyi Post-Hoc Test:
2025-11-26 14:57:08,025 - INFO -   Critical distance: 0.9193
2025-11-26 14:57:08,025 - INFO -   Mean ranks:
2025-11-26 14:57:08,025 - INFO -     HybridNaive: 2.29
2025-11-26 14:57:08,025 - INFO -     HybridOptimized: 2.54
2025-11-26 14:57:08,025 - INFO -     FullGPU: 1.17
2025-11-26 14:57:08,025 - INFO - 
  Significant pairwise differences:
2025-11-26 14:57:08,025 - INFO -     HybridNaive vs FullGPU: rank_diff=1.12, p=0.0002
2025-11-26 14:57:08,025 - INFO -     HybridOptimized vs FullGPU: rank_diff=1.37, p=0.0000
2025-11-26 14:57:08,025 - INFO - 
Pairwise Comparisons:
2025-11-26 14:57:08,025 - INFO - Following statistical methodology:
2025-11-26 14:57:08,025 - INFO -   - Normality testing (Shapiro-Wilk)
2025-11-26 14:57:08,025 - INFO -   - Test selection (paired t-test vs Wilcoxon)
2025-11-26 14:57:08,025 - INFO -   - Effect size (Cohen's d)
2025-11-26 14:57:08,025 - INFO -   - 95% Confidence Intervals
2025-11-26 14:57:08,025 - INFO -   - Holm-Bonferroni multiple comparison correction

2025-11-26 14:57:08,028 - INFO -   HybridNaive vs HybridOptimized:
2025-11-26 14:57:08,028 - INFO -     Normality (Shapiro-Wilk):
2025-11-26 14:57:08,028 - INFO -       HybridNaive: p=0.0047 (non-normal)
2025-11-26 14:57:08,028 - INFO -       HybridOptimized: p=0.0049 (non-normal)
2025-11-26 14:57:08,028 - INFO -     Test selected: wilcoxon_signed_rank
2025-11-26 14:57:08,028 - INFO -     Mean difference: -1.62
2025-11-26 14:57:08,028 - INFO -     95% CI difference: [-144.14, 140.91]
2025-11-26 14:57:08,028 - INFO -     p-value (uncorrected): 0.809330
2025-11-26 14:57:08,028 - INFO -     Cohen's d: -0.0074
2025-11-26 14:57:08,028 - INFO -     Effect size interpretation: negligible
2025-11-26 14:57:08,031 - INFO -   HybridNaive vs FullGPU:
2025-11-26 14:57:08,031 - INFO -     Normality (Shapiro-Wilk):
2025-11-26 14:57:08,031 - INFO -       HybridNaive: p=0.0047 (non-normal)
2025-11-26 14:57:08,031 - INFO -       FullGPU: p=0.0000 (non-normal)
2025-11-26 14:57:08,031 - INFO -     Test selected: wilcoxon_signed_rank
2025-11-26 14:57:08,031 - INFO -     Mean difference: 240.92
2025-11-26 14:57:08,031 - INFO -     95% CI difference: [143.03, 338.82]
2025-11-26 14:57:08,031 - INFO -     p-value (uncorrected): 0.000079
2025-11-26 14:57:08,031 - INFO -     Cohen's d: 1.4166
2025-11-26 14:57:08,031 - INFO -     Effect size interpretation: large
2025-11-26 14:57:08,033 - INFO -   HybridOptimized vs FullGPU:
2025-11-26 14:57:08,034 - INFO -     Normality (Shapiro-Wilk):
2025-11-26 14:57:08,034 - INFO -       HybridOptimized: p=0.0049 (non-normal)
2025-11-26 14:57:08,034 - INFO -       FullGPU: p=0.0000 (non-normal)
2025-11-26 14:57:08,034 - INFO -     Test selected: wilcoxon_signed_rank
2025-11-26 14:57:08,034 - INFO -     Mean difference: 242.54
2025-11-26 14:57:08,034 - INFO -     95% CI difference: [163.87, 321.20]
2025-11-26 14:57:08,034 - INFO -     p-value (uncorrected): 0.000018
2025-11-26 14:57:08,034 - INFO -     Cohen's d: 1.7407
2025-11-26 14:57:08,034 - INFO -     Effect size interpretation: large
2025-11-26 14:57:08,034 - INFO - 
  Multiple Comparison Correction (Holm-Bonferroni, α=0.05):
2025-11-26 14:57:08,034 - INFO -     HybridNaive vs HybridOptimized:
2025-11-26 14:57:08,034 - INFO -       Original p-value: 0.809330
2025-11-26 14:57:08,034 - INFO -       Adjusted p-value: 0.809330
2025-11-26 14:57:08,034 - INFO -       Significant (after correction): False
2025-11-26 14:57:08,034 - INFO -     HybridNaive vs FullGPU:
2025-11-26 14:57:08,034 - INFO -       Original p-value: 0.000079
2025-11-26 14:57:08,034 - INFO -       Adjusted p-value: 0.000158
2025-11-26 14:57:08,034 - INFO -       Significant (after correction): True
2025-11-26 14:57:08,034 - INFO -     HybridOptimized vs FullGPU:
2025-11-26 14:57:08,034 - INFO -       Original p-value: 0.000018
2025-11-26 14:57:08,034 - INFO -       Adjusted p-value: 0.000054
2025-11-26 14:57:08,035 - INFO -       Significant (after correction): True
2025-11-26 14:57:08,035 - INFO - 
Summary: pr124 (optimal=59030.0)
2025-11-26 14:57:08,035 - INFO - --------------------------------------------------------------------------------
2025-11-26 14:57:08,035 - INFO - Algorithm            Mean Cost       Gap (%)      Time (s)     H2D (MB)     D2H (MB)    
2025-11-26 14:57:08,035 - INFO - --------------------------------------------------------------------------------
2025-11-26 14:57:08,035 - INFO - HybridNaive          59272.69        0.41         3.14         3.37         1.71        
2025-11-26 14:57:08,035 - INFO - HybridOptimized      59274.31        0.41         0.47         1.71         1.71        
2025-11-26 14:57:08,035 - INFO - FullGPU              59031.77        0.00         1.85         0.12         0.00        
2025-11-26 14:57:08,035 - INFO - 
Speedups (relative to baseline):
2025-11-26 14:57:08,035 - INFO -   HybridNaive: 1.00x (baseline)
2025-11-26 14:57:08,035 - INFO -   HybridOptimized: 6.66x vs HybridNaive
2025-11-26 14:57:08,035 - INFO -   FullGPU: 1.70x vs HybridNaive
2025-11-26 14:57:08,035 - INFO - 
2025-11-26 14:57:08,038 - INFO - ✓ Problem statistics saved: pr124_stats.json

2025-11-26 14:57:08,083 - INFO - 
================================================================================
2025-11-26 14:57:08,083 - INFO - PROBLEM 17/38: bier127
2025-11-26 14:57:08,083 - INFO - Size: 127 cities | Optimal: 118282.0
2025-11-26 14:57:08,083 - INFO - ================================================================================
2025-11-26 14:57:08,083 - INFO - Running 3 GPU algorithms only (n>100)

2025-11-26 14:57:08,111 - INFO -   [1/3] HybridNaive (GPU): Resuming: 22/26 runs exist, completing remaining 4
2025-11-26 14:57:08,111 - INFO - GeneticAlgorithmHybridNaive initialized: pop_size=256, mutation_rate=0.02, tournament_k=5, 2opt_iters=10
2025-11-26 14:57:08,111 - INFO - Loaded two_opt_kernel for naive hybrid
2025-11-26 14:57:08,111 - INFO - 
  [HybridNaive] INCREMENTAL MODE: Extending bier127 from 22 to 26 runs
2025-11-26 14:57:08,112 - INFO -     Backend: GPU | Early stopping: patience=22 (adaptive: 2×√127) | New repetitions: 4
2025-11-26 14:57:08,112 - INFO -     Run 23/26 (new #1/4, seed=1872176295)...
2025-11-26 14:57:10,943 - INFO - Near-optimal solution reached at generation 14 (cost=118870.00, optimal=118282.00, gap=0.50%)
2025-11-26 14:57:10,943 - INFO - GeneticAlgorithmHybridNaive evolution complete: best=118870.00, improvement=79.51%, H2D=3.63MB, D2H=1.82MB, kernels=35840, stopped=hit_optimal
2025-11-26 14:57:10,943 - INFO -       → Completed in 2.83s | Cost: 118870 (gap: 0.50%) | Generations: 14/2862
2025-11-26 14:57:10,943 - INFO -     Run 24/26 (new #2/4, seed=1123603304)...
2025-11-26 14:57:13,781 - INFO - Near-optimal solution reached at generation 14 (cost=119219.00, optimal=118282.00, gap=0.79%)
2025-11-26 14:57:13,781 - INFO - GeneticAlgorithmHybridNaive evolution complete: best=119219.00, improvement=78.87%, H2D=3.63MB, D2H=1.82MB, kernels=35840, stopped=hit_optimal
2025-11-26 14:57:13,781 - INFO -       → Completed in 2.84s | Cost: 119219 (gap: 0.79%) | Generations: 14/2862
2025-11-26 14:57:13,781 - INFO -     Run 25/26 (new #3/4, seed=1581087088)...
2025-11-26 14:57:16,655 - INFO - Near-optimal solution reached at generation 14 (cost=119259.00, optimal=118282.00, gap=0.83%)
2025-11-26 14:57:16,656 - INFO - GeneticAlgorithmHybridNaive evolution complete: best=119259.00, improvement=79.42%, H2D=3.63MB, D2H=1.82MB, kernels=35840, stopped=hit_optimal
2025-11-26 14:57:16,656 - INFO -       → Completed in 2.87s | Cost: 119259 (gap: 0.83%) | Generations: 14/2862
2025-11-26 14:57:16,656 - INFO -     Run 26/26 (new #4/4, seed=1720929700)...
2025-11-26 14:57:19,646 - INFO - Near-optimal solution reached at generation 14 (cost=119292.00, optimal=118282.00, gap=0.85%)
2025-11-26 14:57:19,646 - INFO - GeneticAlgorithmHybridNaive evolution complete: best=119292.00, improvement=79.25%, H2D=3.63MB, D2H=1.82MB, kernels=35840, stopped=hit_optimal
2025-11-26 14:57:19,646 - INFO -       → Completed in 2.99s | Cost: 119292 (gap: 0.85%) | Generations: 14/2862
2025-11-26 14:57:19,647 - INFO - 
    ✓ HybridNaive INCREMENTAL summary for bier127 (26 total runs): Cost=119075±239.8 | Gap=0.67%±0.20% | Time=3.03s±0.25s
2025-11-26 14:57:19,689 - INFO -     ✓ Checkpoint saved: bier127_HybridNaive.json
2025-11-26 14:57:19,738 - INFO -   [2/3] HybridOptimized (GPU): Resuming: 22/26 runs exist, completing remaining 4
2025-11-26 14:57:19,738 - INFO - GeneticAlgorithmHybridOptimized initialized: pop_size=256, mutation_rate=0.02, tournament_k=5, 2opt_iters=10
2025-11-26 14:57:19,738 - INFO - Loaded batch kernels: two_opt_batch, cost_calculator
2025-11-26 14:57:19,738 - INFO - 
  [HybridOptimized] INCREMENTAL MODE: Extending bier127 from 22 to 26 runs
2025-11-26 14:57:19,738 - INFO -     Backend: GPU | Early stopping: patience=22 (adaptive: 2×√127) | New repetitions: 4
2025-11-26 14:57:19,738 - INFO -     Run 23/26 (new #1/4, seed=1417634901)...
2025-11-26 14:57:20,264 - INFO - Near-optimal solution reached at generation 15 (cost=119075.00, optimal=118282.00, gap=0.67%)
2025-11-26 14:57:20,265 - INFO - GeneticAlgorithmHybridOptimized evolution complete: best=119075.00, improvement=79.48%, H2D=2.08MB, D2H=1.98MB, kernels=165, stopped=hit_optimal
2025-11-26 14:57:20,265 - INFO -       → Completed in 0.53s | Cost: 119075 (gap: 0.67%) | Generations: 15/2862
2025-11-26 14:57:20,265 - INFO -     Run 24/26 (new #2/4, seed=556270560)...
2025-11-26 14:57:20,749 - INFO - Near-optimal solution reached at generation 14 (cost=119440.00, optimal=118282.00, gap=0.98%)
2025-11-26 14:57:20,749 - INFO - GeneticAlgorithmHybridOptimized evolution complete: best=119440.00, improvement=79.38%, H2D=1.82MB, D2H=1.85MB, kernels=154, stopped=hit_optimal
2025-11-26 14:57:20,749 - INFO -       → Completed in 0.48s | Cost: 119440 (gap: 0.98%) | Generations: 14/2862
2025-11-26 14:57:20,749 - INFO -     Run 25/26 (new #3/4, seed=1974233855)...
2025-11-26 14:57:21,236 - INFO - Near-optimal solution reached at generation 14 (cost=118930.00, optimal=118282.00, gap=0.55%)
2025-11-26 14:57:21,236 - INFO - GeneticAlgorithmHybridOptimized evolution complete: best=118930.00, improvement=79.05%, H2D=1.82MB, D2H=1.85MB, kernels=154, stopped=hit_optimal
2025-11-26 14:57:21,236 - INFO -       → Completed in 0.49s | Cost: 118930 (gap: 0.55%) | Generations: 14/2862
2025-11-26 14:57:21,236 - INFO -     Run 26/26 (new #4/4, seed=715773900)...
2025-11-26 14:57:21,920 - INFO - Near-optimal solution reached at generation 20 (cost=118726.00, optimal=118282.00, gap=0.38%)
2025-11-26 14:57:21,920 - INFO - GeneticAlgorithmHybridOptimized evolution complete: best=118726.00, improvement=78.99%, H2D=2.60MB, D2H=2.64MB, kernels=220, stopped=hit_optimal
2025-11-26 14:57:21,920 - INFO -       → Completed in 0.68s | Cost: 118726 (gap: 0.38%) | Generations: 20/2862
2025-11-26 14:57:21,921 - INFO - 
    ✓ HybridOptimized INCREMENTAL summary for bier127 (26 total runs): Cost=119149±233.0 | Gap=0.73%±0.20% | Time=0.56s±0.17s
2025-11-26 14:57:21,931 - INFO -     ✓ Checkpoint saved: bier127_HybridOptimized.json
2025-11-26 14:57:21,979 - INFO -   [3/3] FullGPU (GPU): Resuming: 22/26 runs exist, completing remaining 4
2025-11-26 14:57:21,979 - INFO - GeneticAlgorithmFullGPUEarlyStop initialized: pop_size=256, mutation_rate=0.02, tournament_k=5, 2opt_iters=10
2025-11-26 14:57:21,980 - INFO - Loaded Fujimoto GA kernel with early stopping support
2025-11-26 14:57:21,980 - INFO - 
  [FullGPU] INCREMENTAL MODE: Extending bier127 from 22 to 26 runs
2025-11-26 14:57:21,980 - INFO -     Backend: GPU | Early stopping: patience=22 (adaptive: 2×√127) | New repetitions: 4
2025-11-26 14:57:21,980 - INFO -     Run 23/26 (new #1/4, seed=2097458297)...
2025-11-26 14:57:21,981 - INFO - FullGPUEarlyStop: Launching kernel (max=2862 gens, optimal=118282.0, patience=22)
2025-11-26 14:57:24,525 - INFO - FullGPUEarlyStop complete: best=118937.00, improvement=79.27%, gens=57/2862, stopped=hit_optimal, H2D=0.12MB, D2H=0.00MB, kernels=3
2025-11-26 14:57:24,525 - INFO -       → Completed in 2.55s | Cost: 118937 (gap: 0.55%) | Generations: 57/2862
2025-11-26 14:57:24,525 - INFO -     Run 24/26 (new #2/4, seed=2073469175)...
2025-11-26 14:57:24,526 - INFO - FullGPUEarlyStop: Launching kernel (max=2862 gens, optimal=118282.0, patience=22)
2025-11-26 14:57:27,156 - INFO - FullGPUEarlyStop complete: best=119115.00, improvement=79.24%, gens=58/2862, stopped=hit_optimal, H2D=0.12MB, D2H=0.00MB, kernels=3
2025-11-26 14:57:27,157 - INFO -       → Completed in 2.63s | Cost: 119115 (gap: 0.70%) | Generations: 58/2862
2025-11-26 14:57:27,157 - INFO -     Run 25/26 (new #3/4, seed=2089969590)...
2025-11-26 14:57:27,157 - INFO - FullGPUEarlyStop: Launching kernel (max=2862 gens, optimal=118282.0, patience=22)
2025-11-26 14:57:28,601 - INFO - FullGPUEarlyStop complete: best=118744.00, improvement=79.30%, gens=32/2862, stopped=hit_optimal, H2D=0.12MB, D2H=0.00MB, kernels=3
2025-11-26 14:57:28,601 - INFO -       → Completed in 1.44s | Cost: 118744 (gap: 0.39%) | Generations: 32/2862
2025-11-26 14:57:28,601 - INFO -     Run 26/26 (new #4/4, seed=1872894160)...
2025-11-26 14:57:28,602 - INFO - FullGPUEarlyStop: Launching kernel (max=2862 gens, optimal=118282.0, patience=22)
2025-11-26 14:57:30,750 - INFO - FullGPUEarlyStop complete: best=118852.00, improvement=79.28%, gens=47/2862, stopped=hit_optimal, H2D=0.12MB, D2H=0.00MB, kernels=3
2025-11-26 14:57:30,751 - INFO -       → Completed in 2.15s | Cost: 118852 (gap: 0.48%) | Generations: 47/2862
2025-11-26 14:57:30,751 - INFO - 
    ✓ FullGPU INCREMENTAL summary for bier127 (26 total runs): Cost=118790±164.0 | Gap=0.43%±0.14% | Time=3.30s±1.03s
2025-11-26 14:57:30,794 - INFO -     ✓ Checkpoint saved: bier127_FullGPU.json
2025-11-26 14:57:30,841 - INFO - 
────────────────────────────────────────────────────────────────────────────────
2025-11-26 14:57:30,841 - INFO - STATISTICS FOR bier127
2025-11-26 14:57:30,841 - INFO - ────────────────────────────────────────────────────────────────────────────────
2025-11-26 14:57:30,841 - INFO - 
Statistical Analysis: bier127
2025-11-26 14:57:30,842 - INFO - --------------------------------------------------------------------------------
2025-11-26 14:57:30,845 - INFO - Friedman Test (k=3 algorithms):
2025-11-26 14:57:30,845 - INFO -   Statistic: 22.3846
2025-11-26 14:57:30,845 - INFO -   p-value: 0.000014
2025-11-26 14:57:30,845 - INFO -   Significant: True
2025-11-26 14:57:30,853 - INFO - 
Nemenyi Post-Hoc Test:
2025-11-26 14:57:30,862 - INFO -   Critical distance: 0.9193
2025-11-26 14:57:30,862 - INFO -   Mean ranks:
2025-11-26 14:57:30,862 - INFO -     HybridNaive: 2.19
2025-11-26 14:57:30,862 - INFO -     HybridOptimized: 2.54
2025-11-26 14:57:30,862 - INFO -     FullGPU: 1.27
2025-11-26 14:57:30,862 - INFO - 
  Significant pairwise differences:
2025-11-26 14:57:30,862 - INFO -     HybridNaive vs FullGPU: rank_diff=0.92, p=0.0025
2025-11-26 14:57:30,862 - INFO -     HybridOptimized vs FullGPU: rank_diff=1.27, p=0.0000
2025-11-26 14:57:30,862 - INFO - 
Pairwise Comparisons:
2025-11-26 14:57:30,862 - INFO - Following statistical methodology:
2025-11-26 14:57:30,862 - INFO -   - Normality testing (Shapiro-Wilk)
2025-11-26 14:57:30,862 - INFO -   - Test selection (paired t-test vs Wilcoxon)
2025-11-26 14:57:30,862 - INFO -   - Effect size (Cohen's d)
2025-11-26 14:57:30,863 - INFO -   - 95% Confidence Intervals
2025-11-26 14:57:30,863 - INFO -   - Holm-Bonferroni multiple comparison correction

2025-11-26 14:57:30,864 - INFO -   HybridNaive vs HybridOptimized:
2025-11-26 14:57:30,864 - INFO -     Normality (Shapiro-Wilk):
2025-11-26 14:57:30,864 - INFO -       HybridNaive: p=0.0679 (normal)
2025-11-26 14:57:30,865 - INFO -       HybridOptimized: p=0.9602 (normal)
2025-11-26 14:57:30,865 - INFO -     Test selected: paired_t_test
2025-11-26 14:57:30,865 - INFO -     Mean difference: -73.38
2025-11-26 14:57:30,865 - INFO -     95% CI difference: [-192.98, 46.21]
2025-11-26 14:57:30,865 - INFO -     p-value (uncorrected): 0.217991
2025-11-26 14:57:30,865 - INFO -     Cohen's d: -0.3044
2025-11-26 14:57:30,865 - INFO -     Effect size interpretation: small
2025-11-26 14:57:30,867 - INFO -   HybridNaive vs FullGPU:
2025-11-26 14:57:30,867 - INFO -     Normality (Shapiro-Wilk):
2025-11-26 14:57:30,867 - INFO -       HybridNaive: p=0.0679 (normal)
2025-11-26 14:57:30,867 - INFO -       FullGPU: p=0.7939 (normal)
2025-11-26 14:57:30,867 - INFO -     Test selected: paired_t_test
2025-11-26 14:57:30,867 - INFO -     Mean difference: 285.31
2025-11-26 14:57:30,867 - INFO -     95% CI difference: [157.67, 412.94]
2025-11-26 14:57:30,867 - INFO -     p-value (uncorrected): 0.000104
2025-11-26 14:57:30,867 - INFO -     Cohen's d: 1.3618
2025-11-26 14:57:30,868 - INFO -     Effect size interpretation: large
2025-11-26 14:57:30,870 - INFO -   HybridOptimized vs FullGPU:
2025-11-26 14:57:30,870 - INFO -     Normality (Shapiro-Wilk):
2025-11-26 14:57:30,870 - INFO -       HybridOptimized: p=0.9602 (normal)
2025-11-26 14:57:30,870 - INFO -       FullGPU: p=0.7939 (normal)
2025-11-26 14:57:30,870 - INFO -     Test selected: paired_t_test
2025-11-26 14:57:30,870 - INFO -     Mean difference: 358.69
2025-11-26 14:57:30,870 - INFO -     95% CI difference: [233.97, 483.42]
2025-11-26 14:57:30,870 - INFO -     p-value (uncorrected): 0.000004
2025-11-26 14:57:30,870 - INFO -     Cohen's d: 1.7458
2025-11-26 14:57:30,870 - INFO -     Effect size interpretation: large
2025-11-26 14:57:30,870 - INFO - 
  Multiple Comparison Correction (Holm-Bonferroni, α=0.05):
2025-11-26 14:57:30,870 - INFO -     HybridNaive vs HybridOptimized:
2025-11-26 14:57:30,870 - INFO -       Original p-value: 0.217991
2025-11-26 14:57:30,871 - INFO -       Adjusted p-value: 0.217991
2025-11-26 14:57:30,871 - INFO -       Significant (after correction): False
2025-11-26 14:57:30,871 - INFO -     HybridNaive vs FullGPU:
2025-11-26 14:57:30,871 - INFO -       Original p-value: 0.000104
2025-11-26 14:57:30,871 - INFO -       Adjusted p-value: 0.000208
2025-11-26 14:57:30,871 - INFO -       Significant (after correction): True
2025-11-26 14:57:30,871 - INFO -     HybridOptimized vs FullGPU:
2025-11-26 14:57:30,871 - INFO -       Original p-value: 0.000004
2025-11-26 14:57:30,871 - INFO -       Adjusted p-value: 0.000011
2025-11-26 14:57:30,871 - INFO -       Significant (after correction): True
2025-11-26 14:57:30,871 - INFO - 
Summary: bier127 (optimal=118282.0)
2025-11-26 14:57:30,871 - INFO - --------------------------------------------------------------------------------
2025-11-26 14:57:30,871 - INFO - Algorithm            Mean Cost       Gap (%)      Time (s)     H2D (MB)     D2H (MB)    
2025-11-26 14:57:30,871 - INFO - --------------------------------------------------------------------------------
2025-11-26 14:57:30,871 - INFO - HybridNaive          119075.19       0.67         3.03         3.63         1.82        
2025-11-26 14:57:30,871 - INFO - HybridOptimized      119148.58       0.73         0.56         2.08         2.08        
2025-11-26 14:57:30,871 - INFO - FullGPU              118789.88       0.43         3.30         0.13         0.00        
2025-11-26 14:57:30,871 - INFO - 
Speedups (relative to baseline):
2025-11-26 14:57:30,871 - INFO -   HybridNaive: 1.00x (baseline)
2025-11-26 14:57:30,872 - INFO -   HybridOptimized: 5.43x vs HybridNaive
2025-11-26 14:57:30,872 - INFO -   FullGPU: 0.92x vs HybridNaive
2025-11-26 14:57:30,872 - INFO - 
2025-11-26 14:57:30,875 - INFO - ✓ Problem statistics saved: bier127_stats.json

2025-11-26 14:57:30,923 - INFO - 
================================================================================
2025-11-26 14:57:30,923 - INFO - PROBLEM 18/38: ch130
2025-11-26 14:57:30,923 - INFO - Size: 130 cities | Optimal: 6110.0
2025-11-26 14:57:30,923 - INFO - ================================================================================
2025-11-26 14:57:30,923 - INFO - Running 3 GPU algorithms only (n>100)

2025-11-26 14:57:30,950 - INFO -   [1/3] HybridNaive (GPU): Resuming: 22/26 runs exist, completing remaining 4
2025-11-26 14:57:30,950 - INFO - GeneticAlgorithmHybridNaive initialized: pop_size=256, mutation_rate=0.02, tournament_k=5, 2opt_iters=10
2025-11-26 14:57:30,950 - INFO - Loaded two_opt_kernel for naive hybrid
2025-11-26 14:57:30,950 - INFO - 
  [HybridNaive] INCREMENTAL MODE: Extending ch130 from 22 to 26 runs
2025-11-26 14:57:30,950 - INFO -     Backend: GPU | Early stopping: patience=22 (adaptive: 2×√130) | New repetitions: 4
2025-11-26 14:57:30,951 - INFO -     Run 23/26 (new #1/4, seed=690302634)...
2025-11-26 14:57:33,949 - INFO - Near-optimal solution reached at generation 15 (cost=6146.00, optimal=6110.00, gap=0.59%)
2025-11-26 14:57:33,949 - INFO - GeneticAlgorithmHybridNaive evolution complete: best=6146.00, improvement=85.19%, H2D=4.02MB, D2H=2.00MB, kernels=38400, stopped=hit_optimal
2025-11-26 14:57:33,949 - INFO -       → Completed in 3.00s | Cost: 6146 (gap: 0.59%) | Generations: 15/2964
2025-11-26 14:57:33,949 - INFO -     Run 24/26 (new #2/4, seed=1918204335)...
2025-11-26 14:57:37,001 - INFO - Near-optimal solution reached at generation 15 (cost=6151.00, optimal=6110.00, gap=0.67%)
2025-11-26 14:57:37,001 - INFO - GeneticAlgorithmHybridNaive evolution complete: best=6151.00, improvement=85.33%, H2D=4.02MB, D2H=2.00MB, kernels=38400, stopped=hit_optimal
2025-11-26 14:57:37,001 - INFO -       → Completed in 3.05s | Cost: 6151 (gap: 0.67%) | Generations: 15/2964
2025-11-26 14:57:37,001 - INFO -     Run 25/26 (new #3/4, seed=1743513380)...
2025-11-26 14:57:40,103 - INFO - Near-optimal solution reached at generation 15 (cost=6166.00, optimal=6110.00, gap=0.92%)
2025-11-26 14:57:40,103 - INFO - GeneticAlgorithmHybridNaive evolution complete: best=6166.00, improvement=85.30%, H2D=4.02MB, D2H=2.00MB, kernels=38400, stopped=hit_optimal
2025-11-26 14:57:40,103 - INFO -       → Completed in 3.10s | Cost: 6166 (gap: 0.92%) | Generations: 15/2964
2025-11-26 14:57:40,103 - INFO -     Run 26/26 (new #4/4, seed=797717685)...
2025-11-26 14:57:43,038 - INFO - Near-optimal solution reached at generation 15 (cost=6136.00, optimal=6110.00, gap=0.43%)
2025-11-26 14:57:43,039 - INFO - GeneticAlgorithmHybridNaive evolution complete: best=6136.00, improvement=85.46%, H2D=4.02MB, D2H=2.00MB, kernels=38400, stopped=hit_optimal
2025-11-26 14:57:43,039 - INFO -       → Completed in 2.94s | Cost: 6136 (gap: 0.43%) | Generations: 15/2964
2025-11-26 14:57:43,040 - INFO - 
    ✓ HybridNaive INCREMENTAL summary for ch130 (26 total runs): Cost=6154±12.1 | Gap=0.72%±0.20% | Time=3.35s±0.31s
2025-11-26 14:57:43,049 - INFO -     ✓ Checkpoint saved: ch130_HybridNaive.json
2025-11-26 14:57:43,094 - INFO -   [2/3] HybridOptimized (GPU): Resuming: 22/26 runs exist, completing remaining 4
2025-11-26 14:57:43,095 - INFO - GeneticAlgorithmHybridOptimized initialized: pop_size=256, mutation_rate=0.02, tournament_k=5, 2opt_iters=10
2025-11-26 14:57:43,095 - INFO - Loaded batch kernels: two_opt_batch, cost_calculator
2025-11-26 14:57:43,095 - INFO - 
  [HybridOptimized] INCREMENTAL MODE: Extending ch130 from 22 to 26 runs
2025-11-26 14:57:43,095 - INFO -     Backend: GPU | Early stopping: patience=22 (adaptive: 2×√130) | New repetitions: 4
2025-11-26 14:57:43,095 - INFO -     Run 23/26 (new #1/4, seed=1198354148)...
2025-11-26 14:57:43,517 - INFO - Near-optimal solution reached at generation 14 (cost=6136.00, optimal=6110.00, gap=0.43%)
2025-11-26 14:57:43,518 - INFO - GeneticAlgorithmHybridOptimized evolution complete: best=6136.00, improvement=85.22%, H2D=2.00MB, D2H=1.89MB, kernels=154, stopped=hit_optimal
2025-11-26 14:57:43,518 - INFO -       → Completed in 0.42s | Cost: 6136 (gap: 0.43%) | Generations: 14/2964
2025-11-26 14:57:43,518 - INFO -     Run 24/26 (new #2/4, seed=1591729292)...
2025-11-26 14:57:44,008 - INFO - Near-optimal solution reached at generation 14 (cost=6150.00, optimal=6110.00, gap=0.65%)
2025-11-26 14:57:44,008 - INFO - GeneticAlgorithmHybridOptimized evolution complete: best=6150.00, improvement=85.23%, H2D=1.86MB, D2H=1.89MB, kernels=154, stopped=hit_optimal
2025-11-26 14:57:44,008 - INFO -       → Completed in 0.49s | Cost: 6150 (gap: 0.65%) | Generations: 14/2964
2025-11-26 14:57:44,008 - INFO -     Run 25/26 (new #3/4, seed=1513265839)...
2025-11-26 14:57:44,498 - INFO - Near-optimal solution reached at generation 14 (cost=6162.00, optimal=6110.00, gap=0.85%)
2025-11-26 14:57:44,498 - INFO - GeneticAlgorithmHybridOptimized evolution complete: best=6162.00, improvement=85.09%, H2D=1.86MB, D2H=1.89MB, kernels=154, stopped=hit_optimal
2025-11-26 14:57:44,498 - INFO -       → Completed in 0.49s | Cost: 6162 (gap: 0.85%) | Generations: 14/2964
2025-11-26 14:57:44,498 - INFO -     Run 26/26 (new #4/4, seed=696214610)...
2025-11-26 14:57:45,056 - INFO - Near-optimal solution reached at generation 16 (cost=6142.00, optimal=6110.00, gap=0.52%)
2025-11-26 14:57:45,056 - INFO - GeneticAlgorithmHybridOptimized evolution complete: best=6142.00, improvement=85.24%, H2D=2.13MB, D2H=2.16MB, kernels=176, stopped=hit_optimal
2025-11-26 14:57:45,056 - INFO -       → Completed in 0.56s | Cost: 6142 (gap: 0.52%) | Generations: 16/2964
2025-11-26 14:57:45,057 - INFO - 
    ✓ HybridOptimized INCREMENTAL summary for ch130 (26 total runs): Cost=6149±14.6 | Gap=0.63%±0.24% | Time=0.59s±0.10s
2025-11-26 14:57:45,067 - INFO -     ✓ Checkpoint saved: ch130_HybridOptimized.json
2025-11-26 14:57:45,114 - INFO -   [3/3] FullGPU (GPU): Resuming: 22/26 runs exist, completing remaining 4
2025-11-26 14:57:45,114 - INFO - GeneticAlgorithmFullGPUEarlyStop initialized: pop_size=256, mutation_rate=0.02, tournament_k=5, 2opt_iters=10
2025-11-26 14:57:45,114 - INFO - Loaded Fujimoto GA kernel with early stopping support
2025-11-26 14:57:45,114 - INFO - 
  [FullGPU] INCREMENTAL MODE: Extending ch130 from 22 to 26 runs
2025-11-26 14:57:45,114 - INFO -     Backend: GPU | Early stopping: patience=22 (adaptive: 2×√130) | New repetitions: 4
2025-11-26 14:57:45,114 - INFO -     Run 23/26 (new #1/4, seed=2139484966)...
2025-11-26 14:57:45,115 - INFO - FullGPUEarlyStop: Launching kernel (max=2964 gens, optimal=6110.0, patience=22)
2025-11-26 14:57:46,610 - INFO - FullGPUEarlyStop complete: best=6180.00, improvement=84.96%, gens=32/2964, stopped=no_improvements, H2D=0.13MB, D2H=0.00MB, kernels=3
2025-11-26 14:57:46,610 - INFO -       → Completed in 1.50s | Cost: 6180 (gap: 1.15%) | Generations: 32/2964
2025-11-26 14:57:46,610 - INFO -     Run 24/26 (new #2/4, seed=249550848)...
2025-11-26 14:57:46,611 - INFO - FullGPUEarlyStop: Launching kernel (max=2964 gens, optimal=6110.0, patience=22)
2025-11-26 14:57:48,526 - INFO - FullGPUEarlyStop complete: best=6192.00, improvement=84.93%, gens=41/2964, stopped=no_improvements, H2D=0.13MB, D2H=0.00MB, kernels=3
2025-11-26 14:57:48,526 - INFO -       → Completed in 1.92s | Cost: 6192 (gap: 1.34%) | Generations: 41/2964
2025-11-26 14:57:48,526 - INFO -     Run 25/26 (new #3/4, seed=1816085068)...
2025-11-26 14:57:48,527 - INFO - FullGPUEarlyStop: Launching kernel (max=2964 gens, optimal=6110.0, patience=22)
2025-11-26 14:57:51,020 - INFO - FullGPUEarlyStop complete: best=6171.00, improvement=84.98%, gens=53/2964, stopped=hit_optimal, H2D=0.13MB, D2H=0.00MB, kernels=3
2025-11-26 14:57:51,020 - INFO -       → Completed in 2.49s | Cost: 6171 (gap: 1.00%) | Generations: 53/2964
2025-11-26 14:57:51,020 - INFO -     Run 26/26 (new #4/4, seed=1221250449)...
2025-11-26 14:57:51,021 - INFO - FullGPUEarlyStop: Launching kernel (max=2964 gens, optimal=6110.0, patience=22)
2025-11-26 14:57:53,203 - INFO - FullGPUEarlyStop complete: best=6168.00, improvement=84.99%, gens=47/2964, stopped=hit_optimal, H2D=0.13MB, D2H=0.00MB, kernels=3
2025-11-26 14:57:53,203 - INFO -       → Completed in 2.18s | Cost: 6168 (gap: 0.95%) | Generations: 47/2964
2025-11-26 14:57:53,204 - INFO - 
    ✓ FullGPU INCREMENTAL summary for ch130 (26 total runs): Cost=6163±19.2 | Gap=0.87%±0.31% | Time=4.39s±1.98s
2025-11-26 14:57:53,214 - INFO -     ✓ Checkpoint saved: ch130_FullGPU.json
2025-11-26 14:57:53,260 - INFO - 
────────────────────────────────────────────────────────────────────────────────
2025-11-26 14:57:53,260 - INFO - STATISTICS FOR ch130
2025-11-26 14:57:53,260 - INFO - ────────────────────────────────────────────────────────────────────────────────
2025-11-26 14:57:53,261 - INFO - 
Statistical Analysis: ch130
2025-11-26 14:57:53,261 - INFO - --------------------------------------------------------------------------------
2025-11-26 14:57:53,264 - INFO - Friedman Test (k=3 algorithms):
2025-11-26 14:57:53,264 - INFO -   Statistic: 7.9231
2025-11-26 14:57:53,264 - INFO -   p-value: 0.019034
2025-11-26 14:57:53,264 - INFO -   Significant: True
2025-11-26 14:57:53,273 - INFO - 
Nemenyi Post-Hoc Test:
2025-11-26 14:57:53,282 - INFO -   Critical distance: 0.9193
2025-11-26 14:57:53,282 - INFO -   Mean ranks:
2025-11-26 14:57:53,282 - INFO -     HybridNaive: 2.08
2025-11-26 14:57:53,282 - INFO -     HybridOptimized: 1.58
2025-11-26 14:57:53,282 - INFO -     FullGPU: 2.35
2025-11-26 14:57:53,282 - INFO - 
  Significant pairwise differences:
2025-11-26 14:57:53,282 - INFO -     HybridOptimized vs FullGPU: rank_diff=0.77, p=0.0153
2025-11-26 14:57:53,282 - INFO - 
Pairwise Comparisons:
2025-11-26 14:57:53,282 - INFO - Following statistical methodology:
2025-11-26 14:57:53,282 - INFO -   - Normality testing (Shapiro-Wilk)
2025-11-26 14:57:53,282 - INFO -   - Test selection (paired t-test vs Wilcoxon)
2025-11-26 14:57:53,282 - INFO -   - Effect size (Cohen's d)
2025-11-26 14:57:53,282 - INFO -   - 95% Confidence Intervals
2025-11-26 14:57:53,282 - INFO -   - Holm-Bonferroni multiple comparison correction

2025-11-26 14:57:53,284 - INFO -   HybridNaive vs HybridOptimized:
2025-11-26 14:57:53,284 - INFO -     Normality (Shapiro-Wilk):
2025-11-26 14:57:53,284 - INFO -       HybridNaive: p=0.0357 (non-normal)
2025-11-26 14:57:53,284 - INFO -       HybridOptimized: p=0.4911 (normal)
2025-11-26 14:57:53,284 - INFO -     Test selected: wilcoxon_signed_rank
2025-11-26 14:57:53,284 - INFO -     Mean difference: 5.65
2025-11-26 14:57:53,285 - INFO -     95% CI difference: [-1.75, 13.06]
2025-11-26 14:57:53,285 - INFO -     p-value (uncorrected): 0.151225
2025-11-26 14:57:53,285 - INFO -     Cohen's d: 0.4144
2025-11-26 14:57:53,285 - INFO -     Effect size interpretation: small
2025-11-26 14:57:53,286 - INFO -   HybridNaive vs FullGPU:
2025-11-26 14:57:53,286 - INFO -     Normality (Shapiro-Wilk):
2025-11-26 14:57:53,286 - INFO -       HybridNaive: p=0.0357 (non-normal)
2025-11-26 14:57:53,286 - INFO -       FullGPU: p=0.5316 (normal)
2025-11-26 14:57:53,287 - INFO -     Test selected: wilcoxon_signed_rank
2025-11-26 14:57:53,287 - INFO -     Mean difference: -8.69
2025-11-26 14:57:53,287 - INFO -     95% CI difference: [-18.53, 1.14]
2025-11-26 14:57:53,287 - INFO -     p-value (uncorrected): 0.081864
2025-11-26 14:57:53,287 - INFO -     Cohen's d: -0.5319
2025-11-26 14:57:53,287 - INFO -     Effect size interpretation: medium
2025-11-26 14:57:53,288 - INFO -   HybridOptimized vs FullGPU:
2025-11-26 14:57:53,288 - INFO -     Normality (Shapiro-Wilk):
2025-11-26 14:57:53,289 - INFO -       HybridOptimized: p=0.4911 (normal)
2025-11-26 14:57:53,289 - INFO -       FullGPU: p=0.5316 (normal)
2025-11-26 14:57:53,289 - INFO -     Test selected: paired_t_test
2025-11-26 14:57:53,289 - INFO -     Mean difference: -14.35
2025-11-26 14:57:53,289 - INFO -     95% CI difference: [-24.41, -4.28]
2025-11-26 14:57:53,289 - INFO -     p-value (uncorrected): 0.007055
2025-11-26 14:57:53,289 - INFO -     Cohen's d: -0.8260
2025-11-26 14:57:53,289 - INFO -     Effect size interpretation: large
2025-11-26 14:57:53,289 - INFO - 
  Multiple Comparison Correction (Holm-Bonferroni, α=0.05):
2025-11-26 14:57:53,289 - INFO -     HybridNaive vs HybridOptimized:
2025-11-26 14:57:53,289 - INFO -       Original p-value: 0.151225
2025-11-26 14:57:53,289 - INFO -       Adjusted p-value: 0.163728
2025-11-26 14:57:53,289 - INFO -       Significant (after correction): False
2025-11-26 14:57:53,289 - INFO -     HybridNaive vs FullGPU:
2025-11-26 14:57:53,289 - INFO -       Original p-value: 0.081864
2025-11-26 14:57:53,289 - INFO -       Adjusted p-value: 0.163728
2025-11-26 14:57:53,289 - INFO -       Significant (after correction): False
2025-11-26 14:57:53,289 - INFO -     HybridOptimized vs FullGPU:
2025-11-26 14:57:53,290 - INFO -       Original p-value: 0.007055
2025-11-26 14:57:53,290 - INFO -       Adjusted p-value: 0.021165
2025-11-26 14:57:53,290 - INFO -       Significant (after correction): True
2025-11-26 14:57:53,290 - INFO - 
Summary: ch130 (optimal=6110.0)
2025-11-26 14:57:53,290 - INFO - --------------------------------------------------------------------------------
2025-11-26 14:57:53,290 - INFO - Algorithm            Mean Cost       Gap (%)      Time (s)     H2D (MB)     D2H (MB)    
2025-11-26 14:57:53,290 - INFO - --------------------------------------------------------------------------------
2025-11-26 14:57:53,290 - INFO - HybridNaive          6154.23         0.72         3.35         4.02         2.00        
2025-11-26 14:57:53,290 - INFO - HybridOptimized      6148.58         0.63         0.59         1.96         1.96        
2025-11-26 14:57:53,290 - INFO - FullGPU              6162.92         0.87         4.39         0.14         0.00        
2025-11-26 14:57:53,290 - INFO - 
Speedups (relative to baseline):
2025-11-26 14:57:53,290 - INFO -   HybridNaive: 1.00x (baseline)
2025-11-26 14:57:53,290 - INFO -   HybridOptimized: 5.67x vs HybridNaive
2025-11-26 14:57:53,290 - INFO -   FullGPU: 0.76x vs HybridNaive
2025-11-26 14:57:53,290 - INFO - 
2025-11-26 14:57:53,292 - INFO - ✓ Problem statistics saved: ch130_stats.json

2025-11-26 14:57:53,340 - INFO - 
================================================================================
2025-11-26 14:57:53,340 - INFO - PROBLEM 19/38: pr136
2025-11-26 14:57:53,340 - INFO - Size: 136 cities | Optimal: 96772.0
2025-11-26 14:57:53,340 - INFO - ================================================================================
2025-11-26 14:57:53,341 - INFO - Running 3 GPU algorithms only (n>100)

2025-11-26 14:57:53,367 - INFO -   [1/3] HybridNaive (GPU): Resuming: 22/26 runs exist, completing remaining 4
2025-11-26 14:57:53,367 - INFO - GeneticAlgorithmHybridNaive initialized: pop_size=256, mutation_rate=0.02, tournament_k=5, 2opt_iters=10
2025-11-26 14:57:53,367 - INFO - Loaded two_opt_kernel for naive hybrid
2025-11-26 14:57:53,368 - INFO - 
  [HybridNaive] INCREMENTAL MODE: Extending pr136 from 22 to 26 runs
2025-11-26 14:57:53,368 - INFO -     Backend: GPU | Early stopping: patience=23 (adaptive: 2×√136) | New repetitions: 4
2025-11-26 14:57:53,368 - INFO -     Run 23/26 (new #1/4, seed=515234959)...
2025-11-26 14:57:56,843 - INFO - Near-optimal solution reached at generation 16 (cost=97687.00, optimal=96772.00, gap=0.95%)
2025-11-26 14:57:56,843 - INFO - GeneticAlgorithmHybridNaive evolution complete: best=97687.00, improvement=86.68%, H2D=4.60MB, D2H=2.23MB, kernels=40960, stopped=hit_optimal
2025-11-26 14:57:56,843 - INFO -       → Completed in 3.48s | Cost: 97687 (gap: 0.95%) | Generations: 16/3172
2025-11-26 14:57:56,843 - INFO -     Run 24/26 (new #2/4, seed=1881046320)...
2025-11-26 14:58:00,530 - INFO - Near-optimal solution reached at generation 17 (cost=97294.00, optimal=96772.00, gap=0.54%)
2025-11-26 14:58:00,530 - INFO - GeneticAlgorithmHybridNaive evolution complete: best=97294.00, improvement=87.03%, H2D=4.88MB, D2H=2.37MB, kernels=43520, stopped=hit_optimal
2025-11-26 14:58:00,530 - INFO -       → Completed in 3.69s | Cost: 97294 (gap: 0.54%) | Generations: 17/3172
2025-11-26 14:58:00,530 - INFO -     Run 25/26 (new #3/4, seed=966534552)...
2025-11-26 14:58:04,002 - INFO - Near-optimal solution reached at generation 16 (cost=97368.00, optimal=96772.00, gap=0.62%)
2025-11-26 14:58:04,002 - INFO - GeneticAlgorithmHybridNaive evolution complete: best=97368.00, improvement=86.74%, H2D=4.60MB, D2H=2.23MB, kernels=40960, stopped=hit_optimal
2025-11-26 14:58:04,002 - INFO -       → Completed in 3.47s | Cost: 97368 (gap: 0.62%) | Generations: 16/3172
2025-11-26 14:58:04,002 - INFO -     Run 26/26 (new #4/4, seed=1679348572)...
2025-11-26 14:58:07,038 - INFO - Near-optimal solution reached at generation 14 (cost=97417.00, optimal=96772.00, gap=0.67%)
2025-11-26 14:58:07,038 - INFO - GeneticAlgorithmHybridNaive evolution complete: best=97417.00, improvement=86.96%, H2D=4.02MB, D2H=1.95MB, kernels=35840, stopped=hit_optimal
2025-11-26 14:58:07,038 - INFO -       → Completed in 3.04s | Cost: 97417 (gap: 0.67%) | Generations: 14/3172
2025-11-26 14:58:07,039 - INFO - 
    ✓ HybridNaive INCREMENTAL summary for pr136 (26 total runs): Cost=97503±180.8 | Gap=0.76%±0.19% | Time=3.86s±1.43s
2025-11-26 14:58:07,048 - INFO -     ✓ Checkpoint saved: pr136_HybridNaive.json
2025-11-26 14:58:07,097 - INFO -   [2/3] HybridOptimized (GPU): Resuming: 22/26 runs exist, completing remaining 4
2025-11-26 14:58:07,097 - INFO - GeneticAlgorithmHybridOptimized initialized: pop_size=256, mutation_rate=0.02, tournament_k=5, 2opt_iters=10
2025-11-26 14:58:07,097 - INFO - Loaded batch kernels: two_opt_batch, cost_calculator
2025-11-26 14:58:07,097 - INFO - 
  [HybridOptimized] INCREMENTAL MODE: Extending pr136 from 22 to 26 runs
2025-11-26 14:58:07,097 - INFO -     Backend: GPU | Early stopping: patience=23 (adaptive: 2×√136) | New repetitions: 4
2025-11-26 14:58:07,098 - INFO -     Run 23/26 (new #1/4, seed=191857682)...
2025-11-26 14:58:07,681 - INFO - Near-optimal solution reached at generation 16 (cost=97657.00, optimal=96772.00, gap=0.91%)
2025-11-26 14:58:07,681 - INFO - GeneticAlgorithmHybridOptimized evolution complete: best=97657.00, improvement=86.69%, H2D=2.38MB, D2H=2.26MB, kernels=176, stopped=hit_optimal
2025-11-26 14:58:07,681 - INFO -       → Completed in 0.58s | Cost: 97657 (gap: 0.91%) | Generations: 16/3172
2025-11-26 14:58:07,682 - INFO -     Run 24/26 (new #2/4, seed=1969664079)...
2025-11-26 14:58:08,294 - INFO - Near-optimal solution reached at generation 17 (cost=97345.00, optimal=96772.00, gap=0.59%)
2025-11-26 14:58:08,294 - INFO - GeneticAlgorithmHybridOptimized evolution complete: best=97345.00, improvement=87.02%, H2D=2.37MB, D2H=2.40MB, kernels=187, stopped=hit_optimal
2025-11-26 14:58:08,294 - INFO -       → Completed in 0.61s | Cost: 97345 (gap: 0.59%) | Generations: 17/3172
2025-11-26 14:58:08,294 - INFO -     Run 25/26 (new #3/4, seed=950317744)...
2025-11-26 14:58:08,903 - INFO - Near-optimal solution reached at generation 17 (cost=97665.00, optimal=96772.00, gap=0.92%)
2025-11-26 14:58:08,903 - INFO - GeneticAlgorithmHybridOptimized evolution complete: best=97665.00, improvement=86.70%, H2D=2.37MB, D2H=2.40MB, kernels=187, stopped=hit_optimal
2025-11-26 14:58:08,903 - INFO -       → Completed in 0.61s | Cost: 97665 (gap: 0.92%) | Generations: 17/3172
2025-11-26 14:58:08,904 - INFO -     Run 26/26 (new #4/4, seed=1385916008)...
2025-11-26 14:58:09,509 - INFO - Near-optimal solution reached at generation 17 (cost=97580.00, optimal=96772.00, gap=0.83%)
2025-11-26 14:58:09,510 - INFO - GeneticAlgorithmHybridOptimized evolution complete: best=97580.00, improvement=87.08%, H2D=2.37MB, D2H=2.40MB, kernels=187, stopped=hit_optimal
2025-11-26 14:58:09,510 - INFO -       → Completed in 0.61s | Cost: 97580 (gap: 0.83%) | Generations: 17/3172
2025-11-26 14:58:09,510 - INFO - 
    ✓ HybridOptimized INCREMENTAL summary for pr136 (26 total runs): Cost=97509±183.1 | Gap=0.76%±0.19% | Time=0.67s±0.15s
2025-11-26 14:58:09,520 - INFO -     ✓ Checkpoint saved: pr136_HybridOptimized.json
2025-11-26 14:58:09,571 - INFO -   [3/3] FullGPU (GPU): Resuming: 22/26 runs exist, completing remaining 4
2025-11-26 14:58:09,571 - INFO - GeneticAlgorithmFullGPUEarlyStop initialized: pop_size=256, mutation_rate=0.02, tournament_k=5, 2opt_iters=10
2025-11-26 14:58:09,572 - INFO - Loaded Fujimoto GA kernel with early stopping support
2025-11-26 14:58:09,572 - INFO - 
  [FullGPU] INCREMENTAL MODE: Extending pr136 from 22 to 26 runs
2025-11-26 14:58:09,572 - INFO -     Backend: GPU | Early stopping: patience=23 (adaptive: 2×√136) | New repetitions: 4
2025-11-26 14:58:09,572 - INFO -     Run 23/26 (new #1/4, seed=1538709559)...
2025-11-26 14:58:09,573 - INFO - FullGPUEarlyStop: Launching kernel (max=3172 gens, optimal=96772.0, patience=23)
2025-11-26 14:58:11,845 - INFO - FullGPUEarlyStop complete: best=97365.00, improvement=86.57%, gens=44/3172, stopped=hit_optimal, H2D=0.14MB, D2H=0.00MB, kernels=3
2025-11-26 14:58:11,845 - INFO -       → Completed in 2.27s | Cost: 97365 (gap: 0.61%) | Generations: 44/3172
2025-11-26 14:58:11,845 - INFO -     Run 24/26 (new #2/4, seed=1569951578)...
2025-11-26 14:58:11,846 - INFO - FullGPUEarlyStop: Launching kernel (max=3172 gens, optimal=96772.0, patience=23)
2025-11-26 14:58:14,353 - INFO - FullGPUEarlyStop complete: best=97246.00, improvement=86.59%, gens=49/3172, stopped=hit_optimal, H2D=0.14MB, D2H=0.00MB, kernels=3
2025-11-26 14:58:14,354 - INFO -       → Completed in 2.51s | Cost: 97246 (gap: 0.49%) | Generations: 49/3172
2025-11-26 14:58:14,354 - INFO -     Run 25/26 (new #3/4, seed=1204667996)...
2025-11-26 14:58:14,354 - INFO - FullGPUEarlyStop: Launching kernel (max=3172 gens, optimal=96772.0, patience=23)
2025-11-26 14:58:16,682 - INFO - FullGPUEarlyStop complete: best=97102.00, improvement=86.61%, gens=45/3172, stopped=hit_optimal, H2D=0.14MB, D2H=0.00MB, kernels=3
2025-11-26 14:58:16,682 - INFO -       → Completed in 2.33s | Cost: 97102 (gap: 0.34%) | Generations: 45/3172
2025-11-26 14:58:16,682 - INFO -     Run 26/26 (new #4/4, seed=1912393109)...
2025-11-26 14:58:16,683 - INFO - FullGPUEarlyStop: Launching kernel (max=3172 gens, optimal=96772.0, patience=23)
2025-11-26 14:58:20,315 - INFO - FullGPUEarlyStop complete: best=97567.00, improvement=86.54%, gens=71/3172, stopped=hit_optimal, H2D=0.14MB, D2H=0.00MB, kernels=3
2025-11-26 14:58:20,315 - INFO -       → Completed in 3.63s | Cost: 97567 (gap: 0.82%) | Generations: 71/3172
2025-11-26 14:58:20,316 - INFO - 
    ✓ FullGPU INCREMENTAL summary for pr136 (26 total runs): Cost=97253±160.2 | Gap=0.50%±0.17% | Time=4.18s±1.43s
2025-11-26 14:58:20,326 - INFO -     ✓ Checkpoint saved: pr136_FullGPU.json
2025-11-26 14:58:20,374 - INFO - 
────────────────────────────────────────────────────────────────────────────────
2025-11-26 14:58:20,374 - INFO - STATISTICS FOR pr136
2025-11-26 14:58:20,374 - INFO - ────────────────────────────────────────────────────────────────────────────────
2025-11-26 14:58:20,374 - INFO - 
Statistical Analysis: pr136
2025-11-26 14:58:20,374 - INFO - --------------------------------------------------------------------------------
2025-11-26 14:58:20,378 - INFO - Friedman Test (k=3 algorithms):
2025-11-26 14:58:20,378 - INFO -   Statistic: 20.8462
2025-11-26 14:58:20,378 - INFO -   p-value: 0.000030
2025-11-26 14:58:20,378 - INFO -   Significant: True
2025-11-26 14:58:20,387 - INFO - 
Nemenyi Post-Hoc Test:
2025-11-26 14:58:20,396 - INFO -   Critical distance: 0.9193
2025-11-26 14:58:20,396 - INFO -   Mean ranks:
2025-11-26 14:58:20,396 - INFO -     HybridNaive: 2.35
2025-11-26 14:58:20,396 - INFO -     HybridOptimized: 2.38
2025-11-26 14:58:20,396 - INFO -     FullGPU: 1.27
2025-11-26 14:58:20,396 - INFO - 
  Significant pairwise differences:
2025-11-26 14:58:20,396 - INFO -     HybridNaive vs FullGPU: rank_diff=1.08, p=0.0003
2025-11-26 14:58:20,396 - INFO -     HybridOptimized vs FullGPU: rank_diff=1.12, p=0.0002
2025-11-26 14:58:20,396 - INFO - 
Pairwise Comparisons:
2025-11-26 14:58:20,396 - INFO - Following statistical methodology:
2025-11-26 14:58:20,396 - INFO -   - Normality testing (Shapiro-Wilk)
2025-11-26 14:58:20,396 - INFO -   - Test selection (paired t-test vs Wilcoxon)
2025-11-26 14:58:20,396 - INFO -   - Effect size (Cohen's d)
2025-11-26 14:58:20,396 - INFO -   - 95% Confidence Intervals
2025-11-26 14:58:20,396 - INFO -   - Holm-Bonferroni multiple comparison correction

2025-11-26 14:58:20,399 - INFO -   HybridNaive vs HybridOptimized:
2025-11-26 14:58:20,399 - INFO -     Normality (Shapiro-Wilk):
2025-11-26 14:58:20,399 - INFO -       HybridNaive: p=0.0197 (non-normal)
2025-11-26 14:58:20,399 - INFO -       HybridOptimized: p=0.0005 (non-normal)
2025-11-26 14:58:20,399 - INFO -     Test selected: wilcoxon_signed_rank
2025-11-26 14:58:20,400 - INFO -     Mean difference: -6.08
2025-11-26 14:58:20,400 - INFO -     95% CI difference: [-117.86, 105.71]
2025-11-26 14:58:20,400 - INFO -     p-value (uncorrected): 0.939262
2025-11-26 14:58:20,400 - INFO -     Cohen's d: -0.0327
2025-11-26 14:58:20,400 - INFO -     Effect size interpretation: negligible
2025-11-26 14:58:20,403 - INFO -   HybridNaive vs FullGPU:
2025-11-26 14:58:20,403 - INFO -     Normality (Shapiro-Wilk):
2025-11-26 14:58:20,403 - INFO -       HybridNaive: p=0.0197 (non-normal)
2025-11-26 14:58:20,403 - INFO -       FullGPU: p=0.4314 (normal)
2025-11-26 14:58:20,403 - INFO -     Test selected: wilcoxon_signed_rank
2025-11-26 14:58:20,404 - INFO -     Mean difference: 250.19
2025-11-26 14:58:20,404 - INFO -     95% CI difference: [162.51, 337.87]
2025-11-26 14:58:20,404 - INFO -     p-value (uncorrected): 0.000013
2025-11-26 14:58:20,404 - INFO -     Cohen's d: 1.4363
2025-11-26 14:58:20,404 - INFO -     Effect size interpretation: large
2025-11-26 14:58:20,407 - INFO -   HybridOptimized vs FullGPU:
2025-11-26 14:58:20,407 - INFO -     Normality (Shapiro-Wilk):
2025-11-26 14:58:20,407 - INFO -       HybridOptimized: p=0.0005 (non-normal)
2025-11-26 14:58:20,407 - INFO -       FullGPU: p=0.4314 (normal)
2025-11-26 14:58:20,407 - INFO -     Test selected: wilcoxon_signed_rank
2025-11-26 14:58:20,407 - INFO -     Mean difference: 256.27
2025-11-26 14:58:20,407 - INFO -     95% CI difference: [146.84, 365.69]
2025-11-26 14:58:20,407 - INFO -     p-value (uncorrected): 0.000282
2025-11-26 14:58:20,407 - INFO -     Cohen's d: 1.4607
2025-11-26 14:58:20,408 - INFO -     Effect size interpretation: large
2025-11-26 14:58:20,408 - INFO - 
  Multiple Comparison Correction (Holm-Bonferroni, α=0.05):
2025-11-26 14:58:20,408 - INFO -     HybridNaive vs HybridOptimized:
2025-11-26 14:58:20,408 - INFO -       Original p-value: 0.939262
2025-11-26 14:58:20,408 - INFO -       Adjusted p-value: 0.939262
2025-11-26 14:58:20,408 - INFO -       Significant (after correction): False
2025-11-26 14:58:20,408 - INFO -     HybridNaive vs FullGPU:
2025-11-26 14:58:20,408 - INFO -       Original p-value: 0.000013
2025-11-26 14:58:20,408 - INFO -       Adjusted p-value: 0.000040
2025-11-26 14:58:20,408 - INFO -       Significant (after correction): True
2025-11-26 14:58:20,408 - INFO -     HybridOptimized vs FullGPU:
2025-11-26 14:58:20,408 - INFO -       Original p-value: 0.000282
2025-11-26 14:58:20,408 - INFO -       Adjusted p-value: 0.000565
2025-11-26 14:58:20,408 - INFO -       Significant (after correction): True
2025-11-26 14:58:20,408 - INFO - 
Summary: pr136 (optimal=96772.0)
2025-11-26 14:58:20,409 - INFO - --------------------------------------------------------------------------------
2025-11-26 14:58:20,409 - INFO - Algorithm            Mean Cost       Gap (%)      Time (s)     H2D (MB)     D2H (MB)    
2025-11-26 14:58:20,409 - INFO - --------------------------------------------------------------------------------
2025-11-26 14:58:20,409 - INFO - HybridNaive          97503.31        0.76         3.86         4.52         2.19        
2025-11-26 14:58:20,409 - INFO - HybridOptimized      97509.38        0.76         0.67         2.37         2.37        
2025-11-26 14:58:20,409 - INFO - FullGPU              97253.12        0.50         4.18         0.15         0.00        
2025-11-26 14:58:20,409 - INFO - 
Speedups (relative to baseline):
2025-11-26 14:58:20,409 - INFO -   HybridNaive: 1.00x (baseline)
2025-11-26 14:58:20,409 - INFO -   HybridOptimized: 5.75x vs HybridNaive
2025-11-26 14:58:20,409 - INFO -   FullGPU: 0.92x vs HybridNaive
2025-11-26 14:58:20,409 - INFO - 
2025-11-26 14:58:20,413 - INFO - ✓ Problem statistics saved: pr136_stats.json

2025-11-26 14:58:20,461 - INFO - 
================================================================================
2025-11-26 14:58:20,461 - INFO - PROBLEM 20/38: pr144
2025-11-26 14:58:20,461 - INFO - Size: 144 cities | Optimal: 58537.0
2025-11-26 14:58:20,461 - INFO - ================================================================================
2025-11-26 14:58:20,461 - INFO - Running 3 GPU algorithms only (n>100)

2025-11-26 14:58:20,491 - INFO -   [1/3] HybridNaive (GPU): Resuming: 22/26 runs exist, completing remaining 4
2025-11-26 14:58:20,491 - INFO - GeneticAlgorithmHybridNaive initialized: pop_size=256, mutation_rate=0.02, tournament_k=5, 2opt_iters=10
2025-11-26 14:58:20,491 - INFO - Loaded two_opt_kernel for naive hybrid
2025-11-26 14:58:20,491 - INFO - 
  [HybridNaive] INCREMENTAL MODE: Extending pr144 from 22 to 26 runs
2025-11-26 14:58:20,492 - INFO -     Backend: GPU | Early stopping: patience=24 (adaptive: 2×√144) | New repetitions: 4
2025-11-26 14:58:20,492 - INFO -     Run 23/26 (new #1/4, seed=317125128)...
2025-11-26 14:58:24,369 - INFO - Near-optimal solution reached at generation 17 (cost=58657.00, optimal=58537.00, gap=0.20%)
2025-11-26 14:58:24,369 - INFO - GeneticAlgorithmHybridNaive evolution complete: best=58657.00, improvement=91.99%, H2D=5.33MB, D2H=2.51MB, kernels=43520, stopped=hit_optimal
2025-11-26 14:58:24,369 - INFO -       → Completed in 3.88s | Cost: 58657 (gap: 0.20%) | Generations: 17/3456
2025-11-26 14:58:24,369 - INFO -     Run 24/26 (new #2/4, seed=1798549094)...
2025-11-26 14:58:28,465 - INFO - Near-optimal solution reached at generation 18 (cost=58684.00, optimal=58537.00, gap=0.25%)
2025-11-26 14:58:28,465 - INFO - GeneticAlgorithmHybridNaive evolution complete: best=58684.00, improvement=92.04%, H2D=5.64MB, D2H=2.65MB, kernels=46080, stopped=hit_optimal
2025-11-26 14:58:28,465 - INFO -       → Completed in 4.10s | Cost: 58684 (gap: 0.25%) | Generations: 18/3456
2025-11-26 14:58:28,465 - INFO -     Run 25/26 (new #3/4, seed=1108981865)...
2025-11-26 14:58:32,097 - INFO - Near-optimal solution reached at generation 16 (cost=58934.00, optimal=58537.00, gap=0.68%)
2025-11-26 14:58:32,097 - INFO - GeneticAlgorithmHybridNaive evolution complete: best=58934.00, improvement=91.98%, H2D=5.01MB, D2H=2.36MB, kernels=40960, stopped=hit_optimal
2025-11-26 14:58:32,097 - INFO -       → Completed in 3.63s | Cost: 58934 (gap: 0.68%) | Generations: 16/3456
2025-11-26 14:58:32,097 - INFO -     Run 26/26 (new #4/4, seed=1033960508)...
2025-11-26 14:58:35,729 - INFO - Near-optimal solution reached at generation 16 (cost=58614.00, optimal=58537.00, gap=0.13%)
2025-11-26 14:58:35,729 - INFO - GeneticAlgorithmHybridNaive evolution complete: best=58614.00, improvement=91.67%, H2D=5.01MB, D2H=2.36MB, kernels=40960, stopped=hit_optimal
2025-11-26 14:58:35,729 - INFO -       → Completed in 3.63s | Cost: 58614 (gap: 0.13%) | Generations: 16/3456
2025-11-26 14:58:35,730 - INFO - 
    ✓ HybridNaive INCREMENTAL summary for pr144 (26 total runs): Cost=58801±156.8 | Gap=0.45%±0.27% | Time=3.79s±0.30s
2025-11-26 14:58:35,739 - INFO -     ✓ Checkpoint saved: pr144_HybridNaive.json
2025-11-26 14:58:35,787 - INFO -   [2/3] HybridOptimized (GPU): Resuming: 22/26 runs exist, completing remaining 4
2025-11-26 14:58:35,787 - INFO - GeneticAlgorithmHybridOptimized initialized: pop_size=256, mutation_rate=0.02, tournament_k=5, 2opt_iters=10
2025-11-26 14:58:35,787 - INFO - Loaded batch kernels: two_opt_batch, cost_calculator
2025-11-26 14:58:35,787 - INFO - 
  [HybridOptimized] INCREMENTAL MODE: Extending pr144 from 22 to 26 runs
2025-11-26 14:58:35,787 - INFO -     Backend: GPU | Early stopping: patience=24 (adaptive: 2×√144) | New repetitions: 4
2025-11-26 14:58:35,788 - INFO -     Run 23/26 (new #1/4, seed=2006017033)...
2025-11-26 14:58:36,391 - INFO - Near-optimal solution reached at generation 16 (cost=58807.00, optimal=58537.00, gap=0.46%)
2025-11-26 14:58:36,391 - INFO - GeneticAlgorithmHybridOptimized evolution complete: best=58807.00, improvement=91.97%, H2D=2.53MB, D2H=2.39MB, kernels=176, stopped=hit_optimal
2025-11-26 14:58:36,391 - INFO -       → Completed in 0.60s | Cost: 58807 (gap: 0.46%) | Generations: 16/3456
2025-11-26 14:58:36,391 - INFO -     Run 24/26 (new #2/4, seed=1420759121)...
2025-11-26 14:58:37,000 - INFO - Near-optimal solution reached at generation 16 (cost=58914.00, optimal=58537.00, gap=0.64%)
2025-11-26 14:58:37,000 - INFO - GeneticAlgorithmHybridOptimized evolution complete: best=58914.00, improvement=91.88%, H2D=2.36MB, D2H=2.39MB, kernels=176, stopped=hit_optimal
2025-11-26 14:58:37,000 - INFO -       → Completed in 0.61s | Cost: 58914 (gap: 0.64%) | Generations: 16/3456
2025-11-26 14:58:37,000 - INFO -     Run 25/26 (new #3/4, seed=1263946279)...
2025-11-26 14:58:37,628 - INFO - Near-optimal solution reached at generation 16 (cost=59074.00, optimal=58537.00, gap=0.92%)
2025-11-26 14:58:37,628 - INFO - GeneticAlgorithmHybridOptimized evolution complete: best=59074.00, improvement=91.79%, H2D=2.36MB, D2H=2.39MB, kernels=176, stopped=hit_optimal
2025-11-26 14:58:37,628 - INFO -       → Completed in 0.63s | Cost: 59074 (gap: 0.92%) | Generations: 16/3456
2025-11-26 14:58:37,628 - INFO -     Run 26/26 (new #4/4, seed=628449100)...
2025-11-26 14:58:38,228 - INFO - Near-optimal solution reached at generation 16 (cost=58660.00, optimal=58537.00, gap=0.21%)
2025-11-26 14:58:38,228 - INFO - GeneticAlgorithmHybridOptimized evolution complete: best=58660.00, improvement=91.63%, H2D=2.36MB, D2H=2.39MB, kernels=176, stopped=hit_optimal
2025-11-26 14:58:38,228 - INFO -       → Completed in 0.60s | Cost: 58660 (gap: 0.21%) | Generations: 16/3456
2025-11-26 14:58:38,229 - INFO - 
    ✓ HybridOptimized INCREMENTAL summary for pr144 (26 total runs): Cost=58778±140.0 | Gap=0.41%±0.24% | Time=0.66s±0.05s
2025-11-26 14:58:38,272 - INFO -     ✓ Checkpoint saved: pr144_HybridOptimized.json
2025-11-26 14:58:38,319 - INFO -   [3/3] FullGPU (GPU): Resuming: 22/26 runs exist, completing remaining 4
2025-11-26 14:58:38,320 - INFO - GeneticAlgorithmFullGPUEarlyStop initialized: pop_size=256, mutation_rate=0.02, tournament_k=5, 2opt_iters=10
2025-11-26 14:58:38,320 - INFO - Loaded Fujimoto GA kernel with early stopping support
2025-11-26 14:58:38,320 - INFO - 
  [FullGPU] INCREMENTAL MODE: Extending pr144 from 22 to 26 runs
2025-11-26 14:58:38,320 - INFO -     Backend: GPU | Early stopping: patience=24 (adaptive: 2×√144) | New repetitions: 4
2025-11-26 14:58:38,320 - INFO -     Run 23/26 (new #1/4, seed=1079088594)...
2025-11-26 14:58:38,321 - INFO - FullGPUEarlyStop: Launching kernel (max=3456 gens, optimal=58537.0, patience=24)
2025-11-26 14:58:39,855 - INFO - FullGPUEarlyStop complete: best=58537.00, improvement=91.87%, gens=26/3456, stopped=hit_optimal, H2D=0.16MB, D2H=0.00MB, kernels=3
2025-11-26 14:58:39,855 - INFO -       → Completed in 1.53s | Cost: 58537 (gap: 0.00%) | Generations: 26/3456
2025-11-26 14:58:39,855 - INFO -     Run 24/26 (new #2/4, seed=678131045)...
2025-11-26 14:58:39,856 - INFO - FullGPUEarlyStop: Launching kernel (max=3456 gens, optimal=58537.0, patience=24)
2025-11-26 14:58:41,643 - INFO - FullGPUEarlyStop complete: best=58537.00, improvement=91.87%, gens=30/3456, stopped=hit_optimal, H2D=0.16MB, D2H=0.00MB, kernels=3
2025-11-26 14:58:41,643 - INFO -       → Completed in 1.79s | Cost: 58537 (gap: 0.00%) | Generations: 30/3456
2025-11-26 14:58:41,643 - INFO -     Run 25/26 (new #3/4, seed=69635208)...
2025-11-26 14:58:41,644 - INFO - FullGPUEarlyStop: Launching kernel (max=3456 gens, optimal=58537.0, patience=24)
2025-11-26 14:58:43,426 - INFO - FullGPUEarlyStop complete: best=58537.00, improvement=91.87%, gens=30/3456, stopped=hit_optimal, H2D=0.16MB, D2H=0.00MB, kernels=3
2025-11-26 14:58:43,427 - INFO -       → Completed in 1.78s | Cost: 58537 (gap: 0.00%) | Generations: 30/3456
2025-11-26 14:58:43,427 - INFO -     Run 26/26 (new #4/4, seed=1219895017)...
2025-11-26 14:58:43,428 - INFO - FullGPUEarlyStop: Launching kernel (max=3456 gens, optimal=58537.0, patience=24)
2025-11-26 14:58:45,032 - INFO - FullGPUEarlyStop complete: best=58537.00, improvement=91.87%, gens=27/3456, stopped=hit_optimal, H2D=0.16MB, D2H=0.00MB, kernels=3
2025-11-26 14:58:45,033 - INFO -       → Completed in 1.61s | Cost: 58537 (gap: 0.00%) | Generations: 27/3456
2025-11-26 14:58:45,033 - INFO - 
    ✓ FullGPU INCREMENTAL summary for pr144 (26 total runs): Cost=58537±0.0 | Gap=0.00%±0.00% | Time=2.87s±0.66s
2025-11-26 14:58:45,043 - INFO -     ✓ Checkpoint saved: pr144_FullGPU.json
2025-11-26 14:58:45,092 - INFO - 
────────────────────────────────────────────────────────────────────────────────
2025-11-26 14:58:45,092 - INFO - STATISTICS FOR pr144
2025-11-26 14:58:45,092 - INFO - ────────────────────────────────────────────────────────────────────────────────
2025-11-26 14:58:45,092 - INFO - 
Statistical Analysis: pr144
2025-11-26 14:58:45,092 - INFO - --------------------------------------------------------------------------------
2025-11-26 14:58:45,095 - INFO - Friedman Test (k=3 algorithms):
2025-11-26 14:58:45,095 - INFO -   Statistic: 39.0000
2025-11-26 14:58:45,095 - INFO -   p-value: 0.000000
2025-11-26 14:58:45,095 - INFO -   Significant: True
2025-11-26 14:58:45,103 - INFO - 
Nemenyi Post-Hoc Test:
2025-11-26 14:58:45,112 - INFO -   Critical distance: 0.9193
2025-11-26 14:58:45,112 - INFO -   Mean ranks:
2025-11-26 14:58:45,112 - INFO -     HybridNaive: 2.50
2025-11-26 14:58:45,112 - INFO -     HybridOptimized: 2.50
2025-11-26 14:58:45,112 - INFO -     FullGPU: 1.00
2025-11-26 14:58:45,112 - INFO - 
  Significant pairwise differences:
2025-11-26 14:58:45,112 - INFO -     HybridNaive vs FullGPU: rank_diff=1.50, p=0.0000
2025-11-26 14:58:45,112 - INFO -     HybridOptimized vs FullGPU: rank_diff=1.50, p=0.0000
2025-11-26 14:58:45,112 - INFO - 
Pairwise Comparisons:
2025-11-26 14:58:45,112 - INFO - Following statistical methodology:
2025-11-26 14:58:45,112 - INFO -   - Normality testing (Shapiro-Wilk)
2025-11-26 14:58:45,112 - INFO -   - Test selection (paired t-test vs Wilcoxon)
2025-11-26 14:58:45,112 - INFO -   - Effect size (Cohen's d)
2025-11-26 14:58:45,112 - INFO -   - 95% Confidence Intervals
2025-11-26 14:58:45,112 - INFO -   - Holm-Bonferroni multiple comparison correction

2025-11-26 14:58:45,115 - INFO -   HybridNaive vs HybridOptimized:
2025-11-26 14:58:45,115 - INFO -     Normality (Shapiro-Wilk):
2025-11-26 14:58:45,115 - INFO -       HybridNaive: p=0.0652 (normal)
2025-11-26 14:58:45,115 - INFO -       HybridOptimized: p=0.2407 (normal)
2025-11-26 14:58:45,115 - INFO -     Test selected: paired_t_test
2025-11-26 14:58:45,115 - INFO -     Mean difference: 22.69
2025-11-26 14:58:45,115 - INFO -     95% CI difference: [-59.72, 105.10]
2025-11-26 14:58:45,115 - INFO -     p-value (uncorrected): 0.575706
2025-11-26 14:58:45,115 - INFO -     Cohen's d: 0.1497
2025-11-26 14:58:45,115 - INFO -     Effect size interpretation: negligible
/home/lucas_galdino/chimera/gpu_accelerated/.venv/lib/python3.10/site-packages/scipy/stats/_axis_nan_policy.py:586: UserWarning: scipy.stats.shapiro: Input data has range zero. The results may not be accurate.
  res = hypotest_fun_out(*samples, **kwds)
2025-11-26 14:58:45,117 - INFO -   HybridNaive vs FullGPU:
2025-11-26 14:58:45,117 - INFO -     Normality (Shapiro-Wilk):
2025-11-26 14:58:45,117 - INFO -       HybridNaive: p=0.0652 (normal)
2025-11-26 14:58:45,118 - INFO -       FullGPU: p=1.0000 (normal)
2025-11-26 14:58:45,118 - INFO -     Test selected: paired_t_test
2025-11-26 14:58:45,118 - INFO -     Mean difference: 264.08
2025-11-26 14:58:45,118 - INFO -     95% CI difference: [199.47, 328.68]
2025-11-26 14:58:45,118 - INFO -     p-value (uncorrected): 0.000000
2025-11-26 14:58:45,118 - INFO -     Cohen's d: 2.3350
2025-11-26 14:58:45,118 - INFO -     Effect size interpretation: large
2025-11-26 14:58:45,120 - INFO -   HybridOptimized vs FullGPU:
2025-11-26 14:58:45,120 - INFO -     Normality (Shapiro-Wilk):
2025-11-26 14:58:45,120 - INFO -       HybridOptimized: p=0.2407 (normal)
2025-11-26 14:58:45,120 - INFO -       FullGPU: p=1.0000 (normal)
2025-11-26 14:58:45,120 - INFO -     Test selected: paired_t_test
2025-11-26 14:58:45,120 - INFO -     Mean difference: 241.38
2025-11-26 14:58:45,120 - INFO -     95% CI difference: [183.71, 299.06]
2025-11-26 14:58:45,120 - INFO -     p-value (uncorrected): 0.000000
2025-11-26 14:58:45,120 - INFO -     Cohen's d: 2.3909
2025-11-26 14:58:45,120 - INFO -     Effect size interpretation: large
2025-11-26 14:58:45,120 - INFO - 
  Multiple Comparison Correction (Holm-Bonferroni, α=0.05):
2025-11-26 14:58:45,121 - INFO -     HybridNaive vs HybridOptimized:
2025-11-26 14:58:45,121 - INFO -       Original p-value: 0.575706
2025-11-26 14:58:45,121 - INFO -       Adjusted p-value: 0.575706
2025-11-26 14:58:45,121 - INFO -       Significant (after correction): False
2025-11-26 14:58:45,121 - INFO -     HybridNaive vs FullGPU:
2025-11-26 14:58:45,121 - INFO -       Original p-value: 0.000000
2025-11-26 14:58:45,121 - INFO -       Adjusted p-value: 0.000000
2025-11-26 14:58:45,121 - INFO -       Significant (after correction): True
2025-11-26 14:58:45,121 - INFO -     HybridOptimized vs FullGPU:
2025-11-26 14:58:45,121 - INFO -       Original p-value: 0.000000
2025-11-26 14:58:45,121 - INFO -       Adjusted p-value: 0.000000
2025-11-26 14:58:45,121 - INFO -       Significant (after correction): True
2025-11-26 14:58:45,121 - INFO - 
Summary: pr144 (optimal=58537.0)
2025-11-26 14:58:45,121 - INFO - --------------------------------------------------------------------------------
2025-11-26 14:58:45,121 - INFO - Algorithm            Mean Cost       Gap (%)      Time (s)     H2D (MB)     D2H (MB)    
2025-11-26 14:58:45,121 - INFO - --------------------------------------------------------------------------------
2025-11-26 14:58:45,121 - INFO - HybridNaive          58801.08        0.45         3.79         5.25         2.47        
2025-11-26 14:58:45,121 - INFO - HybridOptimized      58778.38        0.41         0.66         2.40         2.39        
2025-11-26 14:58:45,121 - INFO - FullGPU              58537.00        0.00         2.87         0.17         0.00        
2025-11-26 14:58:45,121 - INFO - 
Speedups (relative to baseline):
2025-11-26 14:58:45,121 - INFO -   HybridNaive: 1.00x (baseline)
2025-11-26 14:58:45,122 - INFO -   HybridOptimized: 5.79x vs HybridNaive
2025-11-26 14:58:45,122 - INFO -   FullGPU: 1.32x vs HybridNaive
2025-11-26 14:58:45,122 - INFO - 
2025-11-26 14:58:45,125 - INFO - ✓ Problem statistics saved: pr144_stats.json

2025-11-26 14:58:45,174 - INFO - 
================================================================================
2025-11-26 14:58:45,174 - INFO - PROBLEM 21/38: ch150
2025-11-26 14:58:45,174 - INFO - Size: 150 cities | Optimal: 6528.0
2025-11-26 14:58:45,174 - INFO - ================================================================================
2025-11-26 14:58:45,174 - INFO - Running 3 GPU algorithms only (n>100)

2025-11-26 14:58:45,206 - INFO -   [1/3] HybridNaive (GPU): Resuming: 22/26 runs exist, completing remaining 4
2025-11-26 14:58:45,207 - INFO - GeneticAlgorithmHybridNaive initialized: pop_size=256, mutation_rate=0.02, tournament_k=5, 2opt_iters=10
2025-11-26 14:58:45,207 - INFO - Loaded two_opt_kernel for naive hybrid
2025-11-26 14:58:45,207 - INFO - 
  [HybridNaive] INCREMENTAL MODE: Extending ch150 from 22 to 26 runs
2025-11-26 14:58:45,207 - INFO -     Backend: GPU | Early stopping: patience=24 (adaptive: 2×√150) | New repetitions: 4
2025-11-26 14:58:45,207 - INFO -     Run 23/26 (new #1/4, seed=244469650)...
2025-11-26 14:58:49,726 - INFO - Near-optimal solution reached at generation 19 (cost=6579.00, optimal=6528.00, gap=0.78%)
2025-11-26 14:58:49,726 - INFO - GeneticAlgorithmHybridNaive evolution complete: best=6579.00, improvement=86.38%, H2D=6.34MB, D2H=2.92MB, kernels=48640, stopped=hit_optimal
2025-11-26 14:58:49,726 - INFO -       → Completed in 4.52s | Cost: 6579 (gap: 0.78%) | Generations: 19/3674
2025-11-26 14:58:49,726 - INFO -     Run 24/26 (new #2/4, seed=1025311893)...
2025-11-26 14:58:53,754 - INFO - Near-optimal solution reached at generation 17 (cost=6572.00, optimal=6528.00, gap=0.67%)
2025-11-26 14:58:53,754 - INFO - GeneticAlgorithmHybridNaive evolution complete: best=6572.00, improvement=86.51%, H2D=5.67MB, D2H=2.61MB, kernels=43520, stopped=hit_optimal
2025-11-26 14:58:53,754 - INFO -       → Completed in 4.03s | Cost: 6572 (gap: 0.67%) | Generations: 17/3674
2025-11-26 14:58:53,754 - INFO -     Run 25/26 (new #3/4, seed=211100491)...
2025-11-26 14:58:58,232 - INFO - Near-optimal solution reached at generation 19 (cost=6591.00, optimal=6528.00, gap=0.97%)
2025-11-26 14:58:58,232 - INFO - GeneticAlgorithmHybridNaive evolution complete: best=6591.00, improvement=86.25%, H2D=6.34MB, D2H=2.92MB, kernels=48640, stopped=hit_optimal
2025-11-26 14:58:58,232 - INFO -       → Completed in 4.48s | Cost: 6591 (gap: 0.97%) | Generations: 19/3674
2025-11-26 14:58:58,233 - INFO -     Run 26/26 (new #4/4, seed=1035744035)...
2025-11-26 14:59:02,320 - INFO - Near-optimal solution reached at generation 17 (cost=6572.00, optimal=6528.00, gap=0.67%)
2025-11-26 14:59:02,321 - INFO - GeneticAlgorithmHybridNaive evolution complete: best=6572.00, improvement=86.48%, H2D=5.67MB, D2H=2.61MB, kernels=43520, stopped=hit_optimal
2025-11-26 14:59:02,321 - INFO -       → Completed in 4.09s | Cost: 6572 (gap: 0.67%) | Generations: 17/3674
2025-11-26 14:59:02,321 - INFO - 
    ✓ HybridNaive INCREMENTAL summary for ch150 (26 total runs): Cost=6580±13.9 | Gap=0.80%±0.21% | Time=4.75s±0.56s
2025-11-26 14:59:02,331 - INFO -     ✓ Checkpoint saved: ch150_HybridNaive.json
2025-11-26 14:59:02,379 - INFO -   [2/3] HybridOptimized (GPU): Resuming: 22/26 runs exist, completing remaining 4
2025-11-26 14:59:02,379 - INFO - GeneticAlgorithmHybridOptimized initialized: pop_size=256, mutation_rate=0.02, tournament_k=5, 2opt_iters=10
2025-11-26 14:59:02,379 - INFO - Loaded batch kernels: two_opt_batch, cost_calculator
2025-11-26 14:59:02,379 - INFO - 
  [HybridOptimized] INCREMENTAL MODE: Extending ch150 from 22 to 26 runs
2025-11-26 14:59:02,379 - INFO -     Backend: GPU | Early stopping: patience=24 (adaptive: 2×√150) | New repetitions: 4
2025-11-26 14:59:02,379 - INFO -     Run 23/26 (new #1/4, seed=1652032211)...
2025-11-26 14:59:03,154 - INFO - Near-optimal solution reached at generation 20 (cost=6569.00, optimal=6528.00, gap=0.63%)
2025-11-26 14:59:03,154 - INFO - GeneticAlgorithmHybridOptimized evolution complete: best=6569.00, improvement=86.40%, H2D=3.25MB, D2H=3.11MB, kernels=220, stopped=hit_optimal
2025-11-26 14:59:03,154 - INFO -       → Completed in 0.77s | Cost: 6569 (gap: 0.63%) | Generations: 20/3674
2025-11-26 14:59:03,154 - INFO -     Run 24/26 (new #2/4, seed=472985301)...
2025-11-26 14:59:03,898 - INFO - Near-optimal solution reached at generation 18 (cost=6584.00, optimal=6528.00, gap=0.86%)
2025-11-26 14:59:03,899 - INFO - GeneticAlgorithmHybridOptimized evolution complete: best=6584.00, improvement=85.90%, H2D=2.76MB, D2H=2.80MB, kernels=198, stopped=hit_optimal
2025-11-26 14:59:03,899 - INFO -       → Completed in 0.74s | Cost: 6584 (gap: 0.86%) | Generations: 18/3674
2025-11-26 14:59:03,899 - INFO -     Run 25/26 (new #3/4, seed=1993567531)...
2025-11-26 14:59:04,674 - INFO - Near-optimal solution reached at generation 20 (cost=6590.00, optimal=6528.00, gap=0.95%)
2025-11-26 14:59:04,674 - INFO - GeneticAlgorithmHybridOptimized evolution complete: best=6590.00, improvement=86.39%, H2D=3.07MB, D2H=3.11MB, kernels=220, stopped=hit_optimal
2025-11-26 14:59:04,674 - INFO -       → Completed in 0.78s | Cost: 6590 (gap: 0.95%) | Generations: 20/3674
2025-11-26 14:59:04,675 - INFO -     Run 26/26 (new #4/4, seed=823505788)...
2025-11-26 14:59:05,507 - INFO - Near-optimal solution reached at generation 21 (cost=6582.00, optimal=6528.00, gap=0.83%)
2025-11-26 14:59:05,507 - INFO - GeneticAlgorithmHybridOptimized evolution complete: best=6582.00, improvement=86.60%, H2D=3.23MB, D2H=3.27MB, kernels=231, stopped=hit_optimal
2025-11-26 14:59:05,507 - INFO -       → Completed in 0.83s | Cost: 6582 (gap: 0.83%) | Generations: 21/3674
2025-11-26 14:59:05,508 - INFO - 
    ✓ HybridOptimized INCREMENTAL summary for ch150 (26 total runs): Cost=6576±10.4 | Gap=0.74%±0.16% | Time=0.79s±0.09s
2025-11-26 14:59:05,517 - INFO -     ✓ Checkpoint saved: ch150_HybridOptimized.json
2025-11-26 14:59:05,564 - INFO -   [3/3] FullGPU (GPU): Resuming: 22/26 runs exist, completing remaining 4
2025-11-26 14:59:05,565 - INFO - GeneticAlgorithmFullGPUEarlyStop initialized: pop_size=256, mutation_rate=0.02, tournament_k=5, 2opt_iters=10
2025-11-26 14:59:05,565 - INFO - Loaded Fujimoto GA kernel with early stopping support
2025-11-26 14:59:05,565 - INFO - 
  [FullGPU] INCREMENTAL MODE: Extending ch150 from 22 to 26 runs
2025-11-26 14:59:05,565 - INFO -     Backend: GPU | Early stopping: patience=24 (adaptive: 2×√150) | New repetitions: 4
2025-11-26 14:59:05,565 - INFO -     Run 23/26 (new #1/4, seed=2078520692)...
2025-11-26 14:59:05,566 - INFO - FullGPUEarlyStop: Launching kernel (max=3674 gens, optimal=6528.0, patience=24)
2025-11-26 14:59:09,355 - INFO - FullGPUEarlyStop complete: best=6548.00, improvement=86.73%, gens=59/3674, stopped=hit_optimal, H2D=0.17MB, D2H=0.00MB, kernels=3
2025-11-26 14:59:09,355 - INFO -       → Completed in 3.79s | Cost: 6548 (gap: 0.31%) | Generations: 59/3674
2025-11-26 14:59:09,355 - INFO -     Run 24/26 (new #2/4, seed=2104721293)...
2025-11-26 14:59:09,356 - INFO - FullGPUEarlyStop: Launching kernel (max=3674 gens, optimal=6528.0, patience=24)
2025-11-26 14:59:12,658 - INFO - FullGPUEarlyStop complete: best=6565.00, improvement=86.85%, gens=51/3674, stopped=hit_optimal, H2D=0.17MB, D2H=0.00MB, kernels=3
2025-11-26 14:59:12,658 - INFO -       → Completed in 3.30s | Cost: 6565 (gap: 0.57%) | Generations: 51/3674
2025-11-26 14:59:12,658 - INFO -     Run 25/26 (new #3/4, seed=1790498825)...
2025-11-26 14:59:12,659 - INFO - FullGPUEarlyStop: Launching kernel (max=3674 gens, optimal=6528.0, patience=24)
2025-11-26 14:59:15,055 - INFO - FullGPUEarlyStop complete: best=6589.00, improvement=86.80%, gens=37/3674, stopped=hit_optimal, H2D=0.17MB, D2H=0.00MB, kernels=3
2025-11-26 14:59:15,055 - INFO -       → Completed in 2.40s | Cost: 6589 (gap: 0.93%) | Generations: 37/3674
2025-11-26 14:59:15,055 - INFO -     Run 26/26 (new #4/4, seed=477678613)...
2025-11-26 14:59:15,056 - INFO - FullGPUEarlyStop: Launching kernel (max=3674 gens, optimal=6528.0, patience=24)
2025-11-26 14:59:18,367 - INFO - FullGPUEarlyStop complete: best=6528.00, improvement=86.92%, gens=51/3674, stopped=hit_optimal, H2D=0.17MB, D2H=0.00MB, kernels=3
2025-11-26 14:59:18,367 - INFO -       → Completed in 3.31s | Cost: 6528 (gap: 0.00%) | Generations: 51/3674
2025-11-26 14:59:18,368 - INFO - 
    ✓ FullGPU INCREMENTAL summary for ch150 (26 total runs): Cost=6557±23.6 | Gap=0.44%±0.36% | Time=5.04s±1.39s
2025-11-26 14:59:18,377 - INFO -     ✓ Checkpoint saved: ch150_FullGPU.json
2025-11-26 14:59:18,425 - INFO - 
────────────────────────────────────────────────────────────────────────────────
2025-11-26 14:59:18,425 - INFO - STATISTICS FOR ch150
2025-11-26 14:59:18,425 - INFO - ────────────────────────────────────────────────────────────────────────────────
2025-11-26 14:59:18,425 - INFO - 
Statistical Analysis: ch150
2025-11-26 14:59:18,425 - INFO - --------------------------------------------------------------------------------
2025-11-26 14:59:18,429 - INFO - Friedman Test (k=3 algorithms):
2025-11-26 14:59:18,429 - INFO -   Statistic: 19.9802
2025-11-26 14:59:18,429 - INFO -   p-value: 0.000046
2025-11-26 14:59:18,429 - INFO -   Significant: True
2025-11-26 14:59:18,436 - INFO - 
Nemenyi Post-Hoc Test:
2025-11-26 14:59:18,445 - INFO -   Critical distance: 0.9193
2025-11-26 14:59:18,445 - INFO -   Mean ranks:
2025-11-26 14:59:18,445 - INFO -     HybridNaive: 2.52
2025-11-26 14:59:18,445 - INFO -     HybridOptimized: 2.15
2025-11-26 14:59:18,446 - INFO -     FullGPU: 1.33
2025-11-26 14:59:18,446 - INFO - 
  Significant pairwise differences:
2025-11-26 14:59:18,446 - INFO -     HybridNaive vs FullGPU: rank_diff=1.19, p=0.0001
2025-11-26 14:59:18,446 - INFO -     HybridOptimized vs FullGPU: rank_diff=0.83, p=0.0081
2025-11-26 14:59:18,446 - INFO - 
Pairwise Comparisons:
2025-11-26 14:59:18,446 - INFO - Following statistical methodology:
2025-11-26 14:59:18,446 - INFO -   - Normality testing (Shapiro-Wilk)
2025-11-26 14:59:18,446 - INFO -   - Test selection (paired t-test vs Wilcoxon)
2025-11-26 14:59:18,446 - INFO -   - Effect size (Cohen's d)
2025-11-26 14:59:18,446 - INFO -   - 95% Confidence Intervals
2025-11-26 14:59:18,446 - INFO -   - Holm-Bonferroni multiple comparison correction

2025-11-26 14:59:18,448 - INFO -   HybridNaive vs HybridOptimized:
2025-11-26 14:59:18,448 - INFO -     Normality (Shapiro-Wilk):
2025-11-26 14:59:18,448 - INFO -       HybridNaive: p=0.0000 (non-normal)
2025-11-26 14:59:18,448 - INFO -       HybridOptimized: p=0.2103 (normal)
2025-11-26 14:59:18,448 - INFO -     Test selected: wilcoxon_signed_rank
2025-11-26 14:59:18,449 - INFO -     Mean difference: 3.96
2025-11-26 14:59:18,449 - INFO -     95% CI difference: [-3.38, 11.31]
2025-11-26 14:59:18,449 - INFO -     p-value (uncorrected): 0.178963
2025-11-26 14:59:18,449 - INFO -     Cohen's d: 0.3159
2025-11-26 14:59:18,449 - INFO -     Effect size interpretation: small
2025-11-26 14:59:18,451 - INFO -   HybridNaive vs FullGPU:
2025-11-26 14:59:18,451 - INFO -     Normality (Shapiro-Wilk):
2025-11-26 14:59:18,451 - INFO -       HybridNaive: p=0.0000 (non-normal)
2025-11-26 14:59:18,451 - INFO -       FullGPU: p=0.0270 (non-normal)
2025-11-26 14:59:18,451 - INFO -     Test selected: wilcoxon_signed_rank
2025-11-26 14:59:18,451 - INFO -     Mean difference: 23.62
2025-11-26 14:59:18,452 - INFO -     95% CI difference: [14.07, 33.16]
2025-11-26 14:59:18,452 - INFO -     p-value (uncorrected): 0.000239
2025-11-26 14:59:18,452 - INFO -     Cohen's d: 1.1948
2025-11-26 14:59:18,452 - INFO -     Effect size interpretation: large
2025-11-26 14:59:18,453 - INFO -   HybridOptimized vs FullGPU:
2025-11-26 14:59:18,453 - INFO -     Normality (Shapiro-Wilk):
2025-11-26 14:59:18,454 - INFO -       HybridOptimized: p=0.2103 (normal)
2025-11-26 14:59:18,454 - INFO -       FullGPU: p=0.0270 (non-normal)
2025-11-26 14:59:18,454 - INFO -     Test selected: wilcoxon_signed_rank
2025-11-26 14:59:18,454 - INFO -     Mean difference: 19.65
2025-11-26 14:59:18,454 - INFO -     95% CI difference: [9.14, 30.17]
2025-11-26 14:59:18,454 - INFO -     p-value (uncorrected): 0.003208
2025-11-26 14:59:18,454 - INFO -     Cohen's d: 1.0556
2025-11-26 14:59:18,454 - INFO -     Effect size interpretation: large
2025-11-26 14:59:18,454 - INFO - 
  Multiple Comparison Correction (Holm-Bonferroni, α=0.05):
2025-11-26 14:59:18,454 - INFO -     HybridNaive vs HybridOptimized:
2025-11-26 14:59:18,454 - INFO -       Original p-value: 0.178963
2025-11-26 14:59:18,454 - INFO -       Adjusted p-value: 0.178963
2025-11-26 14:59:18,454 - INFO -       Significant (after correction): False
2025-11-26 14:59:18,454 - INFO -     HybridNaive vs FullGPU:
2025-11-26 14:59:18,454 - INFO -       Original p-value: 0.000239
2025-11-26 14:59:18,454 - INFO -       Adjusted p-value: 0.000718
2025-11-26 14:59:18,454 - INFO -       Significant (after correction): True
2025-11-26 14:59:18,454 - INFO -     HybridOptimized vs FullGPU:
2025-11-26 14:59:18,455 - INFO -       Original p-value: 0.003208
2025-11-26 14:59:18,455 - INFO -       Adjusted p-value: 0.006415
2025-11-26 14:59:18,455 - INFO -       Significant (after correction): True
2025-11-26 14:59:18,455 - INFO - 
Summary: ch150 (optimal=6528.0)
2025-11-26 14:59:18,455 - INFO - --------------------------------------------------------------------------------
2025-11-26 14:59:18,455 - INFO - Algorithm            Mean Cost       Gap (%)      Time (s)     H2D (MB)     D2H (MB)    
2025-11-26 14:59:18,455 - INFO - --------------------------------------------------------------------------------
2025-11-26 14:59:18,455 - INFO - HybridNaive          6580.15         0.80         4.75         6.00         2.76        
2025-11-26 14:59:18,455 - INFO - HybridOptimized      6576.19         0.74         0.79         3.08         3.07        
2025-11-26 14:59:18,455 - INFO - FullGPU              6556.54         0.44         5.04         0.18         0.00        
2025-11-26 14:59:18,455 - INFO - 
Speedups (relative to baseline):
2025-11-26 14:59:18,455 - INFO -   HybridNaive: 1.00x (baseline)
2025-11-26 14:59:18,455 - INFO -   HybridOptimized: 6.00x vs HybridNaive
2025-11-26 14:59:18,455 - INFO -   FullGPU: 0.94x vs HybridNaive
2025-11-26 14:59:18,455 - INFO - 
2025-11-26 14:59:18,459 - INFO - ✓ Problem statistics saved: ch150_stats.json

2025-11-26 14:59:18,507 - INFO - 
================================================================================
2025-11-26 14:59:18,507 - INFO - PROBLEM 22/38: kroA150
2025-11-26 14:59:18,507 - INFO - Size: 150 cities | Optimal: 26524.0
2025-11-26 14:59:18,507 - INFO - ================================================================================
2025-11-26 14:59:18,507 - INFO - Running 3 GPU algorithms only (n>100)

2025-11-26 14:59:18,534 - INFO -   [1/3] HybridNaive (GPU): Resuming: 22/26 runs exist, completing remaining 4
2025-11-26 14:59:18,534 - INFO - GeneticAlgorithmHybridNaive initialized: pop_size=256, mutation_rate=0.02, tournament_k=5, 2opt_iters=10
2025-11-26 14:59:18,534 - INFO - Loaded two_opt_kernel for naive hybrid
2025-11-26 14:59:18,534 - INFO - 
  [HybridNaive] INCREMENTAL MODE: Extending kroA150 from 22 to 26 runs
2025-11-26 14:59:18,534 - INFO -     Backend: GPU | Early stopping: patience=24 (adaptive: 2×√150) | New repetitions: 4
2025-11-26 14:59:18,534 - INFO -     Run 23/26 (new #1/4, seed=503553479)...
2025-11-26 14:59:23,148 - INFO - Near-optimal solution reached at generation 19 (cost=26692.00, optimal=26524.00, gap=0.63%)
2025-11-26 14:59:23,148 - INFO - GeneticAlgorithmHybridNaive evolution complete: best=26692.00, improvement=88.08%, H2D=6.34MB, D2H=2.92MB, kernels=48640, stopped=hit_optimal
2025-11-26 14:59:23,148 - INFO -       → Completed in 4.61s | Cost: 26692 (gap: 0.63%) | Generations: 19/3674
2025-11-26 14:59:23,148 - INFO -     Run 24/26 (new #2/4, seed=1556009799)...
2025-11-26 14:59:27,423 - INFO - Near-optimal solution reached at generation 18 (cost=26617.00, optimal=26524.00, gap=0.35%)
2025-11-26 14:59:27,424 - INFO - GeneticAlgorithmHybridNaive evolution complete: best=26617.00, improvement=88.51%, H2D=6.00MB, D2H=2.76MB, kernels=46080, stopped=hit_optimal
2025-11-26 14:59:27,424 - INFO -       → Completed in 4.28s | Cost: 26617 (gap: 0.35%) | Generations: 18/3674
2025-11-26 14:59:27,424 - INFO -     Run 25/26 (new #3/4, seed=1732258431)...
2025-11-26 14:59:31,700 - INFO - Near-optimal solution reached at generation 18 (cost=26588.00, optimal=26524.00, gap=0.24%)
2025-11-26 14:59:31,700 - INFO - GeneticAlgorithmHybridNaive evolution complete: best=26588.00, improvement=88.28%, H2D=6.00MB, D2H=2.76MB, kernels=46080, stopped=hit_optimal
2025-11-26 14:59:31,700 - INFO -       → Completed in 4.28s | Cost: 26588 (gap: 0.24%) | Generations: 18/3674
2025-11-26 14:59:31,700 - INFO -     Run 26/26 (new #4/4, seed=1031101407)...
2025-11-26 14:59:35,961 - INFO - Near-optimal solution reached at generation 18 (cost=26693.00, optimal=26524.00, gap=0.64%)
2025-11-26 14:59:35,962 - INFO - GeneticAlgorithmHybridNaive evolution complete: best=26693.00, improvement=88.48%, H2D=6.00MB, D2H=2.76MB, kernels=46080, stopped=hit_optimal
2025-11-26 14:59:35,962 - INFO -       → Completed in 4.26s | Cost: 26693 (gap: 0.64%) | Generations: 18/3674
2025-11-26 14:59:35,963 - INFO - 
    ✓ HybridNaive INCREMENTAL summary for kroA150 (26 total runs): Cost=26713±54.6 | Gap=0.71%±0.21% | Time=4.79s±0.64s
2025-11-26 14:59:35,971 - INFO -     ✓ Checkpoint saved: kroA150_HybridNaive.json
2025-11-26 14:59:36,019 - INFO -   [2/3] HybridOptimized (GPU): Resuming: 22/26 runs exist, completing remaining 4
2025-11-26 14:59:36,020 - INFO - GeneticAlgorithmHybridOptimized initialized: pop_size=256, mutation_rate=0.02, tournament_k=5, 2opt_iters=10
2025-11-26 14:59:36,020 - INFO - Loaded batch kernels: two_opt_batch, cost_calculator
2025-11-26 14:59:36,020 - INFO - 
  [HybridOptimized] INCREMENTAL MODE: Extending kroA150 from 22 to 26 runs
2025-11-26 14:59:36,020 - INFO -     Backend: GPU | Early stopping: patience=24 (adaptive: 2×√150) | New repetitions: 4
2025-11-26 14:59:36,020 - INFO -     Run 23/26 (new #1/4, seed=202678214)...
2025-11-26 14:59:36,813 - INFO - Near-optimal solution reached at generation 20 (cost=26781.00, optimal=26524.00, gap=0.97%)
2025-11-26 14:59:36,813 - INFO - GeneticAlgorithmHybridOptimized evolution complete: best=26781.00, improvement=88.04%, H2D=3.25MB, D2H=3.11MB, kernels=220, stopped=hit_optimal
2025-11-26 14:59:36,813 - INFO -       → Completed in 0.79s | Cost: 26781 (gap: 0.97%) | Generations: 20/3674
2025-11-26 14:59:36,813 - INFO -     Run 24/26 (new #2/4, seed=2095628146)...
2025-11-26 14:59:37,524 - INFO - Near-optimal solution reached at generation 18 (cost=26748.00, optimal=26524.00, gap=0.84%)
2025-11-26 14:59:37,524 - INFO - GeneticAlgorithmHybridOptimized evolution complete: best=26748.00, improvement=88.44%, H2D=2.76MB, D2H=2.80MB, kernels=198, stopped=hit_optimal
2025-11-26 14:59:37,524 - INFO -       → Completed in 0.71s | Cost: 26748 (gap: 0.84%) | Generations: 18/3674
2025-11-26 14:59:37,524 - INFO -     Run 25/26 (new #3/4, seed=962643257)...
2025-11-26 14:59:38,246 - INFO - Near-optimal solution reached at generation 18 (cost=26752.00, optimal=26524.00, gap=0.86%)
2025-11-26 14:59:38,246 - INFO - GeneticAlgorithmHybridOptimized evolution complete: best=26752.00, improvement=88.49%, H2D=2.76MB, D2H=2.80MB, kernels=198, stopped=hit_optimal
2025-11-26 14:59:38,246 - INFO -       → Completed in 0.72s | Cost: 26752 (gap: 0.86%) | Generations: 18/3674
2025-11-26 14:59:38,246 - INFO -     Run 26/26 (new #4/4, seed=787005821)...
2025-11-26 14:59:38,966 - INFO - Near-optimal solution reached at generation 18 (cost=26665.00, optimal=26524.00, gap=0.53%)
2025-11-26 14:59:38,966 - INFO - GeneticAlgorithmHybridOptimized evolution complete: best=26665.00, improvement=88.14%, H2D=2.76MB, D2H=2.80MB, kernels=198, stopped=hit_optimal
2025-11-26 14:59:38,967 - INFO -       → Completed in 0.72s | Cost: 26665 (gap: 0.53%) | Generations: 18/3674
2025-11-26 14:59:38,968 - INFO - 
    ✓ HybridOptimized INCREMENTAL summary for kroA150 (26 total runs): Cost=26711±55.9 | Gap=0.71%±0.21% | Time=0.81s±0.21s
2025-11-26 14:59:38,978 - INFO -     ✓ Checkpoint saved: kroA150_HybridOptimized.json
2025-11-26 14:59:39,026 - INFO -   [3/3] FullGPU (GPU): Resuming: 22/26 runs exist, completing remaining 4
2025-11-26 14:59:39,026 - INFO - GeneticAlgorithmFullGPUEarlyStop initialized: pop_size=256, mutation_rate=0.02, tournament_k=5, 2opt_iters=10
2025-11-26 14:59:39,027 - INFO - Loaded Fujimoto GA kernel with early stopping support
2025-11-26 14:59:39,027 - INFO - 
  [FullGPU] INCREMENTAL MODE: Extending kroA150 from 22 to 26 runs
2025-11-26 14:59:39,027 - INFO -     Backend: GPU | Early stopping: patience=24 (adaptive: 2×√150) | New repetitions: 4
2025-11-26 14:59:39,027 - INFO -     Run 23/26 (new #1/4, seed=1659789716)...
2025-11-26 14:59:39,028 - INFO - FullGPUEarlyStop: Launching kernel (max=3674 gens, optimal=26524.0, patience=24)
2025-11-26 14:59:41,976 - INFO - FullGPUEarlyStop complete: best=26750.00, improvement=88.30%, gens=45/3674, stopped=hit_optimal, H2D=0.17MB, D2H=0.00MB, kernels=3
2025-11-26 14:59:41,976 - INFO -       → Completed in 2.95s | Cost: 26750 (gap: 0.85%) | Generations: 45/3674
2025-11-26 14:59:41,976 - INFO -     Run 24/26 (new #2/4, seed=1040944789)...
2025-11-26 14:59:41,977 - INFO - FullGPUEarlyStop: Launching kernel (max=3674 gens, optimal=26524.0, patience=24)
2025-11-26 14:59:46,107 - INFO - FullGPUEarlyStop complete: best=26707.00, improvement=88.32%, gens=63/3674, stopped=hit_optimal, H2D=0.17MB, D2H=0.00MB, kernels=3
2025-11-26 14:59:46,107 - INFO -       → Completed in 4.13s | Cost: 26707 (gap: 0.69%) | Generations: 63/3674
2025-11-26 14:59:46,107 - INFO -     Run 25/26 (new #3/4, seed=786016668)...
2025-11-26 14:59:46,108 - INFO - FullGPUEarlyStop: Launching kernel (max=3674 gens, optimal=26524.0, patience=24)
2025-11-26 14:59:49,080 - INFO - FullGPUEarlyStop complete: best=26825.00, improvement=88.27%, gens=44/3674, stopped=no_improvements, H2D=0.17MB, D2H=0.00MB, kernels=3
2025-11-26 14:59:49,080 - INFO -       → Completed in 2.97s | Cost: 26825 (gap: 1.13%) | Generations: 44/3674
2025-11-26 14:59:49,080 - INFO -     Run 26/26 (new #4/4, seed=1382101642)...
2025-11-26 14:59:49,081 - INFO - FullGPUEarlyStop: Launching kernel (max=3674 gens, optimal=26524.0, patience=24)
2025-11-26 14:59:53,371 - INFO - FullGPUEarlyStop complete: best=26708.00, improvement=88.32%, gens=64/3674, stopped=hit_optimal, H2D=0.17MB, D2H=0.00MB, kernels=3
2025-11-26 14:59:53,372 - INFO -       → Completed in 4.29s | Cost: 26708 (gap: 0.69%) | Generations: 64/3674
2025-11-26 14:59:53,372 - INFO - 
    ✓ FullGPU INCREMENTAL summary for kroA150 (26 total runs): Cost=26688±83.8 | Gap=0.62%±0.32% | Time=5.56s±1.73s
2025-11-26 14:59:53,382 - INFO -     ✓ Checkpoint saved: kroA150_FullGPU.json
2025-11-26 14:59:53,430 - INFO - 
────────────────────────────────────────────────────────────────────────────────
2025-11-26 14:59:53,430 - INFO - STATISTICS FOR kroA150
2025-11-26 14:59:53,430 - INFO - ────────────────────────────────────────────────────────────────────────────────
2025-11-26 14:59:53,431 - INFO - 
Statistical Analysis: kroA150
2025-11-26 14:59:53,431 - INFO - --------------------------------------------------------------------------------
2025-11-26 14:59:53,434 - INFO - Friedman Test (k=3 algorithms):
2025-11-26 14:59:53,434 - INFO -   Statistic: 2.0769
2025-11-26 14:59:53,434 - INFO -   p-value: 0.353999
2025-11-26 14:59:53,434 - INFO -   Significant: False
2025-11-26 14:59:53,442 - INFO - 
Pairwise Comparisons:
2025-11-26 14:59:53,442 - INFO - Following statistical methodology:
2025-11-26 14:59:53,442 - INFO -   - Normality testing (Shapiro-Wilk)
2025-11-26 14:59:53,442 - INFO -   - Test selection (paired t-test vs Wilcoxon)
2025-11-26 14:59:53,442 - INFO -   - Effect size (Cohen's d)
2025-11-26 14:59:53,442 - INFO -   - 95% Confidence Intervals
2025-11-26 14:59:53,442 - INFO -   - Holm-Bonferroni multiple comparison correction

2025-11-26 14:59:53,444 - INFO -   HybridNaive vs HybridOptimized:
2025-11-26 14:59:53,444 - INFO -     Normality (Shapiro-Wilk):
2025-11-26 14:59:53,444 - INFO -       HybridNaive: p=0.0301 (non-normal)
2025-11-26 14:59:53,444 - INFO -       HybridOptimized: p=0.0411 (non-normal)
2025-11-26 14:59:53,444 - INFO -     Test selected: wilcoxon_signed_rank
2025-11-26 14:59:53,444 - INFO -     Mean difference: 1.88
2025-11-26 14:59:53,445 - INFO -     95% CI difference: [-35.58, 39.35]
2025-11-26 14:59:53,445 - INFO -     p-value (uncorrected): 0.898940
2025-11-26 14:59:53,445 - INFO -     Cohen's d: 0.0334
2025-11-26 14:59:53,445 - INFO -     Effect size interpretation: negligible
2025-11-26 14:59:53,446 - INFO -   HybridNaive vs FullGPU:
2025-11-26 14:59:53,446 - INFO -     Normality (Shapiro-Wilk):
2025-11-26 14:59:53,446 - INFO -       HybridNaive: p=0.0301 (non-normal)
2025-11-26 14:59:53,446 - INFO -       FullGPU: p=0.4969 (normal)
2025-11-26 14:59:53,447 - INFO -     Test selected: wilcoxon_signed_rank
2025-11-26 14:59:53,447 - INFO -     Mean difference: 24.96
2025-11-26 14:59:53,447 - INFO -     95% CI difference: [-20.71, 70.64]
2025-11-26 14:59:53,447 - INFO -     p-value (uncorrected): 0.222786
2025-11-26 14:59:53,447 - INFO -     Cohen's d: 0.3460
2025-11-26 14:59:53,447 - INFO -     Effect size interpretation: small
2025-11-26 14:59:53,449 - INFO -   HybridOptimized vs FullGPU:
2025-11-26 14:59:53,449 - INFO -     Normality (Shapiro-Wilk):
2025-11-26 14:59:53,449 - INFO -       HybridOptimized: p=0.0411 (non-normal)
2025-11-26 14:59:53,449 - INFO -       FullGPU: p=0.4969 (normal)
2025-11-26 14:59:53,449 - INFO -     Test selected: wilcoxon_signed_rank
2025-11-26 14:59:53,449 - INFO -     Mean difference: 23.08
2025-11-26 14:59:53,450 - INFO -     95% CI difference: [-10.07, 56.22]
2025-11-26 14:59:53,450 - INFO -     p-value (uncorrected): 0.253057
2025-11-26 14:59:53,450 - INFO -     Cohen's d: 0.3176
2025-11-26 14:59:53,450 - INFO -     Effect size interpretation: small
2025-11-26 14:59:53,450 - INFO - 
  Multiple Comparison Correction (Holm-Bonferroni, α=0.05):
2025-11-26 14:59:53,450 - INFO -     HybridNaive vs HybridOptimized:
2025-11-26 14:59:53,450 - INFO -       Original p-value: 0.898940
2025-11-26 14:59:53,450 - INFO -       Adjusted p-value: 0.898940
2025-11-26 14:59:53,450 - INFO -       Significant (after correction): False
2025-11-26 14:59:53,450 - INFO -     HybridNaive vs FullGPU:
2025-11-26 14:59:53,450 - INFO -       Original p-value: 0.222786
2025-11-26 14:59:53,450 - INFO -       Adjusted p-value: 0.668359
2025-11-26 14:59:53,450 - INFO -       Significant (after correction): False
2025-11-26 14:59:53,450 - INFO -     HybridOptimized vs FullGPU:
2025-11-26 14:59:53,450 - INFO -       Original p-value: 0.253057
2025-11-26 14:59:53,450 - INFO -       Adjusted p-value: 0.668359
2025-11-26 14:59:53,450 - INFO -       Significant (after correction): False
2025-11-26 14:59:53,450 - INFO - 
Summary: kroA150 (optimal=26524.0)
2025-11-26 14:59:53,450 - INFO - --------------------------------------------------------------------------------
2025-11-26 14:59:53,450 - INFO - Algorithm            Mean Cost       Gap (%)      Time (s)     H2D (MB)     D2H (MB)    
2025-11-26 14:59:53,451 - INFO - --------------------------------------------------------------------------------
2025-11-26 14:59:53,451 - INFO - HybridNaive          26712.92        0.71         4.79         6.09         2.80        
2025-11-26 14:59:53,451 - INFO - HybridOptimized      26711.04        0.71         0.81         2.89         2.88        
2025-11-26 14:59:53,451 - INFO - FullGPU              26687.96        0.62         5.56         0.18         0.00        
2025-11-26 14:59:53,451 - INFO - 
Speedups (relative to baseline):
2025-11-26 14:59:53,451 - INFO -   HybridNaive: 1.00x (baseline)
2025-11-26 14:59:53,451 - INFO -   HybridOptimized: 5.88x vs HybridNaive
2025-11-26 14:59:53,451 - INFO -   FullGPU: 0.86x vs HybridNaive
2025-11-26 14:59:53,451 - INFO - 
2025-11-26 14:59:53,453 - INFO - ✓ Problem statistics saved: kroA150_stats.json

2025-11-26 14:59:53,505 - INFO - 
================================================================================
2025-11-26 14:59:53,505 - INFO - PROBLEM 23/38: kroB150
2025-11-26 14:59:53,505 - INFO - Size: 150 cities | Optimal: 26130.0
2025-11-26 14:59:53,505 - INFO - ================================================================================
2025-11-26 14:59:53,505 - INFO - Running 3 GPU algorithms only (n>100)

2025-11-26 14:59:53,532 - INFO -   [1/3] HybridNaive (GPU): Resuming: 22/26 runs exist, completing remaining 4
2025-11-26 14:59:53,532 - INFO - GeneticAlgorithmHybridNaive initialized: pop_size=256, mutation_rate=0.02, tournament_k=5, 2opt_iters=10
2025-11-26 14:59:53,532 - INFO - Loaded two_opt_kernel for naive hybrid
2025-11-26 14:59:53,532 - INFO - 
  [HybridNaive] INCREMENTAL MODE: Extending kroB150 from 22 to 26 runs
2025-11-26 14:59:53,532 - INFO -     Backend: GPU | Early stopping: patience=24 (adaptive: 2×√150) | New repetitions: 4
2025-11-26 14:59:53,532 - INFO -     Run 23/26 (new #1/4, seed=1072614956)...
2025-11-26 14:59:57,830 - INFO - Near-optimal solution reached at generation 18 (cost=26373.00, optimal=26130.00, gap=0.93%)
2025-11-26 14:59:57,830 - INFO - GeneticAlgorithmHybridNaive evolution complete: best=26373.00, improvement=88.23%, H2D=6.00MB, D2H=2.76MB, kernels=46080, stopped=hit_optimal
2025-11-26 14:59:57,830 - INFO -       → Completed in 4.30s | Cost: 26373 (gap: 0.93%) | Generations: 18/3674
2025-11-26 14:59:57,830 - INFO -     Run 24/26 (new #2/4, seed=1794750819)...
2025-11-26 15:00:01,917 - INFO - Near-optimal solution reached at generation 17 (cost=26386.00, optimal=26130.00, gap=0.98%)
2025-11-26 15:00:01,917 - INFO - GeneticAlgorithmHybridNaive evolution complete: best=26386.00, improvement=88.68%, H2D=5.67MB, D2H=2.61MB, kernels=43520, stopped=hit_optimal
2025-11-26 15:00:01,917 - INFO -       → Completed in 4.09s | Cost: 26386 (gap: 0.98%) | Generations: 17/3674
2025-11-26 15:00:01,918 - INFO -     Run 25/26 (new #3/4, seed=705242982)...
2025-11-26 15:00:06,459 - INFO - Near-optimal solution reached at generation 19 (cost=26224.00, optimal=26130.00, gap=0.36%)
2025-11-26 15:00:06,459 - INFO - GeneticAlgorithmHybridNaive evolution complete: best=26224.00, improvement=88.54%, H2D=6.34MB, D2H=2.92MB, kernels=48640, stopped=hit_optimal
2025-11-26 15:00:06,459 - INFO -       → Completed in 4.54s | Cost: 26224 (gap: 0.36%) | Generations: 19/3674
2025-11-26 15:00:06,459 - INFO -     Run 26/26 (new #4/4, seed=1147101241)...
2025-11-26 15:00:10,376 - INFO - Near-optimal solution reached at generation 16 (cost=26357.00, optimal=26130.00, gap=0.87%)
2025-11-26 15:00:10,376 - INFO - GeneticAlgorithmHybridNaive evolution complete: best=26357.00, improvement=88.39%, H2D=5.34MB, D2H=2.46MB, kernels=40960, stopped=hit_optimal
2025-11-26 15:00:10,376 - INFO -       → Completed in 3.92s | Cost: 26357 (gap: 0.87%) | Generations: 16/3674
2025-11-26 15:00:10,377 - INFO - 
    ✓ HybridNaive INCREMENTAL summary for kroB150 (26 total runs): Cost=26326±46.8 | Gap=0.75%±0.18% | Time=4.42s±0.35s
2025-11-26 15:00:10,388 - INFO -     ✓ Checkpoint saved: kroB150_HybridNaive.json
2025-11-26 15:00:10,438 - INFO -   [2/3] HybridOptimized (GPU): Resuming: 22/26 runs exist, completing remaining 4
2025-11-26 15:00:10,439 - INFO - GeneticAlgorithmHybridOptimized initialized: pop_size=256, mutation_rate=0.02, tournament_k=5, 2opt_iters=10
2025-11-26 15:00:10,439 - INFO - Loaded batch kernels: two_opt_batch, cost_calculator
2025-11-26 15:00:10,439 - INFO - 
  [HybridOptimized] INCREMENTAL MODE: Extending kroB150 from 22 to 26 runs
2025-11-26 15:00:10,439 - INFO -     Backend: GPU | Early stopping: patience=24 (adaptive: 2×√150) | New repetitions: 4
2025-11-26 15:00:10,439 - INFO -     Run 23/26 (new #1/4, seed=873042603)...
2025-11-26 15:00:11,254 - INFO - Near-optimal solution reached at generation 17 (cost=26306.00, optimal=26130.00, gap=0.67%)
2025-11-26 15:00:11,254 - INFO - GeneticAlgorithmHybridOptimized evolution complete: best=26306.00, improvement=88.26%, H2D=2.79MB, D2H=2.65MB, kernels=187, stopped=hit_optimal
2025-11-26 15:00:11,254 - INFO -       → Completed in 0.81s | Cost: 26306 (gap: 0.67%) | Generations: 17/3674
2025-11-26 15:00:11,254 - INFO -     Run 24/26 (new #2/4, seed=258432923)...
2025-11-26 15:00:11,942 - INFO - Near-optimal solution reached at generation 17 (cost=26369.00, optimal=26130.00, gap=0.91%)
2025-11-26 15:00:11,942 - INFO - GeneticAlgorithmHybridOptimized evolution complete: best=26369.00, improvement=88.19%, H2D=2.61MB, D2H=2.65MB, kernels=187, stopped=hit_optimal
2025-11-26 15:00:11,942 - INFO -       → Completed in 0.69s | Cost: 26369 (gap: 0.91%) | Generations: 17/3674
2025-11-26 15:00:11,942 - INFO -     Run 25/26 (new #3/4, seed=1772092513)...
2025-11-26 15:00:12,671 - INFO - Near-optimal solution reached at generation 18 (cost=26213.00, optimal=26130.00, gap=0.32%)
2025-11-26 15:00:12,671 - INFO - GeneticAlgorithmHybridOptimized evolution complete: best=26213.00, improvement=88.42%, H2D=2.76MB, D2H=2.80MB, kernels=198, stopped=hit_optimal
2025-11-26 15:00:12,671 - INFO -       → Completed in 0.73s | Cost: 26213 (gap: 0.32%) | Generations: 18/3674
2025-11-26 15:00:12,671 - INFO -     Run 26/26 (new #4/4, seed=773213239)...
2025-11-26 15:00:13,365 - INFO - Near-optimal solution reached at generation 17 (cost=26298.00, optimal=26130.00, gap=0.64%)
2025-11-26 15:00:13,365 - INFO - GeneticAlgorithmHybridOptimized evolution complete: best=26298.00, improvement=88.78%, H2D=2.61MB, D2H=2.65MB, kernels=187, stopped=hit_optimal
2025-11-26 15:00:13,365 - INFO -       → Completed in 0.69s | Cost: 26298 (gap: 0.64%) | Generations: 17/3674
2025-11-26 15:00:13,366 - INFO - 
    ✓ HybridOptimized INCREMENTAL summary for kroB150 (26 total runs): Cost=26327±47.0 | Gap=0.75%±0.18% | Time=0.73s±0.07s
2025-11-26 15:00:13,409 - INFO -     ✓ Checkpoint saved: kroB150_HybridOptimized.json
2025-11-26 15:00:13,457 - INFO -   [3/3] FullGPU (GPU): Resuming: 22/26 runs exist, completing remaining 4
2025-11-26 15:00:13,457 - INFO - GeneticAlgorithmFullGPUEarlyStop initialized: pop_size=256, mutation_rate=0.02, tournament_k=5, 2opt_iters=10
2025-11-26 15:00:13,458 - INFO - Loaded Fujimoto GA kernel with early stopping support
2025-11-26 15:00:13,458 - INFO - 
  [FullGPU] INCREMENTAL MODE: Extending kroB150 from 22 to 26 runs
2025-11-26 15:00:13,458 - INFO -     Backend: GPU | Early stopping: patience=24 (adaptive: 2×√150) | New repetitions: 4
2025-11-26 15:00:13,458 - INFO -     Run 23/26 (new #1/4, seed=296962793)...
2025-11-26 15:00:13,459 - INFO - FullGPUEarlyStop: Launching kernel (max=3674 gens, optimal=26130.0, patience=24)
2025-11-26 15:00:17,832 - INFO - FullGPUEarlyStop complete: best=26340.00, improvement=88.40%, gens=65/3674, stopped=hit_optimal, H2D=0.17MB, D2H=0.00MB, kernels=3
2025-11-26 15:00:17,832 - INFO -       → Completed in 4.37s | Cost: 26340 (gap: 0.80%) | Generations: 65/3674
2025-11-26 15:00:17,832 - INFO -     Run 24/26 (new #2/4, seed=1131095417)...
2025-11-26 15:00:17,833 - INFO - FullGPUEarlyStop: Launching kernel (max=3674 gens, optimal=26130.0, patience=24)
2025-11-26 15:00:21,675 - INFO - FullGPUEarlyStop complete: best=26172.00, improvement=88.47%, gens=57/3674, stopped=hit_optimal, H2D=0.17MB, D2H=0.00MB, kernels=3
2025-11-26 15:00:21,675 - INFO -       → Completed in 3.84s | Cost: 26172 (gap: 0.16%) | Generations: 57/3674
2025-11-26 15:00:21,675 - INFO -     Run 25/26 (new #3/4, seed=2087558989)...
2025-11-26 15:00:21,676 - INFO - FullGPUEarlyStop: Launching kernel (max=3674 gens, optimal=26130.0, patience=24)
2025-11-26 15:00:25,689 - INFO - FullGPUEarlyStop complete: best=26255.00, improvement=88.43%, gens=61/3674, stopped=hit_optimal, H2D=0.17MB, D2H=0.00MB, kernels=3
2025-11-26 15:00:25,689 - INFO -       → Completed in 4.01s | Cost: 26255 (gap: 0.48%) | Generations: 61/3674
2025-11-26 15:00:25,689 - INFO -     Run 26/26 (new #4/4, seed=817042519)...
2025-11-26 15:00:25,690 - INFO - FullGPUEarlyStop: Launching kernel (max=3674 gens, optimal=26130.0, patience=24)
2025-11-26 15:00:30,570 - INFO - FullGPUEarlyStop complete: best=26343.00, improvement=88.40%, gens=73/3674, stopped=hit_optimal, H2D=0.17MB, D2H=0.00MB, kernels=3
2025-11-26 15:00:30,570 - INFO -       → Completed in 4.88s | Cost: 26343 (gap: 0.82%) | Generations: 73/3674
2025-11-26 15:00:30,571 - INFO - 
    ✓ FullGPU INCREMENTAL summary for kroB150 (26 total runs): Cost=26284±72.0 | Gap=0.59%±0.28% | Time=6.97s±2.52s
2025-11-26 15:00:30,614 - INFO -     ✓ Checkpoint saved: kroB150_FullGPU.json
2025-11-26 15:00:30,661 - INFO - 
────────────────────────────────────────────────────────────────────────────────
2025-11-26 15:00:30,662 - INFO - STATISTICS FOR kroB150
2025-11-26 15:00:30,662 - INFO - ────────────────────────────────────────────────────────────────────────────────
2025-11-26 15:00:30,662 - INFO - 
Statistical Analysis: kroB150
2025-11-26 15:00:30,662 - INFO - --------------------------------------------------------------------------------
2025-11-26 15:00:30,665 - INFO - Friedman Test (k=3 algorithms):
2025-11-26 15:00:30,665 - INFO -   Statistic: 5.3786
2025-11-26 15:00:30,665 - INFO -   p-value: 0.067927
2025-11-26 15:00:30,666 - INFO -   Significant: False
2025-11-26 15:00:30,674 - INFO - 
Pairwise Comparisons:
2025-11-26 15:00:30,674 - INFO - Following statistical methodology:
2025-11-26 15:00:30,674 - INFO -   - Normality testing (Shapiro-Wilk)
2025-11-26 15:00:30,674 - INFO -   - Test selection (paired t-test vs Wilcoxon)
2025-11-26 15:00:30,674 - INFO -   - Effect size (Cohen's d)
2025-11-26 15:00:30,674 - INFO -   - 95% Confidence Intervals
2025-11-26 15:00:30,674 - INFO -   - Holm-Bonferroni multiple comparison correction

2025-11-26 15:00:30,676 - INFO -   HybridNaive vs HybridOptimized:
2025-11-26 15:00:30,676 - INFO -     Normality (Shapiro-Wilk):
2025-11-26 15:00:30,676 - INFO -       HybridNaive: p=0.2521 (normal)
2025-11-26 15:00:30,676 - INFO -       HybridOptimized: p=0.1124 (normal)
2025-11-26 15:00:30,676 - INFO -     Test selected: paired_t_test
2025-11-26 15:00:30,676 - INFO -     Mean difference: -1.04
2025-11-26 15:00:30,676 - INFO -     95% CI difference: [-27.77, 25.69]
2025-11-26 15:00:30,676 - INFO -     p-value (uncorrected): 0.936872
2025-11-26 15:00:30,676 - INFO -     Cohen's d: -0.0217
2025-11-26 15:00:30,676 - INFO -     Effect size interpretation: negligible
2025-11-26 15:00:30,678 - INFO -   HybridNaive vs FullGPU:
2025-11-26 15:00:30,678 - INFO -     Normality (Shapiro-Wilk):
2025-11-26 15:00:30,678 - INFO -       HybridNaive: p=0.2521 (normal)
2025-11-26 15:00:30,678 - INFO -       FullGPU: p=0.2602 (normal)
2025-11-26 15:00:30,678 - INFO -     Test selected: paired_t_test
2025-11-26 15:00:30,678 - INFO -     Mean difference: 42.12
2025-11-26 15:00:30,678 - INFO -     95% CI difference: [7.36, 76.87]
2025-11-26 15:00:30,678 - INFO -     p-value (uncorrected): 0.019527
2025-11-26 15:00:30,678 - INFO -     Cohen's d: 0.6800
2025-11-26 15:00:30,678 - INFO -     Effect size interpretation: medium
2025-11-26 15:00:30,680 - INFO -   HybridOptimized vs FullGPU:
2025-11-26 15:00:30,681 - INFO -     Normality (Shapiro-Wilk):
2025-11-26 15:00:30,681 - INFO -       HybridOptimized: p=0.1124 (normal)
2025-11-26 15:00:30,681 - INFO -       FullGPU: p=0.2602 (normal)
2025-11-26 15:00:30,681 - INFO -     Test selected: paired_t_test
2025-11-26 15:00:30,681 - INFO -     Mean difference: 43.15
2025-11-26 15:00:30,681 - INFO -     95% CI difference: [7.97, 78.34]
2025-11-26 15:00:30,681 - INFO -     p-value (uncorrected): 0.018250
2025-11-26 15:00:30,681 - INFO -     Cohen's d: 0.6959
2025-11-26 15:00:30,681 - INFO -     Effect size interpretation: medium
2025-11-26 15:00:30,681 - INFO - 
  Multiple Comparison Correction (Holm-Bonferroni, α=0.05):
2025-11-26 15:00:30,681 - INFO -     HybridNaive vs HybridOptimized:
2025-11-26 15:00:30,681 - INFO -       Original p-value: 0.936872
2025-11-26 15:00:30,681 - INFO -       Adjusted p-value: 0.936872
2025-11-26 15:00:30,681 - INFO -       Significant (after correction): False
2025-11-26 15:00:30,681 - INFO -     HybridNaive vs FullGPU:
2025-11-26 15:00:30,681 - INFO -       Original p-value: 0.019527
2025-11-26 15:00:30,681 - INFO -       Adjusted p-value: 0.054750
2025-11-26 15:00:30,681 - INFO -       Significant (after correction): True
2025-11-26 15:00:30,681 - INFO -     HybridOptimized vs FullGPU:
2025-11-26 15:00:30,681 - INFO -       Original p-value: 0.018250
2025-11-26 15:00:30,681 - INFO -       Adjusted p-value: 0.054750
2025-11-26 15:00:30,681 - INFO -       Significant (after correction): False
2025-11-26 15:00:30,681 - INFO - 
Summary: kroB150 (optimal=26130.0)
2025-11-26 15:00:30,681 - INFO - --------------------------------------------------------------------------------
2025-11-26 15:00:30,681 - INFO - Algorithm            Mean Cost       Gap (%)      Time (s)     H2D (MB)     D2H (MB)    
2025-11-26 15:00:30,681 - INFO - --------------------------------------------------------------------------------
2025-11-26 15:00:30,681 - INFO - HybridNaive          26325.77        0.75         4.42         5.84         2.69        
2025-11-26 15:00:30,682 - INFO - HybridOptimized      26326.81        0.75         0.73         2.69         2.68        
2025-11-26 15:00:30,682 - INFO - FullGPU              26283.65        0.59         6.97         0.18         0.00        
2025-11-26 15:00:30,682 - INFO - 
Speedups (relative to baseline):
2025-11-26 15:00:30,682 - INFO -   HybridNaive: 1.00x (baseline)
2025-11-26 15:00:30,682 - INFO -   HybridOptimized: 6.07x vs HybridNaive
2025-11-26 15:00:30,682 - INFO -   FullGPU: 0.63x vs HybridNaive
2025-11-26 15:00:30,682 - INFO - 
2025-11-26 15:00:30,684 - INFO - ✓ Problem statistics saved: kroB150_stats.json

2025-11-26 15:00:30,732 - INFO - 
================================================================================
2025-11-26 15:00:30,732 - INFO - PROBLEM 24/38: pr152
2025-11-26 15:00:30,732 - INFO - Size: 152 cities | Optimal: 73682.0
2025-11-26 15:00:30,732 - INFO - ================================================================================
2025-11-26 15:00:30,732 - INFO - Running 3 GPU algorithms only (n>100)

2025-11-26 15:00:30,759 - INFO -   [1/3] HybridNaive (GPU): Resuming: 22/26 runs exist, completing remaining 4
2025-11-26 15:00:30,760 - INFO - GeneticAlgorithmHybridNaive initialized: pop_size=256, mutation_rate=0.02, tournament_k=5, 2opt_iters=10
2025-11-26 15:00:30,760 - INFO - Loaded two_opt_kernel for naive hybrid
2025-11-26 15:00:30,760 - INFO - 
  [HybridNaive] INCREMENTAL MODE: Extending pr152 from 22 to 26 runs
2025-11-26 15:00:30,760 - INFO -     Backend: GPU | Early stopping: patience=24 (adaptive: 2×√152) | New repetitions: 4
2025-11-26 15:00:30,760 - INFO -     Run 23/26 (new #1/4, seed=79627942)...
2025-11-26 15:00:34,819 - INFO - Near-optimal solution reached at generation 17 (cost=74172.00, optimal=73682.00, gap=0.67%)
2025-11-26 15:00:34,819 - INFO - GeneticAlgorithmHybridNaive evolution complete: best=74172.00, improvement=92.32%, H2D=5.79MB, D2H=2.65MB, kernels=43520, stopped=hit_optimal
2025-11-26 15:00:34,819 - INFO -       → Completed in 4.06s | Cost: 74172 (gap: 0.67%) | Generations: 17/3747
2025-11-26 15:00:34,819 - INFO -     Run 24/26 (new #2/4, seed=1654102516)...
2025-11-26 15:00:39,097 - INFO - Near-optimal solution reached at generation 18 (cost=74272.00, optimal=73682.00, gap=0.80%)
2025-11-26 15:00:39,097 - INFO - GeneticAlgorithmHybridNaive evolution complete: best=74272.00, improvement=92.03%, H2D=6.13MB, D2H=2.80MB, kernels=46080, stopped=hit_optimal
2025-11-26 15:00:39,097 - INFO -       → Completed in 4.28s | Cost: 74272 (gap: 0.80%) | Generations: 18/3747
2025-11-26 15:00:39,098 - INFO -     Run 25/26 (new #3/4, seed=1030892363)...
2025-11-26 15:00:43,386 - INFO - Near-optimal solution reached at generation 18 (cost=74183.00, optimal=73682.00, gap=0.68%)
2025-11-26 15:00:43,386 - INFO - GeneticAlgorithmHybridNaive evolution complete: best=74183.00, improvement=92.19%, H2D=6.13MB, D2H=2.80MB, kernels=46080, stopped=hit_optimal
2025-11-26 15:00:43,386 - INFO -       → Completed in 4.29s | Cost: 74183 (gap: 0.68%) | Generations: 18/3747
2025-11-26 15:00:43,386 - INFO -     Run 26/26 (new #4/4, seed=1054213263)...
2025-11-26 15:00:47,653 - INFO - Near-optimal solution reached at generation 18 (cost=74025.00, optimal=73682.00, gap=0.47%)
2025-11-26 15:00:47,653 - INFO - GeneticAlgorithmHybridNaive evolution complete: best=74025.00, improvement=92.16%, H2D=6.13MB, D2H=2.80MB, kernels=46080, stopped=hit_optimal
2025-11-26 15:00:47,653 - INFO -       → Completed in 4.27s | Cost: 74025 (gap: 0.47%) | Generations: 18/3747
2025-11-26 15:00:47,654 - INFO - 
    ✓ HybridNaive INCREMENTAL summary for pr152 (26 total runs): Cost=74144±136.4 | Gap=0.63%±0.19% | Time=4.46s±0.50s
2025-11-26 15:00:47,697 - INFO -     ✓ Checkpoint saved: pr152_HybridNaive.json
2025-11-26 15:00:47,746 - INFO -   [2/3] HybridOptimized (GPU): Resuming: 22/26 runs exist, completing remaining 4
2025-11-26 15:00:47,746 - INFO - GeneticAlgorithmHybridOptimized initialized: pop_size=256, mutation_rate=0.02, tournament_k=5, 2opt_iters=10
2025-11-26 15:00:47,746 - INFO - Loaded batch kernels: two_opt_batch, cost_calculator
2025-11-26 15:00:47,747 - INFO - 
  [HybridOptimized] INCREMENTAL MODE: Extending pr152 from 22 to 26 runs
2025-11-26 15:00:47,747 - INFO -     Backend: GPU | Early stopping: patience=24 (adaptive: 2×√152) | New repetitions: 4
2025-11-26 15:00:47,747 - INFO -     Run 23/26 (new #1/4, seed=732520414)...
2025-11-26 15:00:48,417 - INFO - Near-optimal solution reached at generation 17 (cost=74037.00, optimal=73682.00, gap=0.48%)
2025-11-26 15:00:48,417 - INFO - GeneticAlgorithmHybridOptimized evolution complete: best=74037.00, improvement=92.33%, H2D=2.83MB, D2H=2.68MB, kernels=187, stopped=hit_optimal
2025-11-26 15:00:48,417 - INFO -       → Completed in 0.67s | Cost: 74037 (gap: 0.48%) | Generations: 17/3747
2025-11-26 15:00:48,417 - INFO -     Run 24/26 (new #2/4, seed=13135192)...
2025-11-26 15:00:49,082 - INFO - Near-optimal solution reached at generation 17 (cost=74336.00, optimal=73682.00, gap=0.89%)
2025-11-26 15:00:49,082 - INFO - GeneticAlgorithmHybridOptimized evolution complete: best=74336.00, improvement=92.02%, H2D=2.65MB, D2H=2.68MB, kernels=187, stopped=hit_optimal
2025-11-26 15:00:49,082 - INFO -       → Completed in 0.66s | Cost: 74336 (gap: 0.89%) | Generations: 17/3747
2025-11-26 15:00:49,082 - INFO -     Run 25/26 (new #3/4, seed=531014924)...
2025-11-26 15:00:49,758 - INFO - Near-optimal solution reached at generation 17 (cost=74344.00, optimal=73682.00, gap=0.90%)
2025-11-26 15:00:49,758 - INFO - GeneticAlgorithmHybridOptimized evolution complete: best=74344.00, improvement=92.05%, H2D=2.65MB, D2H=2.68MB, kernels=187, stopped=hit_optimal
2025-11-26 15:00:49,758 - INFO -       → Completed in 0.68s | Cost: 74344 (gap: 0.90%) | Generations: 17/3747
2025-11-26 15:00:49,758 - INFO -     Run 26/26 (new #4/4, seed=1544678461)...
2025-11-26 15:00:50,429 - INFO - Near-optimal solution reached at generation 17 (cost=73891.00, optimal=73682.00, gap=0.28%)
2025-11-26 15:00:50,429 - INFO - GeneticAlgorithmHybridOptimized evolution complete: best=73891.00, improvement=92.23%, H2D=2.65MB, D2H=2.68MB, kernels=187, stopped=hit_optimal
2025-11-26 15:00:50,429 - INFO -       → Completed in 0.67s | Cost: 73891 (gap: 0.28%) | Generations: 17/3747
2025-11-26 15:00:50,430 - INFO - 
    ✓ HybridOptimized INCREMENTAL summary for pr152 (26 total runs): Cost=74143±181.9 | Gap=0.63%±0.25% | Time=0.75s±0.09s
2025-11-26 15:00:50,440 - INFO -     ✓ Checkpoint saved: pr152_HybridOptimized.json
2025-11-26 15:00:50,487 - INFO -   [3/3] FullGPU (GPU): Resuming: 22/26 runs exist, completing remaining 4
2025-11-26 15:00:50,488 - INFO - GeneticAlgorithmFullGPUEarlyStop initialized: pop_size=256, mutation_rate=0.02, tournament_k=5, 2opt_iters=10
2025-11-26 15:00:50,488 - INFO - Loaded Fujimoto GA kernel with early stopping support
2025-11-26 15:00:50,488 - INFO - 
  [FullGPU] INCREMENTAL MODE: Extending pr152 from 22 to 26 runs
2025-11-26 15:00:50,488 - INFO -     Backend: GPU | Early stopping: patience=24 (adaptive: 2×√152) | New repetitions: 4
2025-11-26 15:00:50,488 - INFO -     Run 23/26 (new #1/4, seed=1982888609)...
2025-11-26 15:00:50,489 - INFO - FullGPUEarlyStop: Launching kernel (max=3747 gens, optimal=73682.0, patience=24)
2025-11-26 15:00:53,011 - INFO - FullGPUEarlyStop complete: best=74037.00, improvement=92.14%, gens=37/3747, stopped=hit_optimal, H2D=0.18MB, D2H=0.00MB, kernels=3
2025-11-26 15:00:53,011 - INFO -       → Completed in 2.52s | Cost: 74037 (gap: 0.48%) | Generations: 37/3747
2025-11-26 15:00:53,012 - INFO -     Run 24/26 (new #2/4, seed=1573509054)...
2025-11-26 15:00:53,012 - INFO - FullGPUEarlyStop: Launching kernel (max=3747 gens, optimal=73682.0, patience=24)
2025-11-26 15:00:56,307 - INFO - FullGPUEarlyStop complete: best=73682.00, improvement=92.18%, gens=48/3747, stopped=hit_optimal, H2D=0.18MB, D2H=0.00MB, kernels=3
2025-11-26 15:00:56,307 - INFO -       → Completed in 3.30s | Cost: 73682 (gap: 0.00%) | Generations: 48/3747
2025-11-26 15:00:56,307 - INFO -     Run 25/26 (new #3/4, seed=1793479192)...
2025-11-26 15:00:56,308 - INFO - FullGPUEarlyStop: Launching kernel (max=3747 gens, optimal=73682.0, patience=24)
2025-11-26 15:00:59,737 - INFO - FullGPUEarlyStop complete: best=73840.00, improvement=92.16%, gens=51/3747, stopped=hit_optimal, H2D=0.18MB, D2H=0.00MB, kernels=3
2025-11-26 15:00:59,737 - INFO -       → Completed in 3.43s | Cost: 73840 (gap: 0.21%) | Generations: 51/3747
2025-11-26 15:00:59,737 - INFO -     Run 26/26 (new #4/4, seed=519252771)...
2025-11-26 15:00:59,738 - INFO - FullGPUEarlyStop: Launching kernel (max=3747 gens, optimal=73682.0, patience=24)
2025-11-26 15:01:02,864 - INFO - FullGPUEarlyStop complete: best=73884.00, improvement=92.16%, gens=46/3747, stopped=hit_optimal, H2D=0.18MB, D2H=0.00MB, kernels=3
2025-11-26 15:01:02,864 - INFO -       → Completed in 3.13s | Cost: 73884 (gap: 0.27%) | Generations: 46/3747
2025-11-26 15:01:02,865 - INFO - 
    ✓ FullGPU INCREMENTAL summary for pr152 (26 total runs): Cost=73937±142.8 | Gap=0.35%±0.19% | Time=4.45s±1.11s
2025-11-26 15:01:02,875 - INFO -     ✓ Checkpoint saved: pr152_FullGPU.json
2025-11-26 15:01:02,922 - INFO - 
────────────────────────────────────────────────────────────────────────────────
2025-11-26 15:01:02,922 - INFO - STATISTICS FOR pr152
2025-11-26 15:01:02,922 - INFO - ────────────────────────────────────────────────────────────────────────────────
2025-11-26 15:01:02,923 - INFO - 
Statistical Analysis: pr152
2025-11-26 15:01:02,923 - INFO - --------------------------------------------------------------------------------
2025-11-26 15:01:02,926 - INFO - Friedman Test (k=3 algorithms):
2025-11-26 15:01:02,926 - INFO -   Statistic: 19.7647
2025-11-26 15:01:02,926 - INFO -   p-value: 0.000051
2025-11-26 15:01:02,926 - INFO -   Significant: True
2025-11-26 15:01:02,934 - INFO - 
Nemenyi Post-Hoc Test:
2025-11-26 15:01:02,943 - INFO -   Critical distance: 0.9193
2025-11-26 15:01:02,943 - INFO -   Mean ranks:
2025-11-26 15:01:02,944 - INFO -     HybridNaive: 2.46
2025-11-26 15:01:02,944 - INFO -     HybridOptimized: 2.23
2025-11-26 15:01:02,944 - INFO -     FullGPU: 1.31
2025-11-26 15:01:02,944 - INFO - 
  Significant pairwise differences:
2025-11-26 15:01:02,944 - INFO -     HybridNaive vs FullGPU: rank_diff=1.15, p=0.0001
2025-11-26 15:01:02,944 - INFO -     HybridOptimized vs FullGPU: rank_diff=0.92, p=0.0025
2025-11-26 15:01:02,944 - INFO - 
Pairwise Comparisons:
2025-11-26 15:01:02,944 - INFO - Following statistical methodology:
2025-11-26 15:01:02,944 - INFO -   - Normality testing (Shapiro-Wilk)
2025-11-26 15:01:02,944 - INFO -   - Test selection (paired t-test vs Wilcoxon)
2025-11-26 15:01:02,944 - INFO -   - Effect size (Cohen's d)
2025-11-26 15:01:02,944 - INFO -   - 95% Confidence Intervals
2025-11-26 15:01:02,944 - INFO -   - Holm-Bonferroni multiple comparison correction

2025-11-26 15:01:02,946 - INFO -   HybridNaive vs HybridOptimized:
2025-11-26 15:01:02,946 - INFO -     Normality (Shapiro-Wilk):
2025-11-26 15:01:02,946 - INFO -       HybridNaive: p=0.0972 (normal)
2025-11-26 15:01:02,946 - INFO -       HybridOptimized: p=0.0483 (non-normal)
2025-11-26 15:01:02,946 - INFO -     Test selected: wilcoxon_signed_rank
2025-11-26 15:01:02,946 - INFO -     Mean difference: 1.12
2025-11-26 15:01:02,946 - INFO -     95% CI difference: [-97.25, 99.48]
2025-11-26 15:01:02,946 - INFO -     p-value (uncorrected): 1.000000
2025-11-26 15:01:02,946 - INFO -     Cohen's d: 0.0068
2025-11-26 15:01:02,946 - INFO -     Effect size interpretation: negligible
2025-11-26 15:01:02,948 - INFO -   HybridNaive vs FullGPU:
2025-11-26 15:01:02,948 - INFO -     Normality (Shapiro-Wilk):
2025-11-26 15:01:02,948 - INFO -       HybridNaive: p=0.0972 (normal)
2025-11-26 15:01:02,948 - INFO -       FullGPU: p=0.0201 (non-normal)
2025-11-26 15:01:02,948 - INFO -     Test selected: wilcoxon_signed_rank
2025-11-26 15:01:02,948 - INFO -     Mean difference: 207.42
2025-11-26 15:01:02,948 - INFO -     95% CI difference: [136.19, 278.66]
2025-11-26 15:01:02,948 - INFO -     p-value (uncorrected): 0.000063
2025-11-26 15:01:02,948 - INFO -     Cohen's d: 1.4563
2025-11-26 15:01:02,948 - INFO -     Effect size interpretation: large
2025-11-26 15:01:02,950 - INFO -   HybridOptimized vs FullGPU:
2025-11-26 15:01:02,950 - INFO -     Normality (Shapiro-Wilk):
2025-11-26 15:01:02,950 - INFO -       HybridOptimized: p=0.0483 (non-normal)
2025-11-26 15:01:02,950 - INFO -       FullGPU: p=0.0201 (non-normal)
2025-11-26 15:01:02,950 - INFO -     Test selected: wilcoxon_signed_rank
2025-11-26 15:01:02,950 - INFO -     Mean difference: 206.31
2025-11-26 15:01:02,950 - INFO -     95% CI difference: [103.26, 309.35]
2025-11-26 15:01:02,950 - INFO -     p-value (uncorrected): 0.001125
2025-11-26 15:01:02,950 - INFO -     Cohen's d: 1.2370
2025-11-26 15:01:02,950 - INFO -     Effect size interpretation: large
2025-11-26 15:01:02,950 - INFO - 
  Multiple Comparison Correction (Holm-Bonferroni, α=0.05):
2025-11-26 15:01:02,950 - INFO -     HybridNaive vs HybridOptimized:
2025-11-26 15:01:02,950 - INFO -       Original p-value: 1.000000
2025-11-26 15:01:02,950 - INFO -       Adjusted p-value: 1.000000
2025-11-26 15:01:02,951 - INFO -       Significant (after correction): False
2025-11-26 15:01:02,951 - INFO -     HybridNaive vs FullGPU:
2025-11-26 15:01:02,951 - INFO -       Original p-value: 0.000063
2025-11-26 15:01:02,951 - INFO -       Adjusted p-value: 0.000190
2025-11-26 15:01:02,951 - INFO -       Significant (after correction): True
2025-11-26 15:01:02,951 - INFO -     HybridOptimized vs FullGPU:
2025-11-26 15:01:02,951 - INFO -       Original p-value: 0.001125
2025-11-26 15:01:02,951 - INFO -       Adjusted p-value: 0.002249
2025-11-26 15:01:02,951 - INFO -       Significant (after correction): True
2025-11-26 15:01:02,951 - INFO - 
Summary: pr152 (optimal=73682.0)
2025-11-26 15:01:02,951 - INFO - --------------------------------------------------------------------------------
2025-11-26 15:01:02,951 - INFO - Algorithm            Mean Cost       Gap (%)      Time (s)     H2D (MB)     D2H (MB)    
2025-11-26 15:01:02,951 - INFO - --------------------------------------------------------------------------------
2025-11-26 15:01:02,951 - INFO - HybridNaive          74144.27        0.63         4.46         6.04         2.76        
2025-11-26 15:01:02,951 - INFO - HybridOptimized      74143.15        0.63         0.75         2.69         2.68        
2025-11-26 15:01:02,951 - INFO - FullGPU              73936.85        0.35         4.45         0.18         0.00        
2025-11-26 15:01:02,951 - INFO - 
Speedups (relative to baseline):
2025-11-26 15:01:02,951 - INFO -   HybridNaive: 1.00x (baseline)
2025-11-26 15:01:02,952 - INFO -   HybridOptimized: 5.95x vs HybridNaive
2025-11-26 15:01:02,952 - INFO -   FullGPU: 1.00x vs HybridNaive
2025-11-26 15:01:02,952 - INFO - 
2025-11-26 15:01:02,955 - INFO - ✓ Problem statistics saved: pr152_stats.json

2025-11-26 15:01:03,003 - INFO - 
================================================================================
2025-11-26 15:01:03,003 - INFO - PROBLEM 25/38: u159
2025-11-26 15:01:03,003 - INFO - Size: 159 cities | Optimal: 42080.0
2025-11-26 15:01:03,003 - INFO - ================================================================================
2025-11-26 15:01:03,004 - INFO - Running 3 GPU algorithms only (n>100)

2025-11-26 15:01:03,031 - INFO -   [1/3] HybridNaive (GPU): Resuming: 22/26 runs exist, completing remaining 4
2025-11-26 15:01:03,032 - INFO - GeneticAlgorithmHybridNaive initialized: pop_size=256, mutation_rate=0.02, tournament_k=5, 2opt_iters=10
2025-11-26 15:01:03,032 - INFO - Loaded two_opt_kernel for naive hybrid
2025-11-26 15:01:03,032 - INFO - 
  [HybridNaive] INCREMENTAL MODE: Extending u159 from 22 to 26 runs
2025-11-26 15:01:03,032 - INFO -     Backend: GPU | Early stopping: patience=25 (adaptive: 2×√159) | New repetitions: 4
2025-11-26 15:01:03,032 - INFO -     Run 23/26 (new #1/4, seed=577882539)...
2025-11-26 15:01:08,482 - INFO - Near-optimal solution reached at generation 22 (cost=42489.00, optimal=42080.00, gap=0.97%)
2025-11-26 15:01:08,482 - INFO - GeneticAlgorithmHybridNaive evolution complete: best=42489.00, improvement=89.14%, H2D=8.03MB, D2H=3.58MB, kernels=56320, stopped=hit_optimal
2025-11-26 15:01:08,482 - INFO -       → Completed in 5.45s | Cost: 42489 (gap: 0.97%) | Generations: 22/4009
2025-11-26 15:01:08,482 - INFO -     Run 24/26 (new #2/4, seed=1943005553)...
2025-11-26 15:01:12,843 - INFO - Near-optimal solution reached at generation 17 (cost=42480.00, optimal=42080.00, gap=0.95%)
2025-11-26 15:01:12,843 - INFO - GeneticAlgorithmHybridNaive evolution complete: best=42480.00, improvement=89.55%, H2D=6.21MB, D2H=2.77MB, kernels=43520, stopped=hit_optimal
2025-11-26 15:01:12,843 - INFO -       → Completed in 4.36s | Cost: 42480 (gap: 0.95%) | Generations: 17/4009
2025-11-26 15:01:12,843 - INFO -     Run 25/26 (new #3/4, seed=753401826)...
2025-11-26 15:01:19,805 - INFO - Near-optimal solution reached at generation 28 (cost=42396.00, optimal=42080.00, gap=0.75%)
2025-11-26 15:01:19,805 - INFO - GeneticAlgorithmHybridNaive evolution complete: best=42396.00, improvement=89.57%, H2D=10.22MB, D2H=4.56MB, kernels=71680, stopped=hit_optimal
2025-11-26 15:01:19,805 - INFO -       → Completed in 6.96s | Cost: 42396 (gap: 0.75%) | Generations: 28/4009
2025-11-26 15:01:19,805 - INFO -     Run 26/26 (new #4/4, seed=378837292)...
2025-11-26 15:01:24,510 - INFO - Near-optimal solution reached at generation 19 (cost=42423.00, optimal=42080.00, gap=0.82%)
2025-11-26 15:01:24,510 - INFO - GeneticAlgorithmHybridNaive evolution complete: best=42423.00, improvement=89.51%, H2D=6.94MB, D2H=3.09MB, kernels=48640, stopped=hit_optimal
2025-11-26 15:01:24,510 - INFO -       → Completed in 4.70s | Cost: 42423 (gap: 0.82%) | Generations: 19/4009
2025-11-26 15:01:24,511 - INFO - 
    ✓ HybridNaive INCREMENTAL summary for u159 (26 total runs): Cost=42400±117.1 | Gap=0.76%±0.28% | Time=5.26s±0.79s
2025-11-26 15:01:24,521 - INFO -     ✓ Checkpoint saved: u159_HybridNaive.json
2025-11-26 15:01:24,568 - INFO -   [2/3] HybridOptimized (GPU): Resuming: 22/26 runs exist, completing remaining 4
2025-11-26 15:01:24,569 - INFO - GeneticAlgorithmHybridOptimized initialized: pop_size=256, mutation_rate=0.02, tournament_k=5, 2opt_iters=10
2025-11-26 15:01:24,569 - INFO - Loaded batch kernels: two_opt_batch, cost_calculator
2025-11-26 15:01:24,569 - INFO - 
  [HybridOptimized] INCREMENTAL MODE: Extending u159 from 22 to 26 runs
2025-11-26 15:01:24,569 - INFO -     Backend: GPU | Early stopping: patience=25 (adaptive: 2×√159) | New repetitions: 4
2025-11-26 15:01:24,569 - INFO -     Run 23/26 (new #1/4, seed=1921260988)...
2025-11-26 15:01:25,346 - INFO - Near-optimal solution reached at generation 19 (cost=42493.00, optimal=42080.00, gap=0.98%)
2025-11-26 15:01:25,346 - INFO - GeneticAlgorithmHybridOptimized evolution complete: best=42493.00, improvement=89.14%, H2D=3.30MB, D2H=3.13MB, kernels=209, stopped=hit_optimal
2025-11-26 15:01:25,346 - INFO -       → Completed in 0.78s | Cost: 42493 (gap: 0.98%) | Generations: 19/4009
2025-11-26 15:01:25,346 - INFO -     Run 24/26 (new #2/4, seed=1649678030)...
2025-11-26 15:01:26,204 - INFO - Near-optimal solution reached at generation 21 (cost=42460.00, optimal=42080.00, gap=0.90%)
2025-11-26 15:01:26,204 - INFO - GeneticAlgorithmHybridOptimized evolution complete: best=42460.00, improvement=89.64%, H2D=3.42MB, D2H=3.46MB, kernels=231, stopped=hit_optimal
2025-11-26 15:01:26,204 - INFO -       → Completed in 0.86s | Cost: 42460 (gap: 0.90%) | Generations: 21/4009
2025-11-26 15:01:26,204 - INFO -     Run 25/26 (new #3/4, seed=2049154905)...
2025-11-26 15:01:27,018 - INFO - Near-optimal solution reached at generation 20 (cost=42494.00, optimal=42080.00, gap=0.98%)
2025-11-26 15:01:27,018 - INFO - GeneticAlgorithmHybridOptimized evolution complete: best=42494.00, improvement=88.96%, H2D=3.26MB, D2H=3.30MB, kernels=220, stopped=hit_optimal
2025-11-26 15:01:27,018 - INFO -       → Completed in 0.81s | Cost: 42494 (gap: 0.98%) | Generations: 20/4009
2025-11-26 15:01:27,018 - INFO -     Run 26/26 (new #4/4, seed=1000134920)...
2025-11-26 15:01:27,755 - INFO - Near-optimal solution reached at generation 18 (cost=42264.00, optimal=42080.00, gap=0.44%)
2025-11-26 15:01:27,755 - INFO - GeneticAlgorithmHybridOptimized evolution complete: best=42264.00, improvement=89.53%, H2D=2.93MB, D2H=2.97MB, kernels=198, stopped=hit_optimal
2025-11-26 15:01:27,755 - INFO -       → Completed in 0.74s | Cost: 42264 (gap: 0.44%) | Generations: 18/4009
2025-11-26 15:01:27,756 - INFO - 
    ✓ HybridOptimized INCREMENTAL summary for u159 (26 total runs): Cost=42359±132.7 | Gap=0.66%±0.32% | Time=0.88s±0.09s
2025-11-26 15:01:27,799 - INFO -     ✓ Checkpoint saved: u159_HybridOptimized.json
2025-11-26 15:01:27,846 - INFO -   [3/3] FullGPU (GPU): Resuming: 22/26 runs exist, completing remaining 4
2025-11-26 15:01:27,847 - INFO - GeneticAlgorithmFullGPUEarlyStop initialized: pop_size=256, mutation_rate=0.02, tournament_k=5, 2opt_iters=10
2025-11-26 15:01:27,847 - INFO - Loaded Fujimoto GA kernel with early stopping support
2025-11-26 15:01:27,847 - INFO - 
  [FullGPU] INCREMENTAL MODE: Extending u159 from 22 to 26 runs
2025-11-26 15:01:27,847 - INFO -     Backend: GPU | Early stopping: patience=25 (adaptive: 2×√159) | New repetitions: 4
2025-11-26 15:01:27,847 - INFO -     Run 23/26 (new #1/4, seed=2058905853)...
2025-11-26 15:01:27,848 - INFO - FullGPUEarlyStop: Launching kernel (max=4009 gens, optimal=42080.0, patience=25)
2025-11-26 15:01:30,184 - INFO - FullGPUEarlyStop complete: best=42080.00, improvement=89.41%, gens=31/4009, stopped=hit_optimal, H2D=0.19MB, D2H=0.00MB, kernels=3
2025-11-26 15:01:30,184 - INFO -       → Completed in 2.34s | Cost: 42080 (gap: 0.00%) | Generations: 31/4009
2025-11-26 15:01:30,184 - INFO -     Run 24/26 (new #2/4, seed=1675221401)...
2025-11-26 15:01:30,185 - INFO - FullGPUEarlyStop: Launching kernel (max=4009 gens, optimal=42080.0, patience=25)
2025-11-26 15:01:32,818 - INFO - FullGPUEarlyStop complete: best=42080.00, improvement=89.41%, gens=35/4009, stopped=hit_optimal, H2D=0.19MB, D2H=0.00MB, kernels=3
2025-11-26 15:01:32,818 - INFO -       → Completed in 2.63s | Cost: 42080 (gap: 0.00%) | Generations: 35/4009
2025-11-26 15:01:32,818 - INFO -     Run 25/26 (new #3/4, seed=555623078)...
2025-11-26 15:01:32,819 - INFO - FullGPUEarlyStop: Launching kernel (max=4009 gens, optimal=42080.0, patience=25)
2025-11-26 15:01:35,146 - INFO - FullGPUEarlyStop complete: best=42080.00, improvement=89.41%, gens=31/4009, stopped=hit_optimal, H2D=0.19MB, D2H=0.00MB, kernels=3
2025-11-26 15:01:35,146 - INFO -       → Completed in 2.33s | Cost: 42080 (gap: 0.00%) | Generations: 31/4009
2025-11-26 15:01:35,146 - INFO -     Run 26/26 (new #4/4, seed=1549603142)...
2025-11-26 15:01:35,147 - INFO - FullGPUEarlyStop: Launching kernel (max=4009 gens, optimal=42080.0, patience=25)
2025-11-26 15:01:37,786 - INFO - FullGPUEarlyStop complete: best=42080.00, improvement=89.41%, gens=34/4009, stopped=hit_optimal, H2D=0.19MB, D2H=0.00MB, kernels=3
2025-11-26 15:01:37,786 - INFO -       → Completed in 2.64s | Cost: 42080 (gap: 0.00%) | Generations: 34/4009
2025-11-26 15:01:37,787 - INFO - 
    ✓ FullGPU INCREMENTAL summary for u159 (26 total runs): Cost=42094±44.0 | Gap=0.03%±0.10% | Time=3.99s±0.80s
2025-11-26 15:01:37,830 - INFO -     ✓ Checkpoint saved: u159_FullGPU.json
2025-11-26 15:01:37,878 - INFO - 
────────────────────────────────────────────────────────────────────────────────
2025-11-26 15:01:37,878 - INFO - STATISTICS FOR u159
2025-11-26 15:01:37,878 - INFO - ────────────────────────────────────────────────────────────────────────────────
2025-11-26 15:01:37,878 - INFO - 
Statistical Analysis: u159
2025-11-26 15:01:37,878 - INFO - --------------------------------------------------------------------------------
2025-11-26 15:01:37,881 - INFO - Friedman Test (k=3 algorithms):
2025-11-26 15:01:37,881 - INFO -   Statistic: 38.1165
2025-11-26 15:01:37,882 - INFO -   p-value: 0.000000
2025-11-26 15:01:37,882 - INFO -   Significant: True
2025-11-26 15:01:37,889 - INFO - 
Nemenyi Post-Hoc Test:
2025-11-26 15:01:37,898 - INFO -   Critical distance: 0.9193
2025-11-26 15:01:37,898 - INFO -   Mean ranks:
2025-11-26 15:01:37,898 - INFO -     HybridNaive: 2.56
2025-11-26 15:01:37,898 - INFO -     HybridOptimized: 2.42
2025-11-26 15:01:37,898 - INFO -     FullGPU: 1.02
2025-11-26 15:01:37,898 - INFO - 
  Significant pairwise differences:
2025-11-26 15:01:37,898 - INFO -     HybridNaive vs FullGPU: rank_diff=1.54, p=0.0000
2025-11-26 15:01:37,899 - INFO -     HybridOptimized vs FullGPU: rank_diff=1.40, p=0.0000
2025-11-26 15:01:37,899 - INFO - 
Pairwise Comparisons:
2025-11-26 15:01:37,899 - INFO - Following statistical methodology:
2025-11-26 15:01:37,899 - INFO -   - Normality testing (Shapiro-Wilk)
2025-11-26 15:01:37,899 - INFO -   - Test selection (paired t-test vs Wilcoxon)
2025-11-26 15:01:37,899 - INFO -   - Effect size (Cohen's d)
2025-11-26 15:01:37,899 - INFO -   - 95% Confidence Intervals
2025-11-26 15:01:37,899 - INFO -   - Holm-Bonferroni multiple comparison correction

2025-11-26 15:01:37,901 - INFO -   HybridNaive vs HybridOptimized:
2025-11-26 15:01:37,901 - INFO -     Normality (Shapiro-Wilk):
2025-11-26 15:01:37,901 - INFO -       HybridNaive: p=0.0000 (non-normal)
2025-11-26 15:01:37,901 - INFO -       HybridOptimized: p=0.0007 (non-normal)
2025-11-26 15:01:37,901 - INFO -     Test selected: wilcoxon_signed_rank
2025-11-26 15:01:37,901 - INFO -     Mean difference: 41.00
2025-11-26 15:01:37,901 - INFO -     95% CI difference: [-27.10, 109.10]
2025-11-26 15:01:37,901 - INFO -     p-value (uncorrected): 0.182314
2025-11-26 15:01:37,901 - INFO -     Cohen's d: 0.3212
2025-11-26 15:01:37,901 - INFO -     Effect size interpretation: small
2025-11-26 15:01:37,903 - INFO -   HybridNaive vs FullGPU:
2025-11-26 15:01:37,903 - INFO -     Normality (Shapiro-Wilk):
2025-11-26 15:01:37,903 - INFO -       HybridNaive: p=0.0000 (non-normal)
2025-11-26 15:01:37,903 - INFO -       FullGPU: p=0.0000 (non-normal)
2025-11-26 15:01:37,903 - INFO -     Test selected: wilcoxon_signed_rank
2025-11-26 15:01:37,903 - INFO -     Mean difference: 305.62
2025-11-26 15:01:37,903 - INFO -     95% CI difference: [257.21, 354.02]
2025-11-26 15:01:37,903 - INFO -     p-value (uncorrected): 0.000012
2025-11-26 15:01:37,903 - INFO -     Cohen's d: 3.3868
2025-11-26 15:01:37,903 - INFO -     Effect size interpretation: large
2025-11-26 15:01:37,905 - INFO -   HybridOptimized vs FullGPU:
2025-11-26 15:01:37,905 - INFO -     Normality (Shapiro-Wilk):
2025-11-26 15:01:37,905 - INFO -       HybridOptimized: p=0.0007 (non-normal)
2025-11-26 15:01:37,905 - INFO -       FullGPU: p=0.0000 (non-normal)
2025-11-26 15:01:37,905 - INFO -     Test selected: wilcoxon_signed_rank
2025-11-26 15:01:37,905 - INFO -     Mean difference: 264.62
2025-11-26 15:01:37,905 - INFO -     95% CI difference: [206.37, 322.86]
2025-11-26 15:01:37,905 - INFO -     p-value (uncorrected): 0.000008
2025-11-26 15:01:37,905 - INFO -     Cohen's d: 2.6237
2025-11-26 15:01:37,905 - INFO -     Effect size interpretation: large
2025-11-26 15:01:37,905 - INFO - 
  Multiple Comparison Correction (Holm-Bonferroni, α=0.05):
2025-11-26 15:01:37,906 - INFO -     HybridNaive vs HybridOptimized:
2025-11-26 15:01:37,906 - INFO -       Original p-value: 0.182314
2025-11-26 15:01:37,906 - INFO -       Adjusted p-value: 0.182314
2025-11-26 15:01:37,906 - INFO -       Significant (after correction): False
2025-11-26 15:01:37,906 - INFO -     HybridNaive vs FullGPU:
2025-11-26 15:01:37,906 - INFO -       Original p-value: 0.000012
2025-11-26 15:01:37,906 - INFO -       Adjusted p-value: 0.000025
2025-11-26 15:01:37,906 - INFO -       Significant (after correction): True
2025-11-26 15:01:37,906 - INFO -     HybridOptimized vs FullGPU:
2025-11-26 15:01:37,906 - INFO -       Original p-value: 0.000008
2025-11-26 15:01:37,906 - INFO -       Adjusted p-value: 0.000025
2025-11-26 15:01:37,906 - INFO -       Significant (after correction): True
2025-11-26 15:01:37,906 - INFO - 
Summary: u159 (optimal=42080.0)
2025-11-26 15:01:37,906 - INFO - --------------------------------------------------------------------------------
2025-11-26 15:01:37,906 - INFO - Algorithm            Mean Cost       Gap (%)      Time (s)     H2D (MB)     D2H (MB)    
2025-11-26 15:01:37,906 - INFO - --------------------------------------------------------------------------------
2025-11-26 15:01:37,906 - INFO - HybridNaive          42399.77        0.76         5.26         7.85         3.50        
2025-11-26 15:01:37,906 - INFO - HybridOptimized      42358.77        0.66         0.88         3.23         3.21        
2025-11-26 15:01:37,906 - INFO - FullGPU              42094.15        0.03         3.99         0.20         0.00        
2025-11-26 15:01:37,906 - INFO - 
Speedups (relative to baseline):
2025-11-26 15:01:37,906 - INFO -   HybridNaive: 1.00x (baseline)
2025-11-26 15:01:37,907 - INFO -   HybridOptimized: 6.00x vs HybridNaive
2025-11-26 15:01:37,907 - INFO -   FullGPU: 1.32x vs HybridNaive
2025-11-26 15:01:37,907 - INFO - 
2025-11-26 15:01:37,909 - INFO - ✓ Problem statistics saved: u159_stats.json

2025-11-26 15:01:37,957 - INFO - 
================================================================================
2025-11-26 15:01:37,957 - INFO - PROBLEM 26/38: rat195
2025-11-26 15:01:37,957 - INFO - Size: 195 cities | Optimal: 2323.0
2025-11-26 15:01:37,957 - INFO - ================================================================================
2025-11-26 15:01:37,957 - INFO - Running 3 GPU algorithms only (n>100)

2025-11-26 15:01:37,985 - INFO -   [1/3] HybridNaive (GPU): Resuming: 22/26 runs exist, completing remaining 4
2025-11-26 15:01:37,985 - INFO - GeneticAlgorithmHybridNaive initialized: pop_size=256, mutation_rate=0.02, tournament_k=5, 2opt_iters=10
2025-11-26 15:01:37,986 - INFO - Loaded two_opt_kernel for naive hybrid
2025-11-26 15:01:37,986 - INFO - 
  [HybridNaive] INCREMENTAL MODE: Extending rat195 from 22 to 26 runs
2025-11-26 15:01:37,986 - INFO -     Backend: GPU | Early stopping: patience=27 (adaptive: 2×√195) | New repetitions: 4
2025-11-26 15:01:37,986 - INFO -     Run 23/26 (new #1/4, seed=1146525236)...
2025-11-26 15:01:55,614 - INFO - No improvement for 27 generations. Stopping at generation 60
2025-11-26 15:01:55,614 - INFO - GeneticAlgorithmHybridNaive evolution complete: best=2359.00, improvement=88.12%, H2D=30.23MB, D2H=11.98MB, kernels=153600, stopped=no_improvements
2025-11-26 15:01:55,614 - INFO -       → Completed in 17.63s | Cost: 2359 (gap: 1.55%) | Generations: 60/5446
2025-11-26 15:01:55,614 - INFO -     Run 24/26 (new #2/4, seed=2001291823)...
2025-11-26 15:02:14,927 - INFO - No improvement for 27 generations. Stopping at generation 65
2025-11-26 15:02:14,928 - INFO - GeneticAlgorithmHybridNaive evolution complete: best=2350.00, improvement=88.66%, H2D=32.75MB, D2H=12.98MB, kernels=166400, stopped=no_improvements
2025-11-26 15:02:14,928 - INFO -       → Completed in 19.31s | Cost: 2350 (gap: 1.16%) | Generations: 65/5446
2025-11-26 15:02:14,928 - INFO -     Run 25/26 (new #3/4, seed=1253226699)...
2025-11-26 15:02:23,031 - INFO - Near-optimal solution reached at generation 27 (cost=2345.00, optimal=2323.00, gap=0.95%)
2025-11-26 15:02:23,031 - INFO - GeneticAlgorithmHybridNaive evolution complete: best=2345.00, improvement=88.74%, H2D=13.60MB, D2H=5.39MB, kernels=69120, stopped=hit_optimal
2025-11-26 15:02:23,031 - INFO -       → Completed in 8.10s | Cost: 2345 (gap: 0.95%) | Generations: 27/5446
2025-11-26 15:02:23,031 - INFO -     Run 26/26 (new #4/4, seed=1506114043)...
2025-11-26 15:02:48,652 - INFO - No improvement for 27 generations. Stopping at generation 87
2025-11-26 15:02:48,652 - INFO - GeneticAlgorithmHybridNaive evolution complete: best=2370.00, improvement=88.45%, H2D=43.84MB, D2H=17.37MB, kernels=222720, stopped=no_improvements
2025-11-26 15:02:48,653 - INFO -       → Completed in 25.62s | Cost: 2370 (gap: 2.02%) | Generations: 87/5446
2025-11-26 15:02:48,653 - INFO - 
    ✓ HybridNaive INCREMENTAL summary for rat195 (26 total runs): Cost=2347±7.1 | Gap=1.05%±0.31% | Time=14.56s±8.15s
2025-11-26 15:02:48,696 - INFO -     ✓ Checkpoint saved: rat195_HybridNaive.json
2025-11-26 15:02:48,744 - INFO -   [2/3] HybridOptimized (GPU): Resuming: 22/26 runs exist, completing remaining 4
2025-11-26 15:02:48,744 - INFO - GeneticAlgorithmHybridOptimized initialized: pop_size=256, mutation_rate=0.02, tournament_k=5, 2opt_iters=10
2025-11-26 15:02:48,745 - INFO - Loaded batch kernels: two_opt_batch, cost_calculator
2025-11-26 15:02:48,745 - INFO - 
  [HybridOptimized] INCREMENTAL MODE: Extending rat195 from 22 to 26 runs
2025-11-26 15:02:48,745 - INFO -     Backend: GPU | Early stopping: patience=27 (adaptive: 2×√195) | New repetitions: 4
2025-11-26 15:02:48,745 - INFO -     Run 23/26 (new #1/4, seed=747370443)...
2025-11-26 15:02:50,800 - INFO - Near-optimal solution reached at generation 41 (cost=2346.00, optimal=2323.00, gap=0.99%)
2025-11-26 15:02:50,800 - INFO - GeneticAlgorithmHybridOptimized evolution complete: best=2346.00, improvement=88.18%, H2D=8.49MB, D2H=8.27MB, kernels=451, stopped=hit_optimal
2025-11-26 15:02:50,800 - INFO -       → Completed in 2.06s | Cost: 2346 (gap: 0.99%) | Generations: 41/5446
2025-11-26 15:02:50,801 - INFO -     Run 24/26 (new #2/4, seed=1164264446)...
2025-11-26 15:02:54,283 - INFO - No improvement for 27 generations. Stopping at generation 70
2025-11-26 15:02:54,283 - INFO - GeneticAlgorithmHybridOptimized evolution complete: best=2349.00, improvement=88.56%, H2D=13.98MB, D2H=14.12MB, kernels=770, stopped=no_improvements
2025-11-26 15:02:54,283 - INFO -       → Completed in 3.48s | Cost: 2349 (gap: 1.12%) | Generations: 70/5446
2025-11-26 15:02:54,284 - INFO -     Run 25/26 (new #3/4, seed=717696336)...
2025-11-26 15:02:55,757 - INFO - Near-optimal solution reached at generation 29 (cost=2346.00, optimal=2323.00, gap=0.99%)
2025-11-26 15:02:55,757 - INFO - GeneticAlgorithmHybridOptimized evolution complete: best=2346.00, improvement=88.75%, H2D=5.79MB, D2H=5.85MB, kernels=319, stopped=hit_optimal
2025-11-26 15:02:55,757 - INFO -       → Completed in 1.47s | Cost: 2346 (gap: 0.99%) | Generations: 29/5446
2025-11-26 15:02:55,757 - INFO -     Run 26/26 (new #4/4, seed=424883656)...
2025-11-26 15:02:59,172 - INFO - No improvement for 27 generations. Stopping at generation 68
2025-11-26 15:02:59,173 - INFO - GeneticAlgorithmHybridOptimized evolution complete: best=2363.00, improvement=88.22%, H2D=13.58MB, D2H=13.72MB, kernels=748, stopped=no_improvements
2025-11-26 15:02:59,173 - INFO -       → Completed in 3.42s | Cost: 2363 (gap: 1.72%) | Generations: 68/5446
2025-11-26 15:02:59,174 - INFO - 
    ✓ HybridOptimized INCREMENTAL summary for rat195 (26 total runs): Cost=2349±8.9 | Gap=1.11%±0.39% | Time=2.89s±1.43s
2025-11-26 15:02:59,216 - INFO -     ✓ Checkpoint saved: rat195_HybridOptimized.json
2025-11-26 15:02:59,264 - INFO -   [3/3] FullGPU (GPU): Resuming: 22/26 runs exist, completing remaining 4
2025-11-26 15:02:59,264 - INFO - GeneticAlgorithmFullGPUEarlyStop initialized: pop_size=256, mutation_rate=0.02, tournament_k=5, 2opt_iters=10
2025-11-26 15:02:59,265 - INFO - Loaded Fujimoto GA kernel with early stopping support
2025-11-26 15:02:59,265 - INFO - 
  [FullGPU] INCREMENTAL MODE: Extending rat195 from 22 to 26 runs
2025-11-26 15:02:59,265 - INFO -     Backend: GPU | Early stopping: patience=27 (adaptive: 2×√195) | New repetitions: 4
2025-11-26 15:02:59,265 - INFO -     Run 23/26 (new #1/4, seed=157533558)...
2025-11-26 15:02:59,266 - INFO - FullGPUEarlyStop: Launching kernel (max=5446 gens, optimal=2323.0, patience=27)
2025-11-26 15:03:06,464 - INFO - FullGPUEarlyStop complete: best=2386.00, improvement=88.57%, gens=63/5446, stopped=no_improvements, H2D=0.29MB, D2H=0.00MB, kernels=3
2025-11-26 15:03:06,464 - INFO -       → Completed in 7.20s | Cost: 2386 (gap: 2.71%) | Generations: 63/5446
2025-11-26 15:03:06,464 - INFO -     Run 24/26 (new #2/4, seed=784979097)...
2025-11-26 15:03:06,465 - INFO - FullGPUEarlyStop: Launching kernel (max=5446 gens, optimal=2323.0, patience=27)
2025-11-26 15:03:11,485 - INFO - FullGPUEarlyStop complete: best=2380.00, improvement=88.60%, gens=44/5446, stopped=no_improvements, H2D=0.29MB, D2H=0.00MB, kernels=3
2025-11-26 15:03:11,485 - INFO -       → Completed in 5.02s | Cost: 2380 (gap: 2.45%) | Generations: 44/5446
2025-11-26 15:03:11,485 - INFO -     Run 25/26 (new #3/4, seed=1907384809)...
2025-11-26 15:03:11,486 - INFO - FullGPUEarlyStop: Launching kernel (max=5446 gens, optimal=2323.0, patience=27)
2025-11-26 15:03:16,127 - INFO - FullGPUEarlyStop complete: best=2361.00, improvement=88.69%, gens=41/5446, stopped=no_improvements, H2D=0.29MB, D2H=0.00MB, kernels=3
2025-11-26 15:03:16,127 - INFO -       → Completed in 4.64s | Cost: 2361 (gap: 1.64%) | Generations: 41/5446
2025-11-26 15:03:16,127 - INFO -     Run 26/26 (new #4/4, seed=1931923072)...
2025-11-26 15:03:16,128 - INFO - FullGPUEarlyStop: Launching kernel (max=5446 gens, optimal=2323.0, patience=27)
2025-11-26 15:03:26,738 - INFO - FullGPUEarlyStop complete: best=2368.00, improvement=88.66%, gens=94/5446, stopped=no_improvements, H2D=0.29MB, D2H=0.00MB, kernels=3
2025-11-26 15:03:26,738 - INFO -       → Completed in 10.61s | Cost: 2368 (gap: 1.94%) | Generations: 94/5446
2025-11-26 15:03:26,739 - INFO - 
    ✓ FullGPU INCREMENTAL summary for rat195 (26 total runs): Cost=2374±9.0 | Gap=2.17%±0.39% | Time=11.59s±4.53s
2025-11-26 15:03:26,782 - INFO -     ✓ Checkpoint saved: rat195_FullGPU.json
2025-11-26 15:03:26,829 - INFO - 
────────────────────────────────────────────────────────────────────────────────
2025-11-26 15:03:26,829 - INFO - STATISTICS FOR rat195
2025-11-26 15:03:26,829 - INFO - ────────────────────────────────────────────────────────────────────────────────
2025-11-26 15:03:26,829 - INFO - 
Statistical Analysis: rat195
2025-11-26 15:03:26,829 - INFO - --------------------------------------------------------------------------------
2025-11-26 15:03:26,833 - INFO - Friedman Test (k=3 algorithms):
2025-11-26 15:03:26,833 - INFO -   Statistic: 36.4854
2025-11-26 15:03:26,833 - INFO -   p-value: 0.000000
2025-11-26 15:03:26,833 - INFO -   Significant: True
2025-11-26 15:03:26,841 - INFO - 
Nemenyi Post-Hoc Test:
2025-11-26 15:03:26,850 - INFO -   Critical distance: 0.9193
2025-11-26 15:03:26,850 - INFO -   Mean ranks:
2025-11-26 15:03:26,850 - INFO -     HybridNaive: 1.48
2025-11-26 15:03:26,850 - INFO -     HybridOptimized: 1.56
2025-11-26 15:03:26,850 - INFO -     FullGPU: 2.96
2025-11-26 15:03:26,850 - INFO - 
  Significant pairwise differences:
2025-11-26 15:03:26,850 - INFO -     HybridNaive vs FullGPU: rank_diff=1.48, p=0.0000
2025-11-26 15:03:26,850 - INFO -     HybridOptimized vs FullGPU: rank_diff=1.40, p=0.0000
2025-11-26 15:03:26,850 - INFO - 
Pairwise Comparisons:
2025-11-26 15:03:26,850 - INFO - Following statistical methodology:
2025-11-26 15:03:26,850 - INFO -   - Normality testing (Shapiro-Wilk)
2025-11-26 15:03:26,850 - INFO -   - Test selection (paired t-test vs Wilcoxon)
2025-11-26 15:03:26,850 - INFO -   - Effect size (Cohen's d)
2025-11-26 15:03:26,850 - INFO -   - 95% Confidence Intervals
2025-11-26 15:03:26,850 - INFO -   - Holm-Bonferroni multiple comparison correction

2025-11-26 15:03:26,853 - INFO -   HybridNaive vs HybridOptimized:
2025-11-26 15:03:26,853 - INFO -     Normality (Shapiro-Wilk):
2025-11-26 15:03:26,853 - INFO -       HybridNaive: p=0.0001 (non-normal)
2025-11-26 15:03:26,853 - INFO -       HybridOptimized: p=0.0002 (non-normal)
2025-11-26 15:03:26,853 - INFO -     Test selected: wilcoxon_signed_rank
2025-11-26 15:03:26,853 - INFO -     Mean difference: -1.58
2025-11-26 15:03:26,853 - INFO -     95% CI difference: [-5.80, 2.65]
2025-11-26 15:03:26,853 - INFO -     p-value (uncorrected): 0.562077
2025-11-26 15:03:26,853 - INFO -     Cohen's d: -0.1914
2025-11-26 15:03:26,853 - INFO -     Effect size interpretation: negligible
2025-11-26 15:03:26,856 - INFO -   HybridNaive vs FullGPU:
2025-11-26 15:03:26,856 - INFO -     Normality (Shapiro-Wilk):
2025-11-26 15:03:26,856 - INFO -       HybridNaive: p=0.0001 (non-normal)
2025-11-26 15:03:26,856 - INFO -       FullGPU: p=0.1391 (normal)
2025-11-26 15:03:26,856 - INFO -     Test selected: wilcoxon_signed_rank
2025-11-26 15:03:26,856 - INFO -     Mean difference: -26.19
2025-11-26 15:03:26,856 - INFO -     95% CI difference: [-30.59, -21.79]
2025-11-26 15:03:26,856 - INFO -     p-value (uncorrected): 0.000009
2025-11-26 15:03:26,856 - INFO -     Cohen's d: -3.1614
2025-11-26 15:03:26,857 - INFO -     Effect size interpretation: large
2025-11-26 15:03:26,859 - INFO -   HybridOptimized vs FullGPU:
2025-11-26 15:03:26,859 - INFO -     Normality (Shapiro-Wilk):
2025-11-26 15:03:26,859 - INFO -       HybridOptimized: p=0.0002 (non-normal)
2025-11-26 15:03:26,859 - INFO -       FullGPU: p=0.1391 (normal)
2025-11-26 15:03:26,859 - INFO -     Test selected: wilcoxon_signed_rank
2025-11-26 15:03:26,859 - INFO -     Mean difference: -24.62
2025-11-26 15:03:26,859 - INFO -     95% CI difference: [-28.77, -20.46]
2025-11-26 15:03:26,860 - INFO -     p-value (uncorrected): 0.000008
2025-11-26 15:03:26,860 - INFO -     Cohen's d: -2.6848
2025-11-26 15:03:26,860 - INFO -     Effect size interpretation: large
2025-11-26 15:03:26,860 - INFO - 
  Multiple Comparison Correction (Holm-Bonferroni, α=0.05):
2025-11-26 15:03:26,860 - INFO -     HybridNaive vs HybridOptimized:
2025-11-26 15:03:26,860 - INFO -       Original p-value: 0.562077
2025-11-26 15:03:26,860 - INFO -       Adjusted p-value: 0.562077
2025-11-26 15:03:26,860 - INFO -       Significant (after correction): False
2025-11-26 15:03:26,860 - INFO -     HybridNaive vs FullGPU:
2025-11-26 15:03:26,860 - INFO -       Original p-value: 0.000009
2025-11-26 15:03:26,860 - INFO -       Adjusted p-value: 0.000025
2025-11-26 15:03:26,860 - INFO -       Significant (after correction): True
2025-11-26 15:03:26,860 - INFO -     HybridOptimized vs FullGPU:
2025-11-26 15:03:26,860 - INFO -       Original p-value: 0.000008
2025-11-26 15:03:26,860 - INFO -       Adjusted p-value: 0.000025
2025-11-26 15:03:26,860 - INFO -       Significant (after correction): True
2025-11-26 15:03:26,861 - INFO - 
Summary: rat195 (optimal=2323.0)
2025-11-26 15:03:26,861 - INFO - --------------------------------------------------------------------------------
2025-11-26 15:03:26,861 - INFO - Algorithm            Mean Cost       Gap (%)      Time (s)     H2D (MB)     D2H (MB)    
2025-11-26 15:03:26,861 - INFO - --------------------------------------------------------------------------------
2025-11-26 15:03:26,861 - INFO - HybridNaive          2347.31         1.05         14.56        30.11        11.93       
2025-11-26 15:03:26,861 - INFO - HybridOptimized      2348.88         1.11         2.89         10.46        10.49       
2025-11-26 15:03:26,861 - INFO - FullGPU              2373.50         2.17         11.59        0.30         0.00        
2025-11-26 15:03:26,861 - INFO - 
Speedups (relative to baseline):
2025-11-26 15:03:26,861 - INFO -   HybridNaive: 1.00x (baseline)
2025-11-26 15:03:26,861 - INFO -   HybridOptimized: 5.05x vs HybridNaive
2025-11-26 15:03:26,861 - INFO -   FullGPU: 1.26x vs HybridNaive
2025-11-26 15:03:26,861 - INFO - 
2025-11-26 15:03:26,864 - INFO - ✓ Problem statistics saved: rat195_stats.json

2025-11-26 15:03:26,912 - INFO - 
================================================================================
2025-11-26 15:03:26,913 - INFO - PROBLEM 27/38: d198
2025-11-26 15:03:26,913 - INFO - Size: 198 cities | Optimal: 15780.0
2025-11-26 15:03:26,913 - INFO - ================================================================================
2025-11-26 15:03:26,913 - INFO - Running 3 GPU algorithms only (n>100)

2025-11-26 15:03:26,943 - INFO -   [1/3] HybridNaive (GPU): Resuming: 22/26 runs exist, completing remaining 4
2025-11-26 15:03:26,943 - INFO - GeneticAlgorithmHybridNaive initialized: pop_size=256, mutation_rate=0.02, tournament_k=5, 2opt_iters=10
2025-11-26 15:03:26,943 - INFO - Loaded two_opt_kernel for naive hybrid
2025-11-26 15:03:26,943 - INFO - 
  [HybridNaive] INCREMENTAL MODE: Extending d198 from 22 to 26 runs
2025-11-26 15:03:26,943 - INFO -     Backend: GPU | Early stopping: patience=28 (adaptive: 2×√198) | New repetitions: 4
2025-11-26 15:03:26,944 - INFO -     Run 23/26 (new #1/4, seed=780581063)...
2025-11-26 15:03:35,109 - INFO - Near-optimal solution reached at generation 27 (cost=15923.00, optimal=15780.00, gap=0.91%)
2025-11-26 15:03:35,109 - INFO - GeneticAlgorithmHybridNaive evolution complete: best=15923.00, improvement=90.60%, H2D=13.94MB, D2H=5.47MB, kernels=69120, stopped=hit_optimal
2025-11-26 15:03:35,109 - INFO -       → Completed in 8.17s | Cost: 15923 (gap: 0.91%) | Generations: 27/5572
2025-11-26 15:03:35,109 - INFO -     Run 24/26 (new #2/4, seed=572578916)...
2025-11-26 15:03:42,696 - INFO - Near-optimal solution reached at generation 25 (cost=15934.00, optimal=15780.00, gap=0.98%)
2025-11-26 15:03:42,696 - INFO - GeneticAlgorithmHybridNaive evolution complete: best=15934.00, improvement=90.60%, H2D=12.91MB, D2H=5.07MB, kernels=64000, stopped=hit_optimal
2025-11-26 15:03:42,696 - INFO -       → Completed in 7.59s | Cost: 15934 (gap: 0.98%) | Generations: 25/5572
2025-11-26 15:03:42,696 - INFO -     Run 25/26 (new #3/4, seed=1166295368)...
2025-11-26 15:03:52,370 - INFO - Near-optimal solution reached at generation 32 (cost=15925.00, optimal=15780.00, gap=0.92%)
2025-11-26 15:03:52,370 - INFO - GeneticAlgorithmHybridNaive evolution complete: best=15925.00, improvement=90.55%, H2D=16.52MB, D2H=6.49MB, kernels=81920, stopped=hit_optimal
2025-11-26 15:03:52,370 - INFO -       → Completed in 9.67s | Cost: 15925 (gap: 0.92%) | Generations: 32/5572
2025-11-26 15:03:52,370 - INFO -     Run 26/26 (new #4/4, seed=1050171091)...
2025-11-26 15:03:59,936 - INFO - Near-optimal solution reached at generation 25 (cost=15930.00, optimal=15780.00, gap=0.95%)
2025-11-26 15:03:59,936 - INFO - GeneticAlgorithmHybridNaive evolution complete: best=15930.00, improvement=90.05%, H2D=12.91MB, D2H=5.07MB, kernels=64000, stopped=hit_optimal
2025-11-26 15:03:59,936 - INFO -       → Completed in 7.57s | Cost: 15930 (gap: 0.95%) | Generations: 25/5572
2025-11-26 15:03:59,937 - INFO - 
    ✓ HybridNaive INCREMENTAL summary for d198 (26 total runs): Cost=15913±17.2 | Gap=0.85%±0.11% | Time=8.07s±0.71s
2025-11-26 15:03:59,946 - INFO -     ✓ Checkpoint saved: d198_HybridNaive.json
2025-11-26 15:03:59,995 - INFO -   [2/3] HybridOptimized (GPU): Resuming: 22/26 runs exist, completing remaining 4
2025-11-26 15:03:59,995 - INFO - GeneticAlgorithmHybridOptimized initialized: pop_size=256, mutation_rate=0.02, tournament_k=5, 2opt_iters=10
2025-11-26 15:03:59,995 - INFO - Loaded batch kernels: two_opt_batch, cost_calculator
2025-11-26 15:03:59,995 - INFO - 
  [HybridOptimized] INCREMENTAL MODE: Extending d198 from 22 to 26 runs
2025-11-26 15:03:59,995 - INFO -     Backend: GPU | Early stopping: patience=28 (adaptive: 2×√198) | New repetitions: 4
2025-11-26 15:03:59,995 - INFO -     Run 23/26 (new #1/4, seed=1076859562)...
2025-11-26 15:04:01,317 - INFO - Near-optimal solution reached at generation 25 (cost=15911.00, optimal=15780.00, gap=0.83%)
2025-11-26 15:04:01,317 - INFO - GeneticAlgorithmHybridOptimized evolution complete: best=15911.00, improvement=90.61%, H2D=5.38MB, D2H=5.12MB, kernels=275, stopped=hit_optimal
2025-11-26 15:04:01,317 - INFO -       → Completed in 1.32s | Cost: 15911 (gap: 0.83%) | Generations: 25/5572
2025-11-26 15:04:01,317 - INFO -     Run 24/26 (new #2/4, seed=460874412)...
2025-11-26 15:04:02,839 - INFO - Near-optimal solution reached at generation 25 (cost=15908.00, optimal=15780.00, gap=0.81%)
2025-11-26 15:04:02,839 - INFO - GeneticAlgorithmHybridOptimized evolution complete: best=15908.00, improvement=90.54%, H2D=5.07MB, D2H=5.12MB, kernels=275, stopped=hit_optimal
2025-11-26 15:04:02,839 - INFO -       → Completed in 1.52s | Cost: 15908 (gap: 0.81%) | Generations: 25/5572
2025-11-26 15:04:02,839 - INFO -     Run 25/26 (new #3/4, seed=337465462)...
2025-11-26 15:04:04,089 - INFO - Near-optimal solution reached at generation 24 (cost=15902.00, optimal=15780.00, gap=0.77%)
2025-11-26 15:04:04,089 - INFO - GeneticAlgorithmHybridOptimized evolution complete: best=15902.00, improvement=90.57%, H2D=4.87MB, D2H=4.92MB, kernels=264, stopped=hit_optimal
2025-11-26 15:04:04,090 - INFO -       → Completed in 1.25s | Cost: 15902 (gap: 0.77%) | Generations: 24/5572
2025-11-26 15:04:04,090 - INFO -     Run 26/26 (new #4/4, seed=1662502571)...
2025-11-26 15:04:05,407 - INFO - Near-optimal solution reached at generation 25 (cost=15874.00, optimal=15780.00, gap=0.60%)
2025-11-26 15:04:05,407 - INFO - GeneticAlgorithmHybridOptimized evolution complete: best=15874.00, improvement=90.49%, H2D=5.07MB, D2H=5.12MB, kernels=275, stopped=hit_optimal
2025-11-26 15:04:05,407 - INFO -       → Completed in 1.32s | Cost: 15874 (gap: 0.60%) | Generations: 25/5572
2025-11-26 15:04:05,408 - INFO - 
    ✓ HybridOptimized INCREMENTAL summary for d198 (26 total runs): Cost=15914±23.9 | Gap=0.85%±0.15% | Time=1.52s±0.54s
2025-11-26 15:04:05,417 - INFO -     ✓ Checkpoint saved: d198_HybridOptimized.json
2025-11-26 15:04:05,465 - INFO -   [3/3] FullGPU (GPU): Resuming: 22/26 runs exist, completing remaining 4
2025-11-26 15:04:05,466 - INFO - GeneticAlgorithmFullGPUEarlyStop initialized: pop_size=256, mutation_rate=0.02, tournament_k=5, 2opt_iters=10
2025-11-26 15:04:05,466 - INFO - Loaded Fujimoto GA kernel with early stopping support
2025-11-26 15:04:05,466 - INFO - 
  [FullGPU] INCREMENTAL MODE: Extending d198 from 22 to 26 runs
2025-11-26 15:04:05,466 - INFO -     Backend: GPU | Early stopping: patience=28 (adaptive: 2×√198) | New repetitions: 4
2025-11-26 15:04:05,466 - INFO -     Run 23/26 (new #1/4, seed=1945896917)...
2025-11-26 15:04:05,467 - INFO - FullGPUEarlyStop: Launching kernel (max=5572 gens, optimal=15780.0, patience=28)
2025-11-26 15:04:18,259 - INFO - FullGPUEarlyStop complete: best=15894.00, improvement=90.84%, gens=98/5572, stopped=hit_optimal, H2D=0.30MB, D2H=0.00MB, kernels=3
2025-11-26 15:04:18,259 - INFO -       → Completed in 12.79s | Cost: 15894 (gap: 0.72%) | Generations: 98/5572
2025-11-26 15:04:18,259 - INFO -     Run 24/26 (new #2/4, seed=786882443)...
2025-11-26 15:04:18,260 - INFO - FullGPUEarlyStop: Launching kernel (max=5572 gens, optimal=15780.0, patience=28)
2025-11-26 15:04:24,157 - INFO - FullGPUEarlyStop complete: best=15904.00, improvement=90.84%, gens=45/5572, stopped=hit_optimal, H2D=0.30MB, D2H=0.00MB, kernels=3
2025-11-26 15:04:24,157 - INFO -       → Completed in 5.90s | Cost: 15904 (gap: 0.79%) | Generations: 45/5572
2025-11-26 15:04:24,157 - INFO -     Run 25/26 (new #3/4, seed=1069250092)...
2025-11-26 15:04:24,158 - INFO - FullGPUEarlyStop: Launching kernel (max=5572 gens, optimal=15780.0, patience=28)
2025-11-26 15:04:35,976 - INFO - FullGPUEarlyStop complete: best=15941.00, improvement=90.83%, gens=91/5572, stopped=no_improvements, H2D=0.30MB, D2H=0.00MB, kernels=3
2025-11-26 15:04:35,976 - INFO -       → Completed in 11.82s | Cost: 15941 (gap: 1.02%) | Generations: 91/5572
2025-11-26 15:04:35,977 - INFO -     Run 26/26 (new #4/4, seed=120021087)...
2025-11-26 15:04:35,977 - INFO - FullGPUEarlyStop: Launching kernel (max=5572 gens, optimal=15780.0, patience=28)
2025-11-26 15:04:45,826 - INFO - FullGPUEarlyStop complete: best=15882.00, improvement=90.87%, gens=75/5572, stopped=hit_optimal, H2D=0.30MB, D2H=0.00MB, kernels=3
2025-11-26 15:04:45,826 - INFO -       → Completed in 9.85s | Cost: 15882 (gap: 0.65%) | Generations: 75/5572
2025-11-26 15:04:45,827 - INFO - 
    ✓ FullGPU INCREMENTAL summary for d198 (26 total runs): Cost=15916±26.4 | Gap=0.87%±0.17% | Time=12.38s±4.17s
2025-11-26 15:04:45,837 - INFO -     ✓ Checkpoint saved: d198_FullGPU.json
2025-11-26 15:04:45,888 - INFO - 
────────────────────────────────────────────────────────────────────────────────
2025-11-26 15:04:45,888 - INFO - STATISTICS FOR d198
2025-11-26 15:04:45,888 - INFO - ────────────────────────────────────────────────────────────────────────────────
2025-11-26 15:04:45,888 - INFO - 
Statistical Analysis: d198
2025-11-26 15:04:45,888 - INFO - --------------------------------------------------------------------------------
2025-11-26 15:04:45,892 - INFO - Friedman Test (k=3 algorithms):
2025-11-26 15:04:45,892 - INFO -   Statistic: 0.0583
2025-11-26 15:04:45,892 - INFO -   p-value: 0.971294
2025-11-26 15:04:45,892 - INFO -   Significant: False
2025-11-26 15:04:45,899 - INFO - 
Pairwise Comparisons:
2025-11-26 15:04:45,899 - INFO - Following statistical methodology:
2025-11-26 15:04:45,900 - INFO -   - Normality testing (Shapiro-Wilk)
2025-11-26 15:04:45,900 - INFO -   - Test selection (paired t-test vs Wilcoxon)
2025-11-26 15:04:45,900 - INFO -   - Effect size (Cohen's d)
2025-11-26 15:04:45,900 - INFO -   - 95% Confidence Intervals
2025-11-26 15:04:45,900 - INFO -   - Holm-Bonferroni multiple comparison correction

2025-11-26 15:04:45,902 - INFO -   HybridNaive vs HybridOptimized:
2025-11-26 15:04:45,902 - INFO -     Normality (Shapiro-Wilk):
2025-11-26 15:04:45,902 - INFO -       HybridNaive: p=0.0054 (non-normal)
2025-11-26 15:04:45,902 - INFO -       HybridOptimized: p=0.0242 (non-normal)
2025-11-26 15:04:45,902 - INFO -     Test selected: wilcoxon_signed_rank
2025-11-26 15:04:45,902 - INFO -     Mean difference: -0.73
2025-11-26 15:04:45,902 - INFO -     95% CI difference: [-14.96, 13.50]
2025-11-26 15:04:45,902 - INFO -     p-value (uncorrected): 0.898932
2025-11-26 15:04:45,902 - INFO -     Cohen's d: -0.0344
2025-11-26 15:04:45,902 - INFO -     Effect size interpretation: negligible
2025-11-26 15:04:45,905 - INFO -   HybridNaive vs FullGPU:
2025-11-26 15:04:45,905 - INFO -     Normality (Shapiro-Wilk):
2025-11-26 15:04:45,905 - INFO -       HybridNaive: p=0.0054 (non-normal)
2025-11-26 15:04:45,905 - INFO -       FullGPU: p=0.2845 (normal)
2025-11-26 15:04:45,905 - INFO -     Test selected: wilcoxon_signed_rank
2025-11-26 15:04:45,905 - INFO -     Mean difference: -3.04
2025-11-26 15:04:45,905 - INFO -     95% CI difference: [-16.18, 10.11]
2025-11-26 15:04:45,905 - INFO -     p-value (uncorrected): 0.741228
2025-11-26 15:04:45,905 - INFO -     Cohen's d: -0.1339
2025-11-26 15:04:45,905 - INFO -     Effect size interpretation: negligible
2025-11-26 15:04:45,908 - INFO -   HybridOptimized vs FullGPU:
2025-11-26 15:04:45,908 - INFO -     Normality (Shapiro-Wilk):
2025-11-26 15:04:45,908 - INFO -       HybridOptimized: p=0.0242 (non-normal)
2025-11-26 15:04:45,908 - INFO -       FullGPU: p=0.2845 (normal)
2025-11-26 15:04:45,908 - INFO -     Test selected: wilcoxon_signed_rank
2025-11-26 15:04:45,908 - INFO -     Mean difference: -2.31
2025-11-26 15:04:45,908 - INFO -     95% CI difference: [-15.06, 10.45]
2025-11-26 15:04:45,908 - INFO -     p-value (uncorrected): 0.787811
2025-11-26 15:04:45,908 - INFO -     Cohen's d: -0.0899
2025-11-26 15:04:45,908 - INFO -     Effect size interpretation: negligible
2025-11-26 15:04:45,908 - INFO - 
  Multiple Comparison Correction (Holm-Bonferroni, α=0.05):
2025-11-26 15:04:45,908 - INFO -     HybridNaive vs HybridOptimized:
2025-11-26 15:04:45,909 - INFO -       Original p-value: 0.898932
2025-11-26 15:04:45,909 - INFO -       Adjusted p-value: 1.000000
2025-11-26 15:04:45,909 - INFO -       Significant (after correction): False
2025-11-26 15:04:45,909 - INFO -     HybridNaive vs FullGPU:
2025-11-26 15:04:45,909 - INFO -       Original p-value: 0.741228
2025-11-26 15:04:45,909 - INFO -       Adjusted p-value: 1.000000
2025-11-26 15:04:45,909 - INFO -       Significant (after correction): False
2025-11-26 15:04:45,909 - INFO -     HybridOptimized vs FullGPU:
2025-11-26 15:04:45,909 - INFO -       Original p-value: 0.787811
2025-11-26 15:04:45,909 - INFO -       Adjusted p-value: 1.000000
2025-11-26 15:04:45,909 - INFO -       Significant (after correction): False
2025-11-26 15:04:45,909 - INFO - 
Summary: d198 (optimal=15780.0)
2025-11-26 15:04:45,909 - INFO - --------------------------------------------------------------------------------
2025-11-26 15:04:45,909 - INFO - Algorithm            Mean Cost       Gap (%)      Time (s)     H2D (MB)     D2H (MB)    
2025-11-26 15:04:45,909 - INFO - --------------------------------------------------------------------------------
2025-11-26 15:04:45,909 - INFO - HybridNaive          15913.46        0.85         8.07         14.07        5.52        
2025-11-26 15:04:45,909 - INFO - HybridOptimized      15914.19        0.85         1.52         5.10         5.07        
2025-11-26 15:04:45,910 - INFO - FullGPU              15916.50        0.87         12.38        0.31         0.00        
2025-11-26 15:04:45,910 - INFO - 
Speedups (relative to baseline):
2025-11-26 15:04:45,910 - INFO -   HybridNaive: 1.00x (baseline)
2025-11-26 15:04:45,910 - INFO -   HybridOptimized: 5.31x vs HybridNaive
2025-11-26 15:04:45,910 - INFO -   FullGPU: 0.65x vs HybridNaive
2025-11-26 15:04:45,910 - INFO - 
2025-11-26 15:04:45,913 - INFO - ✓ Problem statistics saved: d198_stats.json

2025-11-26 15:04:45,961 - INFO - 
================================================================================
2025-11-26 15:04:45,961 - INFO - PROBLEM 28/38: kroA200
2025-11-26 15:04:45,961 - INFO - Size: 200 cities | Optimal: 29368.0
2025-11-26 15:04:45,961 - INFO - ================================================================================
2025-11-26 15:04:45,961 - INFO - Running 3 GPU algorithms only (n>100)

2025-11-26 15:04:45,990 - INFO -   [1/3] HybridNaive (GPU): Resuming: 22/26 runs exist, completing remaining 4
2025-11-26 15:04:45,991 - INFO - GeneticAlgorithmHybridNaive initialized: pop_size=256, mutation_rate=0.02, tournament_k=5, 2opt_iters=10
2025-11-26 15:04:45,991 - INFO - Loaded two_opt_kernel for naive hybrid
2025-11-26 15:04:45,991 - INFO - 
  [HybridNaive] INCREMENTAL MODE: Extending kroA200 from 22 to 26 runs
2025-11-26 15:04:45,991 - INFO -     Backend: GPU | Early stopping: patience=28 (adaptive: 2×√200) | New repetitions: 4
2025-11-26 15:04:45,991 - INFO -     Run 23/26 (new #1/4, seed=1723320963)...
2025-11-26 15:04:54,194 - INFO - Near-optimal solution reached at generation 27 (cost=29602.00, optimal=29368.00, gap=0.80%)
2025-11-26 15:04:54,194 - INFO - GeneticAlgorithmHybridNaive evolution complete: best=29602.00, improvement=90.42%, H2D=14.17MB, D2H=5.53MB, kernels=69120, stopped=hit_optimal
2025-11-26 15:04:54,194 - INFO -       → Completed in 8.20s | Cost: 29602 (gap: 0.80%) | Generations: 27/5656
2025-11-26 15:04:54,194 - INFO -     Run 24/26 (new #2/4, seed=135698840)...
2025-11-26 15:05:02,111 - INFO - Near-optimal solution reached at generation 26 (cost=29542.00, optimal=29368.00, gap=0.59%)
2025-11-26 15:05:02,111 - INFO - GeneticAlgorithmHybridNaive evolution complete: best=29542.00, improvement=90.21%, H2D=13.64MB, D2H=5.32MB, kernels=66560, stopped=hit_optimal
2025-11-26 15:05:02,111 - INFO -       → Completed in 7.92s | Cost: 29542 (gap: 0.59%) | Generations: 26/5656
2025-11-26 15:05:02,111 - INFO -     Run 25/26 (new #3/4, seed=2024380060)...
2025-11-26 15:05:10,675 - INFO - Near-optimal solution reached at generation 28 (cost=29527.00, optimal=29368.00, gap=0.54%)
2025-11-26 15:05:10,675 - INFO - GeneticAlgorithmHybridNaive evolution complete: best=29527.00, improvement=90.26%, H2D=14.69MB, D2H=5.73MB, kernels=71680, stopped=hit_optimal
2025-11-26 15:05:10,675 - INFO -       → Completed in 8.56s | Cost: 29527 (gap: 0.54%) | Generations: 28/5656
2025-11-26 15:05:10,676 - INFO -     Run 26/26 (new #4/4, seed=1282378358)...
2025-11-26 15:05:29,009 - INFO - No improvement for 28 generations. Stopping at generation 60
2025-11-26 15:05:29,009 - INFO - GeneticAlgorithmHybridNaive evolution complete: best=29935.00, improvement=90.36%, H2D=31.49MB, D2H=12.29MB, kernels=153600, stopped=no_improvements
2025-11-26 15:05:29,009 - INFO -       → Completed in 18.33s | Cost: 29935 (gap: 1.93%) | Generations: 60/5656
2025-11-26 15:05:29,010 - INFO - 
    ✓ HybridNaive INCREMENTAL summary for kroA200 (26 total runs): Cost=29642±91.2 | Gap=0.93%±0.31% | Time=12.58s±7.61s
2025-11-26 15:05:29,053 - INFO -     ✓ Checkpoint saved: kroA200_HybridNaive.json
2025-11-26 15:05:29,101 - INFO -   [2/3] HybridOptimized (GPU): Resuming: 22/26 runs exist, completing remaining 4
2025-11-26 15:05:29,102 - INFO - GeneticAlgorithmHybridOptimized initialized: pop_size=256, mutation_rate=0.02, tournament_k=5, 2opt_iters=10
2025-11-26 15:05:29,102 - INFO - Loaded batch kernels: two_opt_batch, cost_calculator
2025-11-26 15:05:29,102 - INFO - 
  [HybridOptimized] INCREMENTAL MODE: Extending kroA200 from 22 to 26 runs
2025-11-26 15:05:29,102 - INFO -     Backend: GPU | Early stopping: patience=28 (adaptive: 2×√200) | New repetitions: 4
2025-11-26 15:05:29,102 - INFO -     Run 23/26 (new #1/4, seed=360648281)...
2025-11-26 15:05:30,661 - INFO - Near-optimal solution reached at generation 30 (cost=29645.00, optimal=29368.00, gap=0.94%)
2025-11-26 15:05:30,661 - INFO - GeneticAlgorithmHybridOptimized evolution complete: best=29645.00, improvement=90.41%, H2D=6.46MB, D2H=6.21MB, kernels=330, stopped=hit_optimal
2025-11-26 15:05:30,661 - INFO -       → Completed in 1.56s | Cost: 29645 (gap: 0.94%) | Generations: 30/5656
2025-11-26 15:05:30,661 - INFO -     Run 24/26 (new #2/4, seed=524702707)...
2025-11-26 15:05:32,082 - INFO - Near-optimal solution reached at generation 27 (cost=29652.00, optimal=29368.00, gap=0.97%)
2025-11-26 15:05:32,082 - INFO - GeneticAlgorithmHybridOptimized evolution complete: best=29652.00, improvement=90.36%, H2D=5.53MB, D2H=5.58MB, kernels=297, stopped=hit_optimal
2025-11-26 15:05:32,082 - INFO -       → Completed in 1.42s | Cost: 29652 (gap: 0.97%) | Generations: 27/5656
2025-11-26 15:05:32,082 - INFO -     Run 25/26 (new #3/4, seed=161028985)...
2025-11-26 15:05:35,580 - INFO - No improvement for 28 generations. Stopping at generation 66
2025-11-26 15:05:35,580 - INFO - GeneticAlgorithmHybridOptimized evolution complete: best=29677.00, improvement=90.17%, H2D=13.52MB, D2H=13.65MB, kernels=726, stopped=no_improvements
2025-11-26 15:05:35,580 - INFO -       → Completed in 3.50s | Cost: 29677 (gap: 1.05%) | Generations: 66/5656
2025-11-26 15:05:35,581 - INFO -     Run 26/26 (new #4/4, seed=1967824755)...
2025-11-26 15:05:36,950 - INFO - Near-optimal solution reached at generation 26 (cost=29623.00, optimal=29368.00, gap=0.87%)
2025-11-26 15:05:36,950 - INFO - GeneticAlgorithmHybridOptimized evolution complete: best=29623.00, improvement=90.15%, H2D=5.32MB, D2H=5.38MB, kernels=286, stopped=hit_optimal
2025-11-26 15:05:36,950 - INFO -       → Completed in 1.37s | Cost: 29623 (gap: 0.87%) | Generations: 26/5656
2025-11-26 15:05:36,951 - INFO - 
    ✓ HybridOptimized INCREMENTAL summary for kroA200 (26 total runs): Cost=29630±91.5 | Gap=0.89%±0.31% | Time=2.02s±1.02s
2025-11-26 15:05:36,961 - INFO -     ✓ Checkpoint saved: kroA200_HybridOptimized.json
2025-11-26 15:05:37,009 - INFO -   [3/3] FullGPU (GPU): Resuming: 22/26 runs exist, completing remaining 4
2025-11-26 15:05:37,010 - INFO - GeneticAlgorithmFullGPUEarlyStop initialized: pop_size=256, mutation_rate=0.02, tournament_k=5, 2opt_iters=10
2025-11-26 15:05:37,010 - INFO - Loaded Fujimoto GA kernel with early stopping support
2025-11-26 15:05:37,010 - INFO - 
  [FullGPU] INCREMENTAL MODE: Extending kroA200 from 22 to 26 runs
2025-11-26 15:05:37,010 - INFO -     Backend: GPU | Early stopping: patience=28 (adaptive: 2×√200) | New repetitions: 4
2025-11-26 15:05:37,010 - INFO -     Run 23/26 (new #1/4, seed=101752158)...
2025-11-26 15:05:37,011 - INFO - FullGPUEarlyStop: Launching kernel (max=5656 gens, optimal=29368.0, patience=28)
2025-11-26 15:05:43,650 - INFO - FullGPUEarlyStop complete: best=29837.00, improvement=90.39%, gens=53/5656, stopped=no_improvements, H2D=0.31MB, D2H=0.00MB, kernels=3
2025-11-26 15:05:43,650 - INFO -       → Completed in 6.64s | Cost: 29837 (gap: 1.60%) | Generations: 53/5656
2025-11-26 15:05:43,650 - INFO -     Run 24/26 (new #2/4, seed=1422483560)...
2025-11-26 15:05:43,651 - INFO - FullGPUEarlyStop: Launching kernel (max=5656 gens, optimal=29368.0, patience=28)
2025-11-26 15:05:50,588 - INFO - FullGPUEarlyStop complete: best=29717.00, improvement=90.43%, gens=55/5656, stopped=no_improvements, H2D=0.31MB, D2H=0.00MB, kernels=3
2025-11-26 15:05:50,588 - INFO -       → Completed in 6.94s | Cost: 29717 (gap: 1.19%) | Generations: 55/5656
2025-11-26 15:05:50,588 - INFO -     Run 25/26 (new #3/4, seed=453277230)...
2025-11-26 15:05:50,589 - INFO - FullGPUEarlyStop: Launching kernel (max=5656 gens, optimal=29368.0, patience=28)
2025-11-26 15:06:02,584 - INFO - FullGPUEarlyStop complete: best=29613.00, improvement=90.46%, gens=95/5656, stopped=hit_optimal, H2D=0.31MB, D2H=0.00MB, kernels=3
2025-11-26 15:06:02,584 - INFO -       → Completed in 12.00s | Cost: 29613 (gap: 0.83%) | Generations: 95/5656
2025-11-26 15:06:02,584 - INFO -     Run 26/26 (new #4/4, seed=1775398645)...
2025-11-26 15:06:02,585 - INFO - FullGPUEarlyStop: Launching kernel (max=5656 gens, optimal=29368.0, patience=28)
2025-11-26 15:06:08,263 - INFO - FullGPUEarlyStop complete: best=29657.00, improvement=90.51%, gens=45/5656, stopped=hit_optimal, H2D=0.31MB, D2H=0.00MB, kernels=3
2025-11-26 15:06:08,263 - INFO -       → Completed in 5.68s | Cost: 29657 (gap: 0.98%) | Generations: 45/5656
2025-11-26 15:06:08,264 - INFO - 
    ✓ FullGPU INCREMENTAL summary for kroA200 (26 total runs): Cost=29678±88.1 | Gap=1.06%±0.30% | Time=11.60s±3.65s
2025-11-26 15:06:08,273 - INFO -     ✓ Checkpoint saved: kroA200_FullGPU.json
2025-11-26 15:06:08,322 - INFO - 
────────────────────────────────────────────────────────────────────────────────
2025-11-26 15:06:08,322 - INFO - STATISTICS FOR kroA200
2025-11-26 15:06:08,322 - INFO - ────────────────────────────────────────────────────────────────────────────────
2025-11-26 15:06:08,322 - INFO - 
Statistical Analysis: kroA200
2025-11-26 15:06:08,322 - INFO - --------------------------------------------------------------------------------
2025-11-26 15:06:08,325 - INFO - Friedman Test (k=3 algorithms):
2025-11-26 15:06:08,326 - INFO -   Statistic: 3.0000
2025-11-26 15:06:08,326 - INFO -   p-value: 0.223130
2025-11-26 15:06:08,326 - INFO -   Significant: False
2025-11-26 15:06:08,334 - INFO - 
Pairwise Comparisons:
2025-11-26 15:06:08,334 - INFO - Following statistical methodology:
2025-11-26 15:06:08,334 - INFO -   - Normality testing (Shapiro-Wilk)
2025-11-26 15:06:08,334 - INFO -   - Test selection (paired t-test vs Wilcoxon)
2025-11-26 15:06:08,334 - INFO -   - Effect size (Cohen's d)
2025-11-26 15:06:08,334 - INFO -   - 95% Confidence Intervals
2025-11-26 15:06:08,334 - INFO -   - Holm-Bonferroni multiple comparison correction

2025-11-26 15:06:08,336 - INFO -   HybridNaive vs HybridOptimized:
2025-11-26 15:06:08,336 - INFO -     Normality (Shapiro-Wilk):
2025-11-26 15:06:08,336 - INFO -       HybridNaive: p=0.0007 (non-normal)
2025-11-26 15:06:08,336 - INFO -       HybridOptimized: p=0.0000 (non-normal)
2025-11-26 15:06:08,336 - INFO -     Test selected: wilcoxon_signed_rank
2025-11-26 15:06:08,336 - INFO -     Mean difference: 12.19
2025-11-26 15:06:08,336 - INFO -     95% CI difference: [-42.15, 66.53]
2025-11-26 15:06:08,336 - INFO -     p-value (uncorrected): 0.602546
2025-11-26 15:06:08,336 - INFO -     Cohen's d: 0.1309
2025-11-26 15:06:08,336 - INFO -     Effect size interpretation: negligible
2025-11-26 15:06:08,339 - INFO -   HybridNaive vs FullGPU:
2025-11-26 15:06:08,339 - INFO -     Normality (Shapiro-Wilk):
2025-11-26 15:06:08,339 - INFO -       HybridNaive: p=0.0007 (non-normal)
2025-11-26 15:06:08,339 - INFO -       FullGPU: p=0.5311 (normal)
2025-11-26 15:06:08,339 - INFO -     Test selected: wilcoxon_signed_rank
2025-11-26 15:06:08,339 - INFO -     Mean difference: -35.69
2025-11-26 15:06:08,339 - INFO -     95% CI difference: [-86.81, 15.43]
2025-11-26 15:06:08,339 - INFO -     p-value (uncorrected): 0.135781
2025-11-26 15:06:08,339 - INFO -     Cohen's d: -0.3905
2025-11-26 15:06:08,339 - INFO -     Effect size interpretation: small
2025-11-26 15:06:08,342 - INFO -   HybridOptimized vs FullGPU:
2025-11-26 15:06:08,342 - INFO -     Normality (Shapiro-Wilk):
2025-11-26 15:06:08,342 - INFO -       HybridOptimized: p=0.0000 (non-normal)
2025-11-26 15:06:08,342 - INFO -       FullGPU: p=0.5311 (normal)
2025-11-26 15:06:08,342 - INFO -     Test selected: wilcoxon_signed_rank
2025-11-26 15:06:08,343 - INFO -     Mean difference: -47.88
2025-11-26 15:06:08,343 - INFO -     95% CI difference: [-96.63, 0.86]
2025-11-26 15:06:08,343 - INFO -     p-value (uncorrected): 0.043456
2025-11-26 15:06:08,343 - INFO -     Cohen's d: -0.5228
2025-11-26 15:06:08,343 - INFO -     Effect size interpretation: medium
2025-11-26 15:06:08,343 - INFO - 
  Multiple Comparison Correction (Holm-Bonferroni, α=0.05):
2025-11-26 15:06:08,343 - INFO -     HybridNaive vs HybridOptimized:
2025-11-26 15:06:08,343 - INFO -       Original p-value: 0.602546
2025-11-26 15:06:08,343 - INFO -       Adjusted p-value: 0.602546
2025-11-26 15:06:08,343 - INFO -       Significant (after correction): False
2025-11-26 15:06:08,343 - INFO -     HybridNaive vs FullGPU:
2025-11-26 15:06:08,343 - INFO -       Original p-value: 0.135781
2025-11-26 15:06:08,343 - INFO -       Adjusted p-value: 0.271563
2025-11-26 15:06:08,343 - INFO -       Significant (after correction): False
2025-11-26 15:06:08,343 - INFO -     HybridOptimized vs FullGPU:
2025-11-26 15:06:08,343 - INFO -       Original p-value: 0.043456
2025-11-26 15:06:08,343 - INFO -       Adjusted p-value: 0.130368
2025-11-26 15:06:08,344 - INFO -       Significant (after correction): False
2025-11-26 15:06:08,344 - INFO - 
Summary: kroA200 (optimal=29368.0)
2025-11-26 15:06:08,344 - INFO - --------------------------------------------------------------------------------
2025-11-26 15:06:08,344 - INFO - Algorithm            Mean Cost       Gap (%)      Time (s)     H2D (MB)     D2H (MB)    
2025-11-26 15:06:08,344 - INFO - --------------------------------------------------------------------------------
2025-11-26 15:06:08,344 - INFO - HybridNaive          29642.38        0.93         12.58        18.50        7.22        
2025-11-26 15:06:08,344 - INFO - HybridOptimized      29630.19        0.89         2.02         7.71         7.71        
2025-11-26 15:06:08,344 - INFO - FullGPU              29678.08        1.06         11.60        0.32         0.00        
2025-11-26 15:06:08,344 - INFO - 
Speedups (relative to baseline):
2025-11-26 15:06:08,344 - INFO -   HybridNaive: 1.00x (baseline)
2025-11-26 15:06:08,344 - INFO -   HybridOptimized: 6.23x vs HybridNaive
2025-11-26 15:06:08,344 - INFO -   FullGPU: 1.09x vs HybridNaive
2025-11-26 15:06:08,344 - INFO - 
2025-11-26 15:06:08,348 - INFO - ✓ Problem statistics saved: kroA200_stats.json

2025-11-26 15:06:08,398 - INFO - 
================================================================================
2025-11-26 15:06:08,398 - INFO - PROBLEM 29/38: ts225
2025-11-26 15:06:08,398 - INFO - Size: 225 cities | Optimal: 126643.0
2025-11-26 15:06:08,398 - INFO - ================================================================================
2025-11-26 15:06:08,398 - INFO - Running 3 GPU algorithms only (n>100)

2025-11-26 15:06:08,432 - INFO -   [1/3] HybridNaive (GPU): Resuming: 22/26 runs exist, completing remaining 4
2025-11-26 15:06:08,432 - INFO - GeneticAlgorithmHybridNaive initialized: pop_size=256, mutation_rate=0.02, tournament_k=5, 2opt_iters=10
2025-11-26 15:06:08,432 - INFO - Loaded two_opt_kernel for naive hybrid
2025-11-26 15:06:08,432 - INFO - 
  [HybridNaive] INCREMENTAL MODE: Extending ts225 from 22 to 26 runs
2025-11-26 15:06:08,432 - INFO -     Backend: GPU | Early stopping: patience=30 (adaptive: 2×√225) | New repetitions: 4
2025-11-26 15:06:08,432 - INFO -     Run 23/26 (new #1/4, seed=1581561305)...
2025-11-26 15:06:17,321 - INFO - Near-optimal solution reached at generation 26 (cost=127779.00, optimal=126643.00, gap=0.90%)
2025-11-26 15:06:17,322 - INFO - GeneticAlgorithmHybridNaive evolution complete: best=127779.00, improvement=91.44%, H2D=16.52MB, D2H=5.99MB, kernels=66560, stopped=hit_optimal
2025-11-26 15:06:17,322 - INFO -       → Completed in 8.89s | Cost: 127779 (gap: 0.90%) | Generations: 26/6750
2025-11-26 15:06:17,322 - INFO -     Run 24/26 (new #2/4, seed=2066589566)...
2025-11-26 15:06:27,078 - INFO - Near-optimal solution reached at generation 29 (cost=127511.00, optimal=126643.00, gap=0.69%)
2025-11-26 15:06:27,079 - INFO - GeneticAlgorithmHybridNaive evolution complete: best=127511.00, improvement=91.10%, H2D=18.43MB, D2H=6.68MB, kernels=74240, stopped=hit_optimal
2025-11-26 15:06:27,079 - INFO -       → Completed in 9.76s | Cost: 127511 (gap: 0.69%) | Generations: 29/6750
2025-11-26 15:06:27,079 - INFO -     Run 25/26 (new #3/4, seed=2125341199)...
2025-11-26 15:06:36,416 - INFO - Near-optimal solution reached at generation 28 (cost=127495.00, optimal=126643.00, gap=0.67%)
2025-11-26 15:06:36,416 - INFO - GeneticAlgorithmHybridNaive evolution complete: best=127495.00, improvement=91.41%, H2D=17.79MB, D2H=6.45MB, kernels=71680, stopped=hit_optimal
2025-11-26 15:06:36,416 - INFO -       → Completed in 9.34s | Cost: 127495 (gap: 0.67%) | Generations: 28/6750
2025-11-26 15:06:36,416 - INFO -     Run 26/26 (new #4/4, seed=1838582572)...
2025-11-26 15:06:45,771 - INFO - Near-optimal solution reached at generation 28 (cost=127678.00, optimal=126643.00, gap=0.82%)
2025-11-26 15:06:45,771 - INFO - GeneticAlgorithmHybridNaive evolution complete: best=127678.00, improvement=91.26%, H2D=17.79MB, D2H=6.45MB, kernels=71680, stopped=hit_optimal
2025-11-26 15:06:45,771 - INFO -       → Completed in 9.35s | Cost: 127678 (gap: 0.82%) | Generations: 28/6750
2025-11-26 15:06:45,772 - INFO - 
    ✓ HybridNaive INCREMENTAL summary for ts225 (26 total runs): Cost=127626±160.4 | Gap=0.78%±0.13% | Time=10.14s±1.15s
2025-11-26 15:06:45,814 - INFO -     ✓ Checkpoint saved: ts225_HybridNaive.json
2025-11-26 15:06:45,862 - INFO -   [2/3] HybridOptimized (GPU): Resuming: 22/26 runs exist, completing remaining 4
2025-11-26 15:06:45,863 - INFO - GeneticAlgorithmHybridOptimized initialized: pop_size=256, mutation_rate=0.02, tournament_k=5, 2opt_iters=10
2025-11-26 15:06:45,863 - INFO - Loaded batch kernels: two_opt_batch, cost_calculator
2025-11-26 15:06:45,863 - INFO - 
  [HybridOptimized] INCREMENTAL MODE: Extending ts225 from 22 to 26 runs
2025-11-26 15:06:45,863 - INFO -     Backend: GPU | Early stopping: patience=30 (adaptive: 2×√225) | New repetitions: 4
2025-11-26 15:06:45,863 - INFO -     Run 23/26 (new #1/4, seed=1153389261)...
2025-11-26 15:06:47,435 - INFO - Near-optimal solution reached at generation 26 (cost=127620.00, optimal=126643.00, gap=0.77%)
2025-11-26 15:06:47,435 - INFO - GeneticAlgorithmHybridOptimized evolution complete: best=127620.00, improvement=91.45%, H2D=6.40MB, D2H=6.04MB, kernels=286, stopped=hit_optimal
2025-11-26 15:06:47,435 - INFO -       → Completed in 1.57s | Cost: 127620 (gap: 0.77%) | Generations: 26/6750
2025-11-26 15:06:47,435 - INFO -     Run 24/26 (new #2/4, seed=899112980)...
2025-11-26 15:06:49,057 - INFO - Near-optimal solution reached at generation 27 (cost=127840.00, optimal=126643.00, gap=0.95%)
2025-11-26 15:06:49,057 - INFO - GeneticAlgorithmHybridOptimized evolution complete: best=127840.00, improvement=91.07%, H2D=6.22MB, D2H=6.28MB, kernels=297, stopped=hit_optimal
2025-11-26 15:06:49,057 - INFO -       → Completed in 1.62s | Cost: 127840 (gap: 0.95%) | Generations: 27/6750
2025-11-26 15:06:49,057 - INFO -     Run 25/26 (new #3/4, seed=1456913627)...
2025-11-26 15:06:50,721 - INFO - Near-optimal solution reached at generation 28 (cost=127614.00, optimal=126643.00, gap=0.77%)
2025-11-26 15:06:50,721 - INFO - GeneticAlgorithmHybridOptimized evolution complete: best=127614.00, improvement=91.31%, H2D=6.45MB, D2H=6.51MB, kernels=308, stopped=hit_optimal
2025-11-26 15:06:50,721 - INFO -       → Completed in 1.66s | Cost: 127614 (gap: 0.77%) | Generations: 28/6750
2025-11-26 15:06:50,721 - INFO -     Run 26/26 (new #4/4, seed=779853743)...
2025-11-26 15:06:52,269 - INFO - Near-optimal solution reached at generation 26 (cost=127715.00, optimal=126643.00, gap=0.85%)
2025-11-26 15:06:52,269 - INFO - GeneticAlgorithmHybridOptimized evolution complete: best=127715.00, improvement=91.33%, H2D=5.99MB, D2H=6.04MB, kernels=286, stopped=hit_optimal
2025-11-26 15:06:52,269 - INFO -       → Completed in 1.55s | Cost: 127715 (gap: 0.85%) | Generations: 26/6750
2025-11-26 15:06:52,270 - INFO - 
    ✓ HybridOptimized INCREMENTAL summary for ts225 (26 total runs): Cost=127543±175.0 | Gap=0.71%±0.14% | Time=1.87s±0.31s
2025-11-26 15:06:52,280 - INFO -     ✓ Checkpoint saved: ts225_HybridOptimized.json
2025-11-26 15:06:52,328 - INFO -   [3/3] FullGPU (GPU): Resuming: 22/26 runs exist, completing remaining 4
2025-11-26 15:06:52,328 - INFO - GeneticAlgorithmFullGPUEarlyStop initialized: pop_size=256, mutation_rate=0.02, tournament_k=5, 2opt_iters=10
2025-11-26 15:06:52,329 - INFO - Loaded Fujimoto GA kernel with early stopping support
2025-11-26 15:06:52,329 - INFO - 
  [FullGPU] INCREMENTAL MODE: Extending ts225 from 22 to 26 runs
2025-11-26 15:06:52,329 - INFO -     Backend: GPU | Early stopping: patience=30 (adaptive: 2×√225) | New repetitions: 4
2025-11-26 15:06:52,329 - INFO -     Run 23/26 (new #1/4, seed=117908641)...
2025-11-26 15:06:52,330 - INFO - FullGPUEarlyStop: Launching kernel (max=6750 gens, optimal=126643.0, patience=30)
2025-11-26 15:07:01,319 - INFO - FullGPUEarlyStop complete: best=126643.00, improvement=91.41%, gens=53/6750, stopped=hit_optimal, H2D=0.39MB, D2H=0.00MB, kernels=3
2025-11-26 15:07:01,319 - INFO -       → Completed in 8.99s | Cost: 126643 (gap: 0.00%) | Generations: 53/6750
2025-11-26 15:07:01,319 - INFO -     Run 24/26 (new #2/4, seed=1825300191)...
2025-11-26 15:07:01,320 - INFO - FullGPUEarlyStop: Launching kernel (max=6750 gens, optimal=126643.0, patience=30)
2025-11-26 15:07:10,428 - INFO - FullGPUEarlyStop complete: best=126643.00, improvement=91.41%, gens=54/6750, stopped=hit_optimal, H2D=0.39MB, D2H=0.00MB, kernels=3
2025-11-26 15:07:10,429 - INFO -       → Completed in 9.11s | Cost: 126643 (gap: 0.00%) | Generations: 54/6750
2025-11-26 15:07:10,429 - INFO -     Run 25/26 (new #3/4, seed=1665106380)...
2025-11-26 15:07:10,430 - INFO - FullGPUEarlyStop: Launching kernel (max=6750 gens, optimal=126643.0, patience=30)
2025-11-26 15:07:19,598 - INFO - FullGPUEarlyStop complete: best=126643.00, improvement=91.41%, gens=54/6750, stopped=hit_optimal, H2D=0.39MB, D2H=0.00MB, kernels=3
2025-11-26 15:07:19,598 - INFO -       → Completed in 9.17s | Cost: 126643 (gap: 0.00%) | Generations: 54/6750
2025-11-26 15:07:19,598 - INFO -     Run 26/26 (new #4/4, seed=1587021856)...
2025-11-26 15:07:19,599 - INFO - FullGPUEarlyStop: Launching kernel (max=6750 gens, optimal=126643.0, patience=30)
2025-11-26 15:07:29,991 - INFO - FullGPUEarlyStop complete: best=126643.00, improvement=91.41%, gens=61/6750, stopped=hit_optimal, H2D=0.39MB, D2H=0.00MB, kernels=3
2025-11-26 15:07:29,992 - INFO -       → Completed in 10.39s | Cost: 126643 (gap: 0.00%) | Generations: 61/6750
2025-11-26 15:07:29,992 - INFO - 
    ✓ FullGPU INCREMENTAL summary for ts225 (26 total runs): Cost=126643±0.0 | Gap=0.00%±0.00% | Time=11.80s±1.54s
2025-11-26 15:07:30,002 - INFO -     ✓ Checkpoint saved: ts225_FullGPU.json
2025-11-26 15:07:30,049 - INFO - 
────────────────────────────────────────────────────────────────────────────────
2025-11-26 15:07:30,049 - INFO - STATISTICS FOR ts225
2025-11-26 15:07:30,049 - INFO - ────────────────────────────────────────────────────────────────────────────────
2025-11-26 15:07:30,049 - INFO - 
Statistical Analysis: ts225
2025-11-26 15:07:30,049 - INFO - --------------------------------------------------------------------------------
2025-11-26 15:07:30,053 - INFO - Friedman Test (k=3 algorithms):
2025-11-26 15:07:30,053 - INFO -   Statistic: 39.0769
2025-11-26 15:07:30,053 - INFO -   p-value: 0.000000
2025-11-26 15:07:30,053 - INFO -   Significant: True
2025-11-26 15:07:30,061 - INFO - 
Nemenyi Post-Hoc Test:
2025-11-26 15:07:30,070 - INFO -   Critical distance: 0.9193
2025-11-26 15:07:30,070 - INFO -   Mean ranks:
2025-11-26 15:07:30,070 - INFO -     HybridNaive: 2.54
2025-11-26 15:07:30,070 - INFO -     HybridOptimized: 2.46
2025-11-26 15:07:30,070 - INFO -     FullGPU: 1.00
2025-11-26 15:07:30,070 - INFO - 
  Significant pairwise differences:
2025-11-26 15:07:30,070 - INFO -     HybridNaive vs FullGPU: rank_diff=1.54, p=0.0000
2025-11-26 15:07:30,070 - INFO -     HybridOptimized vs FullGPU: rank_diff=1.46, p=0.0000
2025-11-26 15:07:30,070 - INFO - 
Pairwise Comparisons:
2025-11-26 15:07:30,070 - INFO - Following statistical methodology:
2025-11-26 15:07:30,070 - INFO -   - Normality testing (Shapiro-Wilk)
2025-11-26 15:07:30,070 - INFO -   - Test selection (paired t-test vs Wilcoxon)
2025-11-26 15:07:30,070 - INFO -   - Effect size (Cohen's d)
2025-11-26 15:07:30,071 - INFO -   - 95% Confidence Intervals
2025-11-26 15:07:30,071 - INFO -   - Holm-Bonferroni multiple comparison correction

2025-11-26 15:07:30,072 - INFO -   HybridNaive vs HybridOptimized:
2025-11-26 15:07:30,072 - INFO -     Normality (Shapiro-Wilk):
2025-11-26 15:07:30,073 - INFO -       HybridNaive: p=0.4600 (normal)
2025-11-26 15:07:30,073 - INFO -       HybridOptimized: p=0.1310 (normal)
2025-11-26 15:07:30,073 - INFO -     Test selected: paired_t_test
2025-11-26 15:07:30,073 - INFO -     Mean difference: 83.15
2025-11-26 15:07:30,073 - INFO -     95% CI difference: [-11.16, 177.47]
2025-11-26 15:07:30,073 - INFO -     p-value (uncorrected): 0.081415
2025-11-26 15:07:30,073 - INFO -     Cohen's d: 0.4857
2025-11-26 15:07:30,073 - INFO -     Effect size interpretation: small
/home/lucas_galdino/chimera/gpu_accelerated/.venv/lib/python3.10/site-packages/scipy/stats/_axis_nan_policy.py:586: UserWarning: scipy.stats.shapiro: Input data has range zero. The results may not be accurate.
  res = hypotest_fun_out(*samples, **kwds)
2025-11-26 15:07:30,075 - INFO -   HybridNaive vs FullGPU:
2025-11-26 15:07:30,075 - INFO -     Normality (Shapiro-Wilk):
2025-11-26 15:07:30,076 - INFO -       HybridNaive: p=0.4600 (normal)
2025-11-26 15:07:30,076 - INFO -       FullGPU: p=1.0000 (normal)
2025-11-26 15:07:30,076 - INFO -     Test selected: paired_t_test
2025-11-26 15:07:30,076 - INFO -     Mean difference: 982.96
2025-11-26 15:07:30,076 - INFO -     95% CI difference: [916.87, 1049.05]
2025-11-26 15:07:30,076 - INFO -     p-value (uncorrected): 0.000000
2025-11-26 15:07:30,076 - INFO -     Cohen's d: 8.4959
2025-11-26 15:07:30,076 - INFO -     Effect size interpretation: large
2025-11-26 15:07:30,078 - INFO -   HybridOptimized vs FullGPU:
2025-11-26 15:07:30,078 - INFO -     Normality (Shapiro-Wilk):
2025-11-26 15:07:30,078 - INFO -       HybridOptimized: p=0.1310 (normal)
2025-11-26 15:07:30,078 - INFO -       FullGPU: p=1.0000 (normal)
2025-11-26 15:07:30,078 - INFO -     Test selected: paired_t_test
2025-11-26 15:07:30,078 - INFO -     Mean difference: 899.81
2025-11-26 15:07:30,078 - INFO -     95% CI difference: [827.73, 971.89]
2025-11-26 15:07:30,079 - INFO -     p-value (uncorrected): 0.000000
2025-11-26 15:07:30,079 - INFO -     Cohen's d: 7.1306
2025-11-26 15:07:30,079 - INFO -     Effect size interpretation: large
2025-11-26 15:07:30,079 - INFO - 
  Multiple Comparison Correction (Holm-Bonferroni, α=0.05):
2025-11-26 15:07:30,079 - INFO -     HybridNaive vs HybridOptimized:
2025-11-26 15:07:30,079 - INFO -       Original p-value: 0.081415
2025-11-26 15:07:30,079 - INFO -       Adjusted p-value: 0.081415
2025-11-26 15:07:30,079 - INFO -       Significant (after correction): False
2025-11-26 15:07:30,079 - INFO -     HybridNaive vs FullGPU:
2025-11-26 15:07:30,079 - INFO -       Original p-value: 0.000000
2025-11-26 15:07:30,079 - INFO -       Adjusted p-value: 0.000000
2025-11-26 15:07:30,079 - INFO -       Significant (after correction): True
2025-11-26 15:07:30,079 - INFO -     HybridOptimized vs FullGPU:
2025-11-26 15:07:30,079 - INFO -       Original p-value: 0.000000
2025-11-26 15:07:30,079 - INFO -       Adjusted p-value: 0.000000
2025-11-26 15:07:30,079 - INFO -       Significant (after correction): True
2025-11-26 15:07:30,080 - INFO - 
Summary: ts225 (optimal=126643.0)
2025-11-26 15:07:30,080 - INFO - --------------------------------------------------------------------------------
2025-11-26 15:07:30,080 - INFO - Algorithm            Mean Cost       Gap (%)      Time (s)     H2D (MB)     D2H (MB)    
2025-11-26 15:07:30,080 - INFO - --------------------------------------------------------------------------------
2025-11-26 15:07:30,080 - INFO - HybridNaive          127625.96       0.78         10.14        17.63        6.39        
2025-11-26 15:07:30,080 - INFO - HybridOptimized      127542.81       0.71         1.87         6.26         6.22        
2025-11-26 15:07:30,080 - INFO - FullGPU              126643.00       0.00         11.80        0.41         0.00        
2025-11-26 15:07:30,080 - INFO - 
Speedups (relative to baseline):
2025-11-26 15:07:30,080 - INFO -   HybridNaive: 1.00x (baseline)
2025-11-26 15:07:30,080 - INFO -   HybridOptimized: 5.41x vs HybridNaive
2025-11-26 15:07:30,080 - INFO -   FullGPU: 0.86x vs HybridNaive
2025-11-26 15:07:30,080 - INFO - 
2025-11-26 15:07:30,084 - INFO - ✓ Problem statistics saved: ts225_stats.json

2025-11-26 15:07:30,132 - INFO - 
================================================================================
2025-11-26 15:07:30,132 - INFO - PROBLEM 30/38: pr264
2025-11-26 15:07:30,132 - INFO - Size: 264 cities | Optimal: 49135.0
2025-11-26 15:07:30,132 - INFO - ================================================================================
2025-11-26 15:07:30,132 - INFO - Running 3 GPU algorithms only (n>100)

2025-11-26 15:07:30,170 - INFO -   [1/3] HybridNaive (GPU): Resuming: 22/26 runs exist, completing remaining 4
2025-11-26 15:07:30,171 - INFO - GeneticAlgorithmHybridNaive initialized: pop_size=256, mutation_rate=0.02, tournament_k=5, 2opt_iters=10
2025-11-26 15:07:30,171 - INFO - Loaded two_opt_kernel for naive hybrid
2025-11-26 15:07:30,171 - INFO - 
  [HybridNaive] INCREMENTAL MODE: Extending pr264 from 22 to 26 runs
2025-11-26 15:07:30,171 - INFO -     Backend: GPU | Early stopping: patience=32 (adaptive: 2×√264) | New repetitions: 4
2025-11-26 15:07:30,171 - INFO -     Run 23/26 (new #1/4, seed=1632228544)...
2025-11-26 15:07:58,218 - INFO - No improvement for 32 generations. Stopping at generation 70
2025-11-26 15:07:58,218 - INFO - GeneticAlgorithmHybridNaive evolution complete: best=49863.00, improvement=94.98%, H2D=57.95MB, D2H=18.92MB, kernels=179200, stopped=no_improvements
2025-11-26 15:07:58,218 - INFO -       → Completed in 28.05s | Cost: 49863 (gap: 1.48%) | Generations: 70/8578
2025-11-26 15:07:58,218 - INFO -     Run 24/26 (new #2/4, seed=1938599274)...
2025-11-26 15:08:13,348 - INFO - Near-optimal solution reached at generation 36 (cost=49268.00, optimal=49135.00, gap=0.27%)
2025-11-26 15:08:13,348 - INFO - GeneticAlgorithmHybridNaive evolution complete: best=49268.00, improvement=95.16%, H2D=29.80MB, D2H=9.73MB, kernels=92160, stopped=hit_optimal
2025-11-26 15:08:13,348 - INFO -       → Completed in 15.13s | Cost: 49268 (gap: 0.27%) | Generations: 36/8578
2025-11-26 15:08:13,349 - INFO -     Run 25/26 (new #3/4, seed=1217670300)...
2025-11-26 15:08:32,977 - INFO - Near-optimal solution reached at generation 48 (cost=49606.00, optimal=49135.00, gap=0.96%)
2025-11-26 15:08:32,978 - INFO - GeneticAlgorithmHybridNaive evolution complete: best=49606.00, improvement=95.04%, H2D=39.74MB, D2H=12.98MB, kernels=122880, stopped=hit_optimal
2025-11-26 15:08:32,978 - INFO -       → Completed in 19.63s | Cost: 49606 (gap: 0.96%) | Generations: 48/8578
2025-11-26 15:08:32,978 - INFO -     Run 26/26 (new #4/4, seed=972773202)...
2025-11-26 15:08:48,640 - INFO - Near-optimal solution reached at generation 38 (cost=49624.00, optimal=49135.00, gap=1.00%)
2025-11-26 15:08:48,640 - INFO - GeneticAlgorithmHybridNaive evolution complete: best=49624.00, improvement=95.09%, H2D=31.46MB, D2H=10.27MB, kernels=97280, stopped=hit_optimal
2025-11-26 15:08:48,641 - INFO -       → Completed in 15.66s | Cost: 49624 (gap: 1.00%) | Generations: 38/8578
2025-11-26 15:08:48,641 - INFO - 
    ✓ HybridNaive INCREMENTAL summary for pr264 (26 total runs): Cost=49604±388.3 | Gap=0.96%±0.79% | Time=20.09s±8.35s
2025-11-26 15:08:48,684 - INFO -     ✓ Checkpoint saved: pr264_HybridNaive.json
2025-11-26 15:08:48,731 - INFO -   [2/3] HybridOptimized (GPU): Resuming: 22/26 runs exist, completing remaining 4
2025-11-26 15:08:48,732 - INFO - GeneticAlgorithmHybridOptimized initialized: pop_size=256, mutation_rate=0.02, tournament_k=5, 2opt_iters=10
2025-11-26 15:08:48,732 - INFO - Loaded batch kernels: two_opt_batch, cost_calculator
2025-11-26 15:08:48,732 - INFO - 
  [HybridOptimized] INCREMENTAL MODE: Extending pr264 from 22 to 26 runs
2025-11-26 15:08:48,732 - INFO -     Backend: GPU | Early stopping: patience=32 (adaptive: 2×√264) | New repetitions: 4
2025-11-26 15:08:48,732 - INFO -     Run 23/26 (new #1/4, seed=769216066)...
2025-11-26 15:08:51,172 - INFO - Near-optimal solution reached at generation 33 (cost=49441.00, optimal=49135.00, gap=0.62%)
2025-11-26 15:08:51,172 - INFO - GeneticAlgorithmHybridOptimized evolution complete: best=49441.00, improvement=95.02%, H2D=9.48MB, D2H=8.99MB, kernels=363, stopped=hit_optimal
2025-11-26 15:08:51,173 - INFO -       → Completed in 2.44s | Cost: 49441 (gap: 0.62%) | Generations: 33/8578
2025-11-26 15:08:51,173 - INFO -     Run 24/26 (new #2/4, seed=1625292474)...
2025-11-26 15:08:53,977 - INFO - Near-optimal solution reached at generation 38 (cost=49545.00, optimal=49135.00, gap=0.83%)
2025-11-26 15:08:53,977 - INFO - GeneticAlgorithmHybridOptimized evolution complete: best=49545.00, improvement=95.07%, H2D=10.27MB, D2H=10.35MB, kernels=418, stopped=hit_optimal
2025-11-26 15:08:53,977 - INFO -       → Completed in 2.80s | Cost: 49545 (gap: 0.83%) | Generations: 38/8578
2025-11-26 15:08:53,977 - INFO -     Run 25/26 (new #3/4, seed=286841315)...
2025-11-26 15:08:56,478 - INFO - Near-optimal solution reached at generation 34 (cost=49558.00, optimal=49135.00, gap=0.86%)
2025-11-26 15:08:56,478 - INFO - GeneticAlgorithmHybridOptimized evolution complete: best=49558.00, improvement=95.09%, H2D=9.19MB, D2H=9.26MB, kernels=374, stopped=hit_optimal
2025-11-26 15:08:56,478 - INFO -       → Completed in 2.50s | Cost: 49558 (gap: 0.86%) | Generations: 34/8578
2025-11-26 15:08:56,478 - INFO -     Run 26/26 (new #4/4, seed=1614378765)...
2025-11-26 15:08:58,690 - INFO - Near-optimal solution reached at generation 30 (cost=49614.00, optimal=49135.00, gap=0.97%)
2025-11-26 15:08:58,690 - INFO - GeneticAlgorithmHybridOptimized evolution complete: best=49614.00, improvement=95.04%, H2D=8.11MB, D2H=8.17MB, kernels=330, stopped=hit_optimal
2025-11-26 15:08:58,690 - INFO -       → Completed in 2.21s | Cost: 49614 (gap: 0.97%) | Generations: 30/8578
2025-11-26 15:08:58,691 - INFO - 
    ✓ HybridOptimized INCREMENTAL summary for pr264 (26 total runs): Cost=49693±315.7 | Gap=1.14%±0.64% | Time=3.90s±2.27s
2025-11-26 15:08:58,733 - INFO -     ✓ Checkpoint saved: pr264_HybridOptimized.json
2025-11-26 15:08:58,783 - INFO -   [3/3] FullGPU (GPU): Resuming: 22/26 runs exist, completing remaining 4
2025-11-26 15:08:58,783 - INFO - GeneticAlgorithmFullGPUEarlyStop initialized: pop_size=256, mutation_rate=0.02, tournament_k=5, 2opt_iters=10
2025-11-26 15:08:58,783 - INFO - Loaded Fujimoto GA kernel with early stopping support
2025-11-26 15:08:58,783 - INFO - 
  [FullGPU] INCREMENTAL MODE: Extending pr264 from 22 to 26 runs
2025-11-26 15:08:58,783 - INFO -     Backend: GPU | Early stopping: patience=32 (adaptive: 2×√264) | New repetitions: 4
2025-11-26 15:08:58,784 - INFO -     Run 23/26 (new #1/4, seed=403144108)...
2025-11-26 15:08:58,785 - INFO - FullGPUEarlyStop: Launching kernel (max=8578 gens, optimal=49135.0, patience=32)
2025-11-26 15:09:14,305 - INFO - FullGPUEarlyStop complete: best=49220.00, improvement=95.20%, gens=68/8578, stopped=hit_optimal, H2D=0.53MB, D2H=0.00MB, kernels=3
2025-11-26 15:09:14,305 - INFO -       → Completed in 15.52s | Cost: 49220 (gap: 0.17%) | Generations: 68/8578
2025-11-26 15:09:14,305 - INFO -     Run 24/26 (new #2/4, seed=1564733253)...
2025-11-26 15:09:14,306 - INFO - FullGPUEarlyStop: Launching kernel (max=8578 gens, optimal=49135.0, patience=32)
2025-11-26 15:09:29,201 - INFO - FullGPUEarlyStop complete: best=49288.00, improvement=95.19%, gens=66/8578, stopped=hit_optimal, H2D=0.53MB, D2H=0.00MB, kernels=3
2025-11-26 15:09:29,201 - INFO -       → Completed in 14.90s | Cost: 49288 (gap: 0.31%) | Generations: 66/8578
2025-11-26 15:09:29,201 - INFO -     Run 25/26 (new #3/4, seed=2023289989)...
2025-11-26 15:09:29,202 - INFO - FullGPUEarlyStop: Launching kernel (max=8578 gens, optimal=49135.0, patience=32)
2025-11-26 15:09:39,923 - INFO - FullGPUEarlyStop complete: best=49441.00, improvement=95.12%, gens=47/8578, stopped=hit_optimal, H2D=0.53MB, D2H=0.00MB, kernels=3
2025-11-26 15:09:39,923 - INFO -       → Completed in 10.72s | Cost: 49441 (gap: 0.62%) | Generations: 47/8578
2025-11-26 15:09:39,924 - INFO -     Run 26/26 (new #4/4, seed=1516297381)...
2025-11-26 15:09:39,925 - INFO - FullGPUEarlyStop: Launching kernel (max=8578 gens, optimal=49135.0, patience=32)
2025-11-26 15:09:59,402 - INFO - FullGPUEarlyStop complete: best=49198.00, improvement=95.14%, gens=87/8578, stopped=hit_optimal, H2D=0.53MB, D2H=0.00MB, kernels=3
2025-11-26 15:09:59,402 - INFO -       → Completed in 19.48s | Cost: 49198 (gap: 0.13%) | Generations: 87/8578
2025-11-26 15:09:59,403 - INFO - 
    ✓ FullGPU INCREMENTAL summary for pr264 (26 total runs): Cost=49307±99.9 | Gap=0.35%±0.20% | Time=21.48s±7.46s
2025-11-26 15:09:59,446 - INFO -     ✓ Checkpoint saved: pr264_FullGPU.json
2025-11-26 15:09:59,493 - INFO - 
────────────────────────────────────────────────────────────────────────────────
2025-11-26 15:09:59,493 - INFO - STATISTICS FOR pr264
2025-11-26 15:09:59,494 - INFO - ────────────────────────────────────────────────────────────────────────────────
2025-11-26 15:09:59,494 - INFO - 
Statistical Analysis: pr264
2025-11-26 15:09:59,494 - INFO - --------------------------------------------------------------------------------
2025-11-26 15:09:59,497 - INFO - Friedman Test (k=3 algorithms):
2025-11-26 15:09:59,497 - INFO -   Statistic: 27.0000
2025-11-26 15:09:59,497 - INFO -   p-value: 0.000001
2025-11-26 15:09:59,497 - INFO -   Significant: True
2025-11-26 15:09:59,505 - INFO - 
Nemenyi Post-Hoc Test:
2025-11-26 15:09:59,513 - INFO -   Critical distance: 0.9193
2025-11-26 15:09:59,513 - INFO -   Mean ranks:
2025-11-26 15:09:59,513 - INFO -     HybridNaive: 2.23
2025-11-26 15:09:59,514 - INFO -     HybridOptimized: 2.58
2025-11-26 15:09:59,514 - INFO -     FullGPU: 1.19
2025-11-26 15:09:59,514 - INFO - 
  Significant pairwise differences:
2025-11-26 15:09:59,514 - INFO -     HybridNaive vs FullGPU: rank_diff=1.04, p=0.0005
2025-11-26 15:09:59,514 - INFO -     HybridOptimized vs FullGPU: rank_diff=1.38, p=0.0000
2025-11-26 15:09:59,514 - INFO - 
Pairwise Comparisons:
2025-11-26 15:09:59,514 - INFO - Following statistical methodology:
2025-11-26 15:09:59,514 - INFO -   - Normality testing (Shapiro-Wilk)
2025-11-26 15:09:59,514 - INFO -   - Test selection (paired t-test vs Wilcoxon)
2025-11-26 15:09:59,514 - INFO -   - Effect size (Cohen's d)
2025-11-26 15:09:59,514 - INFO -   - 95% Confidence Intervals
2025-11-26 15:09:59,514 - INFO -   - Holm-Bonferroni multiple comparison correction

2025-11-26 15:09:59,518 - INFO -   HybridNaive vs HybridOptimized:
2025-11-26 15:09:59,518 - INFO -     Normality (Shapiro-Wilk):
2025-11-26 15:09:59,518 - INFO -       HybridNaive: p=0.0000 (non-normal)
2025-11-26 15:09:59,518 - INFO -       HybridOptimized: p=0.0000 (non-normal)
2025-11-26 15:09:59,518 - INFO -     Test selected: wilcoxon_signed_rank
2025-11-26 15:09:59,518 - INFO -     Mean difference: -88.31
2025-11-26 15:09:59,518 - INFO -     95% CI difference: [-302.13, 125.51]
2025-11-26 15:09:59,518 - INFO -     p-value (uncorrected): 0.075149
2025-11-26 15:09:59,518 - INFO -     Cohen's d: -0.2447
2025-11-26 15:09:59,518 - INFO -     Effect size interpretation: small
2025-11-26 15:09:59,521 - INFO -   HybridNaive vs FullGPU:
2025-11-26 15:09:59,521 - INFO -     Normality (Shapiro-Wilk):
2025-11-26 15:09:59,521 - INFO -       HybridNaive: p=0.0000 (non-normal)
2025-11-26 15:09:59,521 - INFO -       FullGPU: p=0.1523 (normal)
2025-11-26 15:09:59,521 - INFO -     Test selected: wilcoxon_signed_rank
2025-11-26 15:09:59,521 - INFO -     Mean difference: 297.38
2025-11-26 15:09:59,521 - INFO -     95% CI difference: [124.48, 470.29]
2025-11-26 15:09:59,521 - INFO -     p-value (uncorrected): 0.000154
2025-11-26 15:09:59,521 - INFO -     Cohen's d: 1.0285
2025-11-26 15:09:59,521 - INFO -     Effect size interpretation: large
2025-11-26 15:09:59,524 - INFO -   HybridOptimized vs FullGPU:
2025-11-26 15:09:59,524 - INFO -     Normality (Shapiro-Wilk):
2025-11-26 15:09:59,524 - INFO -       HybridOptimized: p=0.0000 (non-normal)
2025-11-26 15:09:59,524 - INFO -       FullGPU: p=0.1523 (normal)
2025-11-26 15:09:59,524 - INFO -     Test selected: wilcoxon_signed_rank
2025-11-26 15:09:59,524 - INFO -     Mean difference: 385.69
2025-11-26 15:09:59,524 - INFO -     95% CI difference: [245.27, 526.11]
2025-11-26 15:09:59,524 - INFO -     p-value (uncorrected): 0.000000
2025-11-26 15:09:59,525 - INFO -     Cohen's d: 1.6152
2025-11-26 15:09:59,525 - INFO -     Effect size interpretation: large
2025-11-26 15:09:59,525 - INFO - 
  Multiple Comparison Correction (Holm-Bonferroni, α=0.05):
2025-11-26 15:09:59,525 - INFO -     HybridNaive vs HybridOptimized:
2025-11-26 15:09:59,525 - INFO -       Original p-value: 0.075149
2025-11-26 15:09:59,525 - INFO -       Adjusted p-value: 0.075149
2025-11-26 15:09:59,525 - INFO -       Significant (after correction): False
2025-11-26 15:09:59,525 - INFO -     HybridNaive vs FullGPU:
2025-11-26 15:09:59,525 - INFO -       Original p-value: 0.000154
2025-11-26 15:09:59,525 - INFO -       Adjusted p-value: 0.000308
2025-11-26 15:09:59,525 - INFO -       Significant (after correction): True
2025-11-26 15:09:59,525 - INFO -     HybridOptimized vs FullGPU:
2025-11-26 15:09:59,525 - INFO -       Original p-value: 0.000000
2025-11-26 15:09:59,525 - INFO -       Adjusted p-value: 0.000000
2025-11-26 15:09:59,525 - INFO -       Significant (after correction): True
2025-11-26 15:09:59,525 - INFO - 
Summary: pr264 (optimal=49135.0)
2025-11-26 15:09:59,525 - INFO - --------------------------------------------------------------------------------
2025-11-26 15:09:59,526 - INFO - Algorithm            Mean Cost       Gap (%)      Time (s)     H2D (MB)     D2H (MB)    
2025-11-26 15:09:59,526 - INFO - --------------------------------------------------------------------------------
2025-11-26 15:09:59,526 - INFO - HybridNaive          49604.46        0.96         20.09        39.74        12.98       
2025-11-26 15:09:59,526 - INFO - HybridOptimized      49692.77        1.14         3.90         9.26         9.19        
2025-11-26 15:09:59,526 - INFO - FullGPU              49307.08        0.35         21.48        0.56         0.00        
2025-11-26 15:09:59,526 - INFO - 
Speedups (relative to baseline):
2025-11-26 15:09:59,526 - INFO -   HybridNaive: 1.00x (baseline)
2025-11-26 15:09:59,526 - INFO -   HybridOptimized: 5.15x vs HybridNaive
2025-11-26 15:09:59,526 - INFO -   FullGPU: 0.94x vs HybridNaive
2025-11-26 15:09:59,526 - INFO - 
2025-11-26 15:09:59,529 - INFO - ✓ Problem statistics saved: pr264_stats.json

2025-11-26 15:09:59,578 - INFO - 
================================================================================
2025-11-26 15:09:59,578 - INFO - PROBLEM 31/38: pr299
2025-11-26 15:09:59,578 - INFO - Size: 299 cities | Optimal: 48191.0
2025-11-26 15:09:59,578 - INFO - ================================================================================
2025-11-26 15:09:59,578 - INFO - Running 3 GPU algorithms only (n>100)

2025-11-26 15:09:59,610 - INFO -   [1/3] HybridNaive (GPU): Resuming: 22/26 runs exist, completing remaining 4
2025-11-26 15:09:59,610 - INFO - GeneticAlgorithmHybridNaive initialized: pop_size=256, mutation_rate=0.02, tournament_k=5, 2opt_iters=10
2025-11-26 15:09:59,610 - INFO - Loaded two_opt_kernel for naive hybrid
2025-11-26 15:09:59,610 - INFO - 
  [HybridNaive] INCREMENTAL MODE: Extending pr299 from 22 to 26 runs
2025-11-26 15:09:59,610 - INFO -     Backend: GPU | Early stopping: patience=34 (adaptive: 2×√299) | New repetitions: 4
2025-11-26 15:09:59,611 - INFO -     Run 23/26 (new #1/4, seed=2061174859)...
2025-11-26 15:10:21,888 - INFO - Near-optimal solution reached at generation 40 (cost=48611.00, optimal=48191.00, gap=0.87%)
2025-11-26 15:10:21,888 - INFO - GeneticAlgorithmHybridNaive evolution complete: best=48611.00, improvement=93.15%, H2D=40.86MB, D2H=12.25MB, kernels=102400, stopped=hit_optimal
2025-11-26 15:10:21,888 - INFO -       → Completed in 22.28s | Cost: 48611 (gap: 0.87%) | Generations: 40/10340
2025-11-26 15:10:21,889 - INFO -     Run 24/26 (new #2/4, seed=859651249)...
2025-11-26 15:10:44,924 - INFO - Near-optimal solution reached at generation 42 (cost=48650.00, optimal=48191.00, gap=0.95%)
2025-11-26 15:10:44,924 - INFO - GeneticAlgorithmHybridNaive evolution complete: best=48650.00, improvement=93.06%, H2D=42.90MB, D2H=12.86MB, kernels=107520, stopped=hit_optimal
2025-11-26 15:10:44,924 - INFO -       → Completed in 23.04s | Cost: 48650 (gap: 0.95%) | Generations: 42/10340
2025-11-26 15:10:44,925 - INFO -     Run 25/26 (new #3/4, seed=1990162167)...
2025-11-26 15:11:30,566 - INFO - No improvement for 34 generations. Stopping at generation 84
2025-11-26 15:11:30,566 - INFO - GeneticAlgorithmHybridNaive evolution complete: best=48907.00, improvement=92.83%, H2D=85.80MB, D2H=25.72MB, kernels=215040, stopped=no_improvements
2025-11-26 15:11:30,566 - INFO -       → Completed in 45.64s | Cost: 48907 (gap: 1.49%) | Generations: 84/10340
2025-11-26 15:11:30,566 - INFO -     Run 26/26 (new #4/4, seed=2062299096)...
2025-11-26 15:11:54,240 - INFO - Near-optimal solution reached at generation 43 (cost=48659.00, optimal=48191.00, gap=0.97%)
2025-11-26 15:11:54,240 - INFO - GeneticAlgorithmHybridNaive evolution complete: best=48659.00, improvement=92.87%, H2D=43.92MB, D2H=13.17MB, kernels=110080, stopped=hit_optimal
2025-11-26 15:11:54,240 - INFO -       → Completed in 23.67s | Cost: 48659 (gap: 0.97%) | Generations: 43/10340
2025-11-26 15:11:54,241 - INFO - 
    ✓ HybridNaive INCREMENTAL summary for pr299 (26 total runs): Cost=48866±390.2 | Gap=1.40%±0.81% | Time=36.75s±13.96s
2025-11-26 15:11:54,284 - INFO -     ✓ Checkpoint saved: pr299_HybridNaive.json
2025-11-26 15:11:54,333 - INFO -   [2/3] HybridOptimized (GPU): Resuming: 22/26 runs exist, completing remaining 4
2025-11-26 15:11:54,333 - INFO - GeneticAlgorithmHybridOptimized initialized: pop_size=256, mutation_rate=0.02, tournament_k=5, 2opt_iters=10
2025-11-26 15:11:54,333 - INFO - Loaded batch kernels: two_opt_batch, cost_calculator
2025-11-26 15:11:54,333 - INFO - 
  [HybridOptimized] INCREMENTAL MODE: Extending pr299 from 22 to 26 runs
2025-11-26 15:11:54,333 - INFO -     Backend: GPU | Early stopping: patience=34 (adaptive: 2×√299) | New repetitions: 4
2025-11-26 15:11:54,333 - INFO -     Run 23/26 (new #1/4, seed=344718610)...
2025-11-26 15:12:01,260 - INFO - No improvement for 34 generations. Stopping at generation 74
2025-11-26 15:12:01,261 - INFO - GeneticAlgorithmHybridOptimized evolution complete: best=49284.00, improvement=93.06%, H2D=23.37MB, D2H=22.81MB, kernels=814, stopped=no_improvements
2025-11-26 15:12:01,261 - INFO -       → Completed in 6.93s | Cost: 49284 (gap: 2.27%) | Generations: 74/10340
2025-11-26 15:12:01,261 - INFO -     Run 24/26 (new #2/4, seed=683178024)...
2025-11-26 15:12:09,898 - INFO - No improvement for 34 generations. Stopping at generation 93
2025-11-26 15:12:09,898 - INFO - GeneticAlgorithmHybridOptimized evolution complete: best=48864.00, improvement=92.95%, H2D=28.47MB, D2H=28.66MB, kernels=1023, stopped=no_improvements
2025-11-26 15:12:09,898 - INFO -       → Completed in 8.64s | Cost: 48864 (gap: 1.40%) | Generations: 93/10340
2025-11-26 15:12:09,898 - INFO -     Run 25/26 (new #3/4, seed=2076915188)...
2025-11-26 15:12:14,254 - INFO - Near-optimal solution reached at generation 42 (cost=48637.00, optimal=48191.00, gap=0.93%)
2025-11-26 15:12:14,254 - INFO - GeneticAlgorithmHybridOptimized evolution complete: best=48637.00, improvement=92.89%, H2D=12.86MB, D2H=12.95MB, kernels=462, stopped=hit_optimal
2025-11-26 15:12:14,255 - INFO -       → Completed in 4.36s | Cost: 48637 (gap: 0.93%) | Generations: 42/10340
2025-11-26 15:12:14,255 - INFO -     Run 26/26 (new #4/4, seed=1967218110)...
2025-11-26 15:12:21,483 - INFO - No improvement for 34 generations. Stopping at generation 76
2025-11-26 15:12:21,483 - INFO - GeneticAlgorithmHybridOptimized evolution complete: best=49259.00, improvement=92.90%, H2D=23.27MB, D2H=23.43MB, kernels=836, stopped=no_improvements
2025-11-26 15:12:21,483 - INFO -       → Completed in 7.23s | Cost: 49259 (gap: 2.22%) | Generations: 76/10340
2025-11-26 15:12:21,485 - INFO - 
    ✓ HybridOptimized INCREMENTAL summary for pr299 (26 total runs): Cost=48892±343.6 | Gap=1.45%±0.71% | Time=6.70s±2.27s
2025-11-26 15:12:21,494 - INFO -     ✓ Checkpoint saved: pr299_HybridOptimized.json
2025-11-26 15:12:21,542 - INFO -   [3/3] FullGPU (GPU): Resuming: 22/26 runs exist, completing remaining 4
2025-11-26 15:12:21,542 - INFO - GeneticAlgorithmFullGPUEarlyStop initialized: pop_size=256, mutation_rate=0.02, tournament_k=5, 2opt_iters=10
2025-11-26 15:12:21,542 - INFO - Loaded Fujimoto GA kernel with early stopping support
2025-11-26 15:12:21,542 - INFO - 
  [FullGPU] INCREMENTAL MODE: Extending pr299 from 22 to 26 runs
2025-11-26 15:12:21,542 - INFO -     Backend: GPU | Early stopping: patience=34 (adaptive: 2×√299) | New repetitions: 4
2025-11-26 15:12:21,543 - INFO -     Run 23/26 (new #1/4, seed=1537407669)...
2025-11-26 15:12:21,544 - INFO - FullGPUEarlyStop: Launching kernel (max=10340 gens, optimal=48191.0, patience=34)
2025-11-26 15:12:41,497 - INFO - FullGPUEarlyStop complete: best=48898.00, improvement=93.02%, gens=61/10340, stopped=no_improvements, H2D=0.68MB, D2H=0.00MB, kernels=3
2025-11-26 15:12:41,497 - INFO -       → Completed in 19.95s | Cost: 48898 (gap: 1.47%) | Generations: 61/10340
2025-11-26 15:12:41,497 - INFO -     Run 24/26 (new #2/4, seed=1093933227)...
2025-11-26 15:12:41,498 - INFO - FullGPUEarlyStop: Launching kernel (max=10340 gens, optimal=48191.0, patience=34)
2025-11-26 15:13:14,276 - INFO - FullGPUEarlyStop complete: best=49166.00, improvement=92.98%, gens=101/10340, stopped=no_improvements, H2D=0.68MB, D2H=0.00MB, kernels=3
2025-11-26 15:13:14,276 - INFO -       → Completed in 32.78s | Cost: 49166 (gap: 2.02%) | Generations: 101/10340
2025-11-26 15:13:14,276 - INFO -     Run 25/26 (new #3/4, seed=1257093576)...
2025-11-26 15:13:14,277 - INFO - FullGPUEarlyStop: Launching kernel (max=10340 gens, optimal=48191.0, patience=34)
2025-11-26 15:13:41,307 - INFO - FullGPUEarlyStop complete: best=48894.00, improvement=93.02%, gens=84/10340, stopped=no_improvements, H2D=0.68MB, D2H=0.00MB, kernels=3
2025-11-26 15:13:41,307 - INFO -       → Completed in 27.03s | Cost: 48894 (gap: 1.46%) | Generations: 84/10340
2025-11-26 15:13:41,307 - INFO -     Run 26/26 (new #4/4, seed=818064825)...
2025-11-26 15:13:41,308 - INFO - FullGPUEarlyStop: Launching kernel (max=10340 gens, optimal=48191.0, patience=34)
2025-11-26 15:14:01,742 - INFO - FullGPUEarlyStop complete: best=49301.00, improvement=92.96%, gens=63/10340, stopped=no_improvements, H2D=0.68MB, D2H=0.00MB, kernels=3
2025-11-26 15:14:01,742 - INFO -       → Completed in 20.44s | Cost: 49301 (gap: 2.30%) | Generations: 63/10340
2025-11-26 15:14:01,743 - INFO - 
    ✓ FullGPU INCREMENTAL summary for pr299 (26 total runs): Cost=49113±120.7 | Gap=1.91%±0.25% | Time=30.14s±7.47s
2025-11-26 15:14:01,786 - INFO -     ✓ Checkpoint saved: pr299_FullGPU.json
2025-11-26 15:14:01,835 - INFO - 
────────────────────────────────────────────────────────────────────────────────
2025-11-26 15:14:01,835 - INFO - STATISTICS FOR pr299
2025-11-26 15:14:01,835 - INFO - ────────────────────────────────────────────────────────────────────────────────
2025-11-26 15:14:01,835 - INFO - 
Statistical Analysis: pr299
2025-11-26 15:14:01,835 - INFO - --------------------------------------------------------------------------------
2025-11-26 15:14:01,839 - INFO - Friedman Test (k=3 algorithms):
2025-11-26 15:14:01,839 - INFO -   Statistic: 12.0000
2025-11-26 15:14:01,839 - INFO -   p-value: 0.002479
2025-11-26 15:14:01,839 - INFO -   Significant: True
2025-11-26 15:14:01,846 - INFO - 
Nemenyi Post-Hoc Test:
2025-11-26 15:14:01,855 - INFO -   Critical distance: 0.9193
2025-11-26 15:14:01,856 - INFO -   Mean ranks:
2025-11-26 15:14:01,856 - INFO -     HybridNaive: 1.62
2025-11-26 15:14:01,856 - INFO -     HybridOptimized: 1.85
2025-11-26 15:14:01,856 - INFO -     FullGPU: 2.54
2025-11-26 15:14:01,856 - INFO - 
  Significant pairwise differences:
2025-11-26 15:14:01,856 - INFO -     HybridNaive vs FullGPU: rank_diff=0.92, p=0.0025
2025-11-26 15:14:01,856 - INFO -     HybridOptimized vs FullGPU: rank_diff=0.69, p=0.0336
2025-11-26 15:14:01,856 - INFO - 
Pairwise Comparisons:
2025-11-26 15:14:01,856 - INFO - Following statistical methodology:
2025-11-26 15:14:01,856 - INFO -   - Normality testing (Shapiro-Wilk)
2025-11-26 15:14:01,856 - INFO -   - Test selection (paired t-test vs Wilcoxon)
2025-11-26 15:14:01,856 - INFO -   - Effect size (Cohen's d)
2025-11-26 15:14:01,856 - INFO -   - 95% Confidence Intervals
2025-11-26 15:14:01,856 - INFO -   - Holm-Bonferroni multiple comparison correction

2025-11-26 15:14:01,860 - INFO -   HybridNaive vs HybridOptimized:
2025-11-26 15:14:01,860 - INFO -     Normality (Shapiro-Wilk):
2025-11-26 15:14:01,860 - INFO -       HybridNaive: p=0.0000 (non-normal)
2025-11-26 15:14:01,860 - INFO -       HybridOptimized: p=0.0001 (non-normal)
2025-11-26 15:14:01,860 - INFO -     Test selected: wilcoxon_signed_rank
2025-11-26 15:14:01,860 - INFO -     Mean difference: -25.58
2025-11-26 15:14:01,860 - INFO -     95% CI difference: [-254.59, 203.44]
2025-11-26 15:14:01,860 - INFO -     p-value (uncorrected): 0.422702
2025-11-26 15:14:01,860 - INFO -     Cohen's d: -0.0682
2025-11-26 15:14:01,860 - INFO -     Effect size interpretation: negligible
2025-11-26 15:14:01,862 - INFO -   HybridNaive vs FullGPU:
2025-11-26 15:14:01,862 - INFO -     Normality (Shapiro-Wilk):
2025-11-26 15:14:01,862 - INFO -       HybridNaive: p=0.0000 (non-normal)
2025-11-26 15:14:01,862 - INFO -       FullGPU: p=0.5180 (normal)
2025-11-26 15:14:01,862 - INFO -     Test selected: wilcoxon_signed_rank
2025-11-26 15:14:01,862 - INFO -     Mean difference: -246.77
2025-11-26 15:14:01,862 - INFO -     95% CI difference: [-401.73, -91.81]
2025-11-26 15:14:01,862 - INFO -     p-value (uncorrected): 0.003229
2025-11-26 15:14:01,862 - INFO -     Cohen's d: -0.8379
2025-11-26 15:14:01,862 - INFO -     Effect size interpretation: large
2025-11-26 15:14:01,864 - INFO -   HybridOptimized vs FullGPU:
2025-11-26 15:14:01,864 - INFO -     Normality (Shapiro-Wilk):
2025-11-26 15:14:01,864 - INFO -       HybridOptimized: p=0.0001 (non-normal)
2025-11-26 15:14:01,864 - INFO -       FullGPU: p=0.5180 (normal)
2025-11-26 15:14:01,864 - INFO -     Test selected: wilcoxon_signed_rank
2025-11-26 15:14:01,865 - INFO -     Mean difference: -221.19
2025-11-26 15:14:01,865 - INFO -     95% CI difference: [-360.31, -82.08]
2025-11-26 15:14:01,865 - INFO -     p-value (uncorrected): 0.007291
2025-11-26 15:14:01,865 - INFO -     Cohen's d: -0.8423
2025-11-26 15:14:01,865 - INFO -     Effect size interpretation: large
2025-11-26 15:14:01,865 - INFO - 
  Multiple Comparison Correction (Holm-Bonferroni, α=0.05):
2025-11-26 15:14:01,865 - INFO -     HybridNaive vs HybridOptimized:
2025-11-26 15:14:01,865 - INFO -       Original p-value: 0.422702
2025-11-26 15:14:01,865 - INFO -       Adjusted p-value: 0.422702
2025-11-26 15:14:01,865 - INFO -       Significant (after correction): False
2025-11-26 15:14:01,865 - INFO -     HybridNaive vs FullGPU:
2025-11-26 15:14:01,865 - INFO -       Original p-value: 0.003229
2025-11-26 15:14:01,865 - INFO -       Adjusted p-value: 0.009687
2025-11-26 15:14:01,865 - INFO -       Significant (after correction): True
2025-11-26 15:14:01,865 - INFO -     HybridOptimized vs FullGPU:
2025-11-26 15:14:01,865 - INFO -       Original p-value: 0.007291
2025-11-26 15:14:01,865 - INFO -       Adjusted p-value: 0.014582
2025-11-26 15:14:01,865 - INFO -       Significant (after correction): True
2025-11-26 15:14:01,865 - INFO - 
Summary: pr299 (optimal=48191.0)
2025-11-26 15:14:01,866 - INFO - --------------------------------------------------------------------------------
2025-11-26 15:14:01,866 - INFO - Algorithm            Mean Cost       Gap (%)      Time (s)     H2D (MB)     D2H (MB)    
2025-11-26 15:14:01,866 - INFO - --------------------------------------------------------------------------------
2025-11-26 15:14:01,866 - INFO - HybridNaive          48865.96        1.40         36.75        53.37        16.00       
2025-11-26 15:14:01,866 - INFO - HybridOptimized      48891.54        1.45         6.70         21.99        21.96       
2025-11-26 15:14:01,866 - INFO - FullGPU              49112.73        1.91         30.14        0.72         0.00        
2025-11-26 15:14:01,866 - INFO - 
Speedups (relative to baseline):
2025-11-26 15:14:01,866 - INFO -   HybridNaive: 1.00x (baseline)
2025-11-26 15:14:01,866 - INFO -   HybridOptimized: 5.48x vs HybridNaive
2025-11-26 15:14:01,866 - INFO -   FullGPU: 1.22x vs HybridNaive
2025-11-26 15:14:01,866 - INFO - 
2025-11-26 15:14:01,869 - INFO - ✓ Problem statistics saved: pr299_stats.json

2025-11-26 15:14:01,918 - INFO - 
================================================================================
2025-11-26 15:14:01,918 - INFO - PROBLEM 32/38: lin318
2025-11-26 15:14:01,918 - INFO - Size: 318 cities | Optimal: 42029.0
2025-11-26 15:14:01,918 - INFO - ================================================================================
2025-11-26 15:14:01,918 - INFO - Running 3 GPU algorithms only (n>100)

2025-11-26 15:14:01,955 - INFO -   [1/3] HybridNaive (GPU): Resuming: 22/26 runs exist, completing remaining 4
2025-11-26 15:14:01,955 - INFO - GeneticAlgorithmHybridNaive initialized: pop_size=256, mutation_rate=0.02, tournament_k=5, 2opt_iters=10
2025-11-26 15:14:01,955 - INFO - Loaded two_opt_kernel for naive hybrid
2025-11-26 15:14:01,955 - INFO - 
  [HybridNaive] INCREMENTAL MODE: Extending lin318 from 22 to 26 runs
2025-11-26 15:14:01,955 - INFO -     Backend: GPU | Early stopping: patience=35 (adaptive: 2×√318) | New repetitions: 4
2025-11-26 15:14:01,956 - INFO -     Run 23/26 (new #1/4, seed=55476542)...
2025-11-26 15:14:48,571 - INFO - No improvement for 35 generations. Stopping at generation 76
2025-11-26 15:14:48,571 - INFO - GeneticAlgorithmHybridNaive evolution complete: best=42847.00, improvement=92.16%, H2D=86.23MB, D2H=24.75MB, kernels=194560, stopped=no_improvements
2025-11-26 15:14:48,571 - INFO -       → Completed in 46.62s | Cost: 42847 (gap: 1.95%) | Generations: 76/11341
2025-11-26 15:14:48,571 - INFO -     Run 24/26 (new #2/4, seed=322890198)...
2025-11-26 15:15:36,346 - INFO - No improvement for 35 generations. Stopping at generation 78
2025-11-26 15:15:36,346 - INFO - GeneticAlgorithmHybridNaive evolution complete: best=43013.00, improvement=92.19%, H2D=88.50MB, D2H=25.40MB, kernels=199680, stopped=no_improvements
2025-11-26 15:15:36,346 - INFO -       → Completed in 47.77s | Cost: 43013 (gap: 2.34%) | Generations: 78/11341
2025-11-26 15:15:36,347 - INFO -     Run 25/26 (new #3/4, seed=1935446366)...
2025-11-26 15:16:38,173 - INFO - Generation 100/11341: best=42845.00, avg=42845.00
2025-11-26 15:16:41,803 - INFO - No improvement for 35 generations. Stopping at generation 106
2025-11-26 15:16:41,803 - INFO - GeneticAlgorithmHybridNaive evolution complete: best=42845.00, improvement=91.91%, H2D=120.27MB, D2H=34.52MB, kernels=271360, stopped=no_improvements
2025-11-26 15:16:41,803 - INFO -       → Completed in 65.46s | Cost: 42845 (gap: 1.94%) | Generations: 106/11341
2025-11-26 15:16:41,803 - INFO -     Run 26/26 (new #4/4, seed=1064512725)...
2025-11-26 15:17:31,257 - INFO - No improvement for 35 generations. Stopping at generation 81
2025-11-26 15:17:31,257 - INFO - GeneticAlgorithmHybridNaive evolution complete: best=42935.00, improvement=92.03%, H2D=91.90MB, D2H=26.38MB, kernels=207360, stopped=no_improvements
2025-11-26 15:17:31,257 - INFO -       → Completed in 49.45s | Cost: 42935 (gap: 2.16%) | Generations: 81/11341
2025-11-26 15:17:31,258 - INFO - 
    ✓ HybridNaive INCREMENTAL summary for lin318 (26 total runs): Cost=42848±389.6 | Gap=1.95%±0.93% | Time=53.48s±11.17s
2025-11-26 15:17:31,268 - INFO -     ✓ Checkpoint saved: lin318_HybridNaive.json
2025-11-26 15:17:31,315 - INFO -   [2/3] HybridOptimized (GPU): Resuming: 22/26 runs exist, completing remaining 4
2025-11-26 15:17:31,316 - INFO - GeneticAlgorithmHybridOptimized initialized: pop_size=256, mutation_rate=0.02, tournament_k=5, 2opt_iters=10
2025-11-26 15:17:31,316 - INFO - Loaded batch kernels: two_opt_batch, cost_calculator
2025-11-26 15:17:31,316 - INFO - 
  [HybridOptimized] INCREMENTAL MODE: Extending lin318 from 22 to 26 runs
2025-11-26 15:17:31,316 - INFO -     Backend: GPU | Early stopping: patience=35 (adaptive: 2×√318) | New repetitions: 4
2025-11-26 15:17:31,316 - INFO -     Run 23/26 (new #1/4, seed=1387403501)...
2025-11-26 15:17:40,061 - INFO - No improvement for 35 generations. Stopping at generation 83
2025-11-26 15:17:40,061 - INFO - GeneticAlgorithmHybridOptimized evolution complete: best=43170.00, improvement=92.10%, H2D=27.84MB, D2H=27.20MB, kernels=913, stopped=no_improvements
2025-11-26 15:17:40,061 - INFO -       → Completed in 8.74s | Cost: 43170 (gap: 2.71%) | Generations: 83/11341
2025-11-26 15:17:40,061 - INFO -     Run 24/26 (new #2/4, seed=1771898403)...
2025-11-26 15:17:48,005 - INFO - No improvement for 35 generations. Stopping at generation 74
2025-11-26 15:17:48,005 - INFO - GeneticAlgorithmHybridOptimized evolution complete: best=44126.00, improvement=91.99%, H2D=24.10MB, D2H=24.25MB, kernels=814, stopped=no_improvements
2025-11-26 15:17:48,005 - INFO -       → Completed in 7.94s | Cost: 44126 (gap: 4.99%) | Generations: 74/11341
2025-11-26 15:17:48,005 - INFO -     Run 25/26 (new #3/4, seed=891504480)...
2025-11-26 15:17:57,565 - INFO - No improvement for 35 generations. Stopping at generation 92
2025-11-26 15:17:57,565 - INFO - GeneticAlgorithmHybridOptimized evolution complete: best=42609.00, improvement=92.25%, H2D=29.96MB, D2H=30.15MB, kernels=1012, stopped=no_improvements
2025-11-26 15:17:57,565 - INFO -       → Completed in 9.56s | Cost: 42609 (gap: 1.38%) | Generations: 92/11341
2025-11-26 15:17:57,565 - INFO -     Run 26/26 (new #4/4, seed=1071134410)...
2025-11-26 15:18:08,106 - INFO - Generation 100/11341: best=42451.00, avg=42451.00
2025-11-26 15:18:10,004 - INFO - No improvement for 35 generations. Stopping at generation 120
2025-11-26 15:18:10,004 - INFO - GeneticAlgorithmHybridOptimized evolution complete: best=42451.00, improvement=92.23%, H2D=39.08MB, D2H=39.32MB, kernels=1320, stopped=no_improvements
2025-11-26 15:18:10,004 - INFO -       → Completed in 12.44s | Cost: 42451 (gap: 1.00%) | Generations: 120/11341
2025-11-26 15:18:10,005 - INFO - 
    ✓ HybridOptimized INCREMENTAL summary for lin318 (26 total runs): Cost=42941±434.7 | Gap=2.17%±1.03% | Time=10.02s±2.52s
2025-11-26 15:18:10,048 - INFO -     ✓ Checkpoint saved: lin318_HybridOptimized.json
2025-11-26 15:18:10,097 - INFO -   [3/3] FullGPU (GPU): Resuming: 22/26 runs exist, completing remaining 4
2025-11-26 15:18:10,097 - INFO - GeneticAlgorithmFullGPUEarlyStop initialized: pop_size=256, mutation_rate=0.02, tournament_k=5, 2opt_iters=10
2025-11-26 15:18:10,097 - INFO - Loaded Fujimoto GA kernel with early stopping support
2025-11-26 15:18:10,098 - INFO - 
  [FullGPU] INCREMENTAL MODE: Extending lin318 from 22 to 26 runs
2025-11-26 15:18:10,098 - INFO -     Backend: GPU | Early stopping: patience=35 (adaptive: 2×√318) | New repetitions: 4
2025-11-26 15:18:10,098 - INFO -     Run 23/26 (new #1/4, seed=1828993425)...
2025-11-26 15:18:10,099 - INFO - FullGPUEarlyStop: Launching kernel (max=11341 gens, optimal=42029.0, patience=35)
2025-11-26 15:18:28,078 - INFO - FullGPUEarlyStop complete: best=42868.00, improvement=92.19%, gens=50/11341, stopped=no_improvements, H2D=0.77MB, D2H=0.00MB, kernels=3
2025-11-26 15:18:28,078 - INFO -       → Completed in 17.98s | Cost: 42868 (gap: 2.00%) | Generations: 50/11341
2025-11-26 15:18:28,078 - INFO -     Run 24/26 (new #2/4, seed=1694800190)...
2025-11-26 15:18:28,080 - INFO - FullGPUEarlyStop: Launching kernel (max=11341 gens, optimal=42029.0, patience=35)
2025-11-26 15:19:05,004 - INFO - FullGPUEarlyStop complete: best=43118.00, improvement=91.97%, gens=104/11341, stopped=no_improvements, H2D=0.77MB, D2H=0.00MB, kernels=3
2025-11-26 15:19:05,004 - INFO -       → Completed in 36.93s | Cost: 43118 (gap: 2.59%) | Generations: 104/11341
2025-11-26 15:19:05,004 - INFO -     Run 25/26 (new #3/4, seed=1633666025)...
2025-11-26 15:19:05,005 - INFO - FullGPUEarlyStop: Launching kernel (max=11341 gens, optimal=42029.0, patience=35)
2025-11-26 15:19:33,717 - INFO - FullGPUEarlyStop complete: best=43121.00, improvement=91.96%, gens=80/11341, stopped=no_improvements, H2D=0.77MB, D2H=0.00MB, kernels=3
2025-11-26 15:19:33,717 - INFO -       → Completed in 28.71s | Cost: 43121 (gap: 2.60%) | Generations: 80/11341
2025-11-26 15:19:33,717 - INFO -     Run 26/26 (new #4/4, seed=393377690)...
2025-11-26 15:19:33,719 - INFO - FullGPUEarlyStop: Launching kernel (max=11341 gens, optimal=42029.0, patience=35)
2025-11-26 15:20:01,408 - INFO - FullGPUEarlyStop complete: best=42973.00, improvement=91.99%, gens=77/11341, stopped=no_improvements, H2D=0.77MB, D2H=0.00MB, kernels=3
2025-11-26 15:20:01,408 - INFO -       → Completed in 27.69s | Cost: 42973 (gap: 2.25%) | Generations: 77/11341
2025-11-26 15:20:01,409 - INFO - 
    ✓ FullGPU INCREMENTAL summary for lin318 (26 total runs): Cost=42971±136.5 | Gap=2.24%±0.32% | Time=36.59s±11.35s
2025-11-26 15:20:01,418 - INFO -     ✓ Checkpoint saved: lin318_FullGPU.json
2025-11-26 15:20:01,467 - INFO - 
────────────────────────────────────────────────────────────────────────────────
2025-11-26 15:20:01,467 - INFO - STATISTICS FOR lin318
2025-11-26 15:20:01,467 - INFO - ────────────────────────────────────────────────────────────────────────────────
2025-11-26 15:20:01,467 - INFO - 
Statistical Analysis: lin318
2025-11-26 15:20:01,467 - INFO - --------------------------------------------------------------------------------
2025-11-26 15:20:01,470 - INFO - Friedman Test (k=3 algorithms):
2025-11-26 15:20:01,471 - INFO -   Statistic: 2.3846
2025-11-26 15:20:01,471 - INFO -   p-value: 0.303520
2025-11-26 15:20:01,471 - INFO -   Significant: False
2025-11-26 15:20:01,478 - INFO - 
Pairwise Comparisons:
2025-11-26 15:20:01,478 - INFO - Following statistical methodology:
2025-11-26 15:20:01,478 - INFO -   - Normality testing (Shapiro-Wilk)
2025-11-26 15:20:01,478 - INFO -   - Test selection (paired t-test vs Wilcoxon)
2025-11-26 15:20:01,479 - INFO -   - Effect size (Cohen's d)
2025-11-26 15:20:01,479 - INFO -   - 95% Confidence Intervals
2025-11-26 15:20:01,479 - INFO -   - Holm-Bonferroni multiple comparison correction

2025-11-26 15:20:01,481 - INFO -   HybridNaive vs HybridOptimized:
2025-11-26 15:20:01,481 - INFO -     Normality (Shapiro-Wilk):
2025-11-26 15:20:01,481 - INFO -       HybridNaive: p=0.0004 (non-normal)
2025-11-26 15:20:01,481 - INFO -       HybridOptimized: p=0.0368 (non-normal)
2025-11-26 15:20:01,481 - INFO -     Test selected: wilcoxon_signed_rank
2025-11-26 15:20:01,481 - INFO -     Mean difference: -93.58
2025-11-26 15:20:01,481 - INFO -     95% CI difference: [-316.42, 129.27]
2025-11-26 15:20:01,481 - INFO -     p-value (uncorrected): 0.181354
2025-11-26 15:20:01,481 - INFO -     Cohen's d: -0.2223
2025-11-26 15:20:01,481 - INFO -     Effect size interpretation: small
2025-11-26 15:20:01,484 - INFO -   HybridNaive vs FullGPU:
2025-11-26 15:20:01,484 - INFO -     Normality (Shapiro-Wilk):
2025-11-26 15:20:01,484 - INFO -       HybridNaive: p=0.0004 (non-normal)
2025-11-26 15:20:01,484 - INFO -       FullGPU: p=0.2039 (normal)
2025-11-26 15:20:01,484 - INFO -     Test selected: wilcoxon_signed_rank
2025-11-26 15:20:01,484 - INFO -     Mean difference: -123.04
2025-11-26 15:20:01,484 - INFO -     95% CI difference: [-280.19, 34.12]
2025-11-26 15:20:01,484 - INFO -     p-value (uncorrected): 0.042162
2025-11-26 15:20:01,484 - INFO -     Cohen's d: -0.4134
2025-11-26 15:20:01,484 - INFO -     Effect size interpretation: small
2025-11-26 15:20:01,488 - INFO -   HybridOptimized vs FullGPU:
2025-11-26 15:20:01,488 - INFO -     Normality (Shapiro-Wilk):
2025-11-26 15:20:01,488 - INFO -       HybridOptimized: p=0.0368 (non-normal)
2025-11-26 15:20:01,488 - INFO -       FullGPU: p=0.2039 (normal)
2025-11-26 15:20:01,488 - INFO -     Test selected: wilcoxon_signed_rank
2025-11-26 15:20:01,488 - INFO -     Mean difference: -29.46
2025-11-26 15:20:01,488 - INFO -     95% CI difference: [-195.78, 136.85]
2025-11-26 15:20:01,488 - INFO -     p-value (uncorrected): 0.582225
2025-11-26 15:20:01,488 - INFO -     Cohen's d: -0.0897
2025-11-26 15:20:01,488 - INFO -     Effect size interpretation: negligible
2025-11-26 15:20:01,488 - INFO - 
  Multiple Comparison Correction (Holm-Bonferroni, α=0.05):
2025-11-26 15:20:01,488 - INFO -     HybridNaive vs HybridOptimized:
2025-11-26 15:20:01,488 - INFO -       Original p-value: 0.181354
2025-11-26 15:20:01,488 - INFO -       Adjusted p-value: 0.362709
2025-11-26 15:20:01,488 - INFO -       Significant (after correction): False
2025-11-26 15:20:01,488 - INFO -     HybridNaive vs FullGPU:
2025-11-26 15:20:01,489 - INFO -       Original p-value: 0.042162
2025-11-26 15:20:01,489 - INFO -       Adjusted p-value: 0.126485
2025-11-26 15:20:01,489 - INFO -       Significant (after correction): False
2025-11-26 15:20:01,489 - INFO -     HybridOptimized vs FullGPU:
2025-11-26 15:20:01,489 - INFO -       Original p-value: 0.582225
2025-11-26 15:20:01,489 - INFO -       Adjusted p-value: 0.582225
2025-11-26 15:20:01,489 - INFO -       Significant (after correction): False
2025-11-26 15:20:01,489 - INFO - 
Summary: lin318 (optimal=42029.0)
2025-11-26 15:20:01,489 - INFO - --------------------------------------------------------------------------------
2025-11-26 15:20:01,489 - INFO - Algorithm            Mean Cost       Gap (%)      Time (s)     H2D (MB)     D2H (MB)    
2025-11-26 15:20:01,489 - INFO - --------------------------------------------------------------------------------
2025-11-26 15:20:01,489 - INFO - HybridNaive          42847.58        1.95         53.48        96.73        27.76       
2025-11-26 15:20:01,489 - INFO - HybridOptimized      42941.15        2.17         10.02        30.24        30.23       
2025-11-26 15:20:01,489 - INFO - FullGPU              42970.62        2.24         36.59        0.81         0.00        
2025-11-26 15:20:01,489 - INFO - 
Speedups (relative to baseline):
2025-11-26 15:20:01,489 - INFO -   HybridNaive: 1.00x (baseline)
2025-11-26 15:20:01,489 - INFO -   HybridOptimized: 5.34x vs HybridNaive
2025-11-26 15:20:01,489 - INFO -   FullGPU: 1.46x vs HybridNaive
2025-11-26 15:20:01,489 - INFO - 
2025-11-26 15:20:01,491 - INFO - ✓ Problem statistics saved: lin318_stats.json

2025-11-26 15:20:01,539 - INFO - 
================================================================================
2025-11-26 15:20:01,539 - INFO - PROBLEM 33/38: rd400
2025-11-26 15:20:01,539 - INFO - Size: 400 cities | Optimal: 15281.0
2025-11-26 15:20:01,539 - INFO - ================================================================================
2025-11-26 15:20:01,539 - INFO - Running 3 GPU algorithms only (n>100)

2025-11-26 15:20:01,582 - INFO -   [1/3] HybridNaive (GPU): Resuming: 22/26 runs exist, completing remaining 4
2025-11-26 15:20:01,583 - INFO - GeneticAlgorithmHybridNaive initialized: pop_size=256, mutation_rate=0.02, tournament_k=5, 2opt_iters=10
2025-11-26 15:20:01,583 - INFO - Loaded two_opt_kernel for naive hybrid
2025-11-26 15:20:01,583 - INFO - 
  [HybridNaive] INCREMENTAL MODE: Extending rd400 from 22 to 26 runs
2025-11-26 15:20:01,583 - INFO -     Backend: GPU | Early stopping: patience=40 (adaptive: 2×√400) | New repetitions: 4
2025-11-26 15:20:01,583 - INFO -     Run 23/26 (new #1/4, seed=1811570945)...
2025-11-26 15:21:27,606 - INFO - No improvement for 40 generations. Stopping at generation 97
2025-11-26 15:21:27,606 - INFO - GeneticAlgorithmHybridNaive evolution complete: best=15786.00, improvement=92.06%, H2D=163.89MB, D2H=39.73MB, kernels=248320, stopped=no_improvements
2025-11-26 15:21:27,606 - INFO -       → Completed in 86.02s | Cost: 15786 (gap: 3.30%) | Generations: 97/16000
2025-11-26 15:21:27,606 - INFO -     Run 24/26 (new #2/4, seed=258614930)...
2025-11-26 15:22:56,251 - INFO - Generation 100/16000: best=15614.00, avg=15614.00
2025-11-26 15:23:00,668 - INFO - No improvement for 40 generations. Stopping at generation 105
2025-11-26 15:23:00,668 - INFO - GeneticAlgorithmHybridNaive evolution complete: best=15614.00, improvement=92.23%, H2D=177.41MB, D2H=43.01MB, kernels=268800, stopped=no_improvements
2025-11-26 15:23:00,668 - INFO -       → Completed in 93.06s | Cost: 15614 (gap: 2.18%) | Generations: 105/16000
2025-11-26 15:23:00,668 - INFO -     Run 25/26 (new #3/4, seed=497260554)...
2025-11-26 15:24:28,993 - INFO - Generation 100/16000: best=15543.00, avg=15543.00
2025-11-26 15:24:44,750 - INFO - No improvement for 40 generations. Stopping at generation 118
2025-11-26 15:24:44,751 - INFO - GeneticAlgorithmHybridNaive evolution complete: best=15543.00, improvement=92.26%, H2D=199.37MB, D2H=48.33MB, kernels=302080, stopped=no_improvements
2025-11-26 15:24:44,751 - INFO -       → Completed in 104.08s | Cost: 15543 (gap: 1.71%) | Generations: 118/16000
2025-11-26 15:24:44,751 - INFO -     Run 26/26 (new #4/4, seed=1005366607)...
2025-11-26 15:26:13,560 - INFO - Generation 100/16000: best=15647.00, avg=15647.00
2025-11-26 15:26:17,982 - INFO - No improvement for 40 generations. Stopping at generation 105
2025-11-26 15:26:17,982 - INFO - GeneticAlgorithmHybridNaive evolution complete: best=15647.00, improvement=92.23%, H2D=177.41MB, D2H=43.01MB, kernels=268800, stopped=no_improvements
2025-11-26 15:26:17,982 - INFO -       → Completed in 93.23s | Cost: 15647 (gap: 2.40%) | Generations: 105/16000
2025-11-26 15:26:17,983 - INFO - 
    ✓ HybridNaive INCREMENTAL summary for rd400 (26 total runs): Cost=15772±178.4 | Gap=3.21%±1.17% | Time=102.60s±13.09s
2025-11-26 15:26:18,002 - INFO -     ✓ Checkpoint saved: rd400_HybridNaive.json
2025-11-26 15:26:18,052 - INFO -   [2/3] HybridOptimized (GPU): Resuming: 22/26 runs exist, completing remaining 4
2025-11-26 15:26:18,052 - INFO - GeneticAlgorithmHybridOptimized initialized: pop_size=256, mutation_rate=0.02, tournament_k=5, 2opt_iters=10
2025-11-26 15:26:18,052 - INFO - Loaded batch kernels: two_opt_batch, cost_calculator
2025-11-26 15:26:18,052 - INFO - 
  [HybridOptimized] INCREMENTAL MODE: Extending rd400 from 22 to 26 runs
2025-11-26 15:26:18,052 - INFO -     Backend: GPU | Early stopping: patience=40 (adaptive: 2×√400) | New repetitions: 4
2025-11-26 15:26:18,052 - INFO -     Run 23/26 (new #1/4, seed=1532484713)...
2025-11-26 15:26:38,839 - INFO - Generation 100/16000: best=15481.00, avg=15481.00
2025-11-26 15:26:39,553 - INFO - No improvement for 40 generations. Stopping at generation 104
2025-11-26 15:26:39,554 - INFO - GeneticAlgorithmHybridOptimized evolution complete: best=15481.00, improvement=92.21%, H2D=43.88MB, D2H=42.81MB, kernels=1144, stopped=no_improvements
2025-11-26 15:26:39,554 - INFO -       → Completed in 21.50s | Cost: 15481 (gap: 1.31%) | Generations: 104/16000
2025-11-26 15:26:39,554 - INFO -     Run 24/26 (new #2/4, seed=116333066)...
2025-11-26 15:27:00,913 - INFO - Generation 100/16000: best=15543.00, avg=15543.00
2025-11-26 15:27:02,165 - INFO - No improvement for 40 generations. Stopping at generation 107
2025-11-26 15:27:02,166 - INFO - GeneticAlgorithmHybridOptimized evolution complete: best=15543.00, improvement=92.14%, H2D=43.83MB, D2H=44.05MB, kernels=1177, stopped=no_improvements
2025-11-26 15:27:02,166 - INFO -       → Completed in 22.61s | Cost: 15543 (gap: 1.71%) | Generations: 107/16000
2025-11-26 15:27:02,166 - INFO -     Run 25/26 (new #3/4, seed=121773708)...
2025-11-26 15:27:23,716 - INFO - Generation 100/16000: best=15665.00, avg=15665.00
2025-11-26 15:27:26,248 - INFO - No improvement for 40 generations. Stopping at generation 114
2025-11-26 15:27:26,248 - INFO - GeneticAlgorithmHybridOptimized evolution complete: best=15665.00, improvement=92.18%, H2D=46.69MB, D2H=46.93MB, kernels=1254, stopped=no_improvements
2025-11-26 15:27:26,248 - INFO -       → Completed in 24.08s | Cost: 15665 (gap: 2.51%) | Generations: 114/16000
2025-11-26 15:27:26,248 - INFO -     Run 26/26 (new #4/4, seed=1011010900)...
2025-11-26 15:27:48,446 - INFO - Generation 100/16000: best=15601.00, avg=15601.00
2025-11-26 15:27:50,791 - INFO - No improvement for 40 generations. Stopping at generation 113
2025-11-26 15:27:50,791 - INFO - GeneticAlgorithmHybridOptimized evolution complete: best=15601.00, improvement=92.25%, H2D=46.28MB, D2H=46.52MB, kernels=1243, stopped=no_improvements
2025-11-26 15:27:50,792 - INFO -       → Completed in 24.54s | Cost: 15601 (gap: 2.09%) | Generations: 113/16000
2025-11-26 15:27:50,792 - INFO - 
    ✓ HybridOptimized INCREMENTAL summary for rd400 (26 total runs): Cost=15759±237.5 | Gap=3.13%±1.55% | Time=24.57s±2.76s
2025-11-26 15:27:50,835 - INFO -     ✓ Checkpoint saved: rd400_HybridOptimized.json
2025-11-26 15:27:50,883 - INFO -   [3/3] FullGPU (GPU): Resuming: 22/26 runs exist, completing remaining 4
2025-11-26 15:27:50,883 - INFO - GeneticAlgorithmFullGPUEarlyStop initialized: pop_size=256, mutation_rate=0.02, tournament_k=5, 2opt_iters=10
2025-11-26 15:27:50,883 - INFO - Loaded Fujimoto GA kernel with early stopping support
2025-11-26 15:27:50,883 - INFO - 
  [FullGPU] INCREMENTAL MODE: Extending rd400 from 22 to 26 runs
2025-11-26 15:27:50,883 - INFO -     Backend: GPU | Early stopping: patience=40 (adaptive: 2×√400) | New repetitions: 4
2025-11-26 15:27:50,883 - INFO -     Run 23/26 (new #1/4, seed=298206565)...
2025-11-26 15:27:50,886 - INFO - FullGPUEarlyStop: Launching kernel (max=16000 gens, optimal=15281.0, patience=40)
2025-11-26 15:29:14,849 - INFO - FullGPUEarlyStop complete: best=15689.00, improvement=92.13%, gens=133/16000, stopped=no_improvements, H2D=1.22MB, D2H=0.00MB, kernels=3
2025-11-26 15:29:14,849 - INFO -       → Completed in 83.97s | Cost: 15689 (gap: 2.67%) | Generations: 133/16000
2025-11-26 15:29:14,849 - INFO -     Run 24/26 (new #2/4, seed=552281117)...
2025-11-26 15:29:14,851 - INFO - FullGPUEarlyStop: Launching kernel (max=16000 gens, optimal=15281.0, patience=40)
2025-11-26 15:30:55,030 - INFO - FullGPUEarlyStop complete: best=15717.00, improvement=92.12%, gens=159/16000, stopped=no_improvements, H2D=1.22MB, D2H=0.00MB, kernels=3
2025-11-26 15:30:55,030 - INFO -       → Completed in 100.18s | Cost: 15717 (gap: 2.85%) | Generations: 159/16000
2025-11-26 15:30:55,030 - INFO -     Run 25/26 (new #3/4, seed=1209382217)...
2025-11-26 15:30:55,032 - INFO - FullGPUEarlyStop: Launching kernel (max=16000 gens, optimal=15281.0, patience=40)
2025-11-26 15:31:57,488 - INFO - FullGPUEarlyStop complete: best=15760.00, improvement=91.97%, gens=98/16000, stopped=no_improvements, H2D=1.22MB, D2H=0.00MB, kernels=3
2025-11-26 15:31:57,489 - INFO -       → Completed in 62.46s | Cost: 15760 (gap: 3.13%) | Generations: 98/16000
2025-11-26 15:31:57,489 - INFO -     Run 26/26 (new #4/4, seed=52277680)...
2025-11-26 15:31:57,491 - INFO - FullGPUEarlyStop: Launching kernel (max=16000 gens, optimal=15281.0, patience=40)
2025-11-26 15:33:43,443 - INFO - FullGPUEarlyStop complete: best=15710.00, improvement=91.99%, gens=168/16000, stopped=no_improvements, H2D=1.22MB, D2H=0.00MB, kernels=3
2025-11-26 15:33:43,443 - INFO -       → Completed in 105.95s | Cost: 15710 (gap: 2.81%) | Generations: 168/16000
2025-11-26 15:33:43,444 - INFO - 
    ✓ FullGPU INCREMENTAL summary for rd400 (26 total runs): Cost=15728±50.5 | Gap=2.92%±0.33% | Time=73.33s±19.40s
2025-11-26 15:33:43,487 - INFO -     ✓ Checkpoint saved: rd400_FullGPU.json
2025-11-26 15:33:43,539 - INFO - 
────────────────────────────────────────────────────────────────────────────────
2025-11-26 15:33:43,539 - INFO - STATISTICS FOR rd400
2025-11-26 15:33:43,539 - INFO - ────────────────────────────────────────────────────────────────────────────────
2025-11-26 15:33:43,539 - INFO - 
Statistical Analysis: rd400
2025-11-26 15:33:43,539 - INFO - --------------------------------------------------------------------------------
2025-11-26 15:33:43,546 - INFO - Friedman Test (k=3 algorithms):
2025-11-26 15:33:43,546 - INFO -   Statistic: 0.7573
2025-11-26 15:33:43,546 - INFO -   p-value: 0.684792
2025-11-26 15:33:43,546 - INFO -   Significant: False
2025-11-26 15:33:43,560 - INFO - 
Pairwise Comparisons:
2025-11-26 15:33:43,560 - INFO - Following statistical methodology:
2025-11-26 15:33:43,560 - INFO -   - Normality testing (Shapiro-Wilk)
2025-11-26 15:33:43,560 - INFO -   - Test selection (paired t-test vs Wilcoxon)
2025-11-26 15:33:43,560 - INFO -   - Effect size (Cohen's d)
2025-11-26 15:33:43,560 - INFO -   - 95% Confidence Intervals
2025-11-26 15:33:43,561 - INFO -   - Holm-Bonferroni multiple comparison correction

2025-11-26 15:33:43,564 - INFO -   HybridNaive vs HybridOptimized:
2025-11-26 15:33:43,564 - INFO -     Normality (Shapiro-Wilk):
2025-11-26 15:33:43,564 - INFO -       HybridNaive: p=0.5464 (normal)
2025-11-26 15:33:43,564 - INFO -       HybridOptimized: p=0.0020 (non-normal)
2025-11-26 15:33:43,564 - INFO -     Test selected: wilcoxon_signed_rank
2025-11-26 15:33:43,564 - INFO -     Mean difference: 12.31
2025-11-26 15:33:43,564 - INFO -     95% CI difference: [-99.63, 124.25]
2025-11-26 15:33:43,564 - INFO -     p-value (uncorrected): 0.756995
2025-11-26 15:33:43,564 - INFO -     Cohen's d: 0.0575
2025-11-26 15:33:43,564 - INFO -     Effect size interpretation: negligible
2025-11-26 15:33:43,567 - INFO -   HybridNaive vs FullGPU:
2025-11-26 15:33:43,567 - INFO -     Normality (Shapiro-Wilk):
2025-11-26 15:33:43,567 - INFO -       HybridNaive: p=0.5464 (normal)
2025-11-26 15:33:43,567 - INFO -       FullGPU: p=0.9956 (normal)
2025-11-26 15:33:43,567 - INFO -     Test selected: paired_t_test
2025-11-26 15:33:43,568 - INFO -     Mean difference: 43.96
2025-11-26 15:33:43,568 - INFO -     95% CI difference: [-31.92, 119.84]
2025-11-26 15:33:43,568 - INFO -     p-value (uncorrected): 0.243976
2025-11-26 15:33:43,568 - INFO -     Cohen's d: 0.3288
2025-11-26 15:33:43,568 - INFO -     Effect size interpretation: small
2025-11-26 15:33:43,571 - INFO -   HybridOptimized vs FullGPU:
2025-11-26 15:33:43,571 - INFO -     Normality (Shapiro-Wilk):
2025-11-26 15:33:43,571 - INFO -       HybridOptimized: p=0.0020 (non-normal)
2025-11-26 15:33:43,571 - INFO -       FullGPU: p=0.9956 (normal)
2025-11-26 15:33:43,571 - INFO -     Test selected: wilcoxon_signed_rank
2025-11-26 15:33:43,571 - INFO -     Mean difference: 31.65
2025-11-26 15:33:43,571 - INFO -     95% CI difference: [-68.75, 132.06]
2025-11-26 15:33:43,572 - INFO -     p-value (uncorrected): 0.979737
2025-11-26 15:33:43,572 - INFO -     Cohen's d: 0.1808
2025-11-26 15:33:43,572 - INFO -     Effect size interpretation: negligible
2025-11-26 15:33:43,572 - INFO - 
  Multiple Comparison Correction (Holm-Bonferroni, α=0.05):
2025-11-26 15:33:43,572 - INFO -     HybridNaive vs HybridOptimized:
2025-11-26 15:33:43,572 - INFO -       Original p-value: 0.756995
2025-11-26 15:33:43,572 - INFO -       Adjusted p-value: 1.000000
2025-11-26 15:33:43,572 - INFO -       Significant (after correction): False
2025-11-26 15:33:43,572 - INFO -     HybridNaive vs FullGPU:
2025-11-26 15:33:43,572 - INFO -       Original p-value: 0.243976
2025-11-26 15:33:43,572 - INFO -       Adjusted p-value: 0.731928
2025-11-26 15:33:43,572 - INFO -       Significant (after correction): False
2025-11-26 15:33:43,573 - INFO -     HybridOptimized vs FullGPU:
2025-11-26 15:33:43,573 - INFO -       Original p-value: 0.979737
2025-11-26 15:33:43,573 - INFO -       Adjusted p-value: 1.000000
2025-11-26 15:33:43,573 - INFO -       Significant (after correction): False
2025-11-26 15:33:43,573 - INFO - 
Summary: rd400 (optimal=15281.0)
2025-11-26 15:33:43,573 - INFO - --------------------------------------------------------------------------------
2025-11-26 15:33:43,573 - INFO - Algorithm            Mean Cost       Gap (%)      Time (s)     H2D (MB)     D2H (MB)    
2025-11-26 15:33:43,573 - INFO - --------------------------------------------------------------------------------
2025-11-26 15:33:43,573 - INFO - HybridNaive          15771.62        3.21         102.60       179.52       43.52       
2025-11-26 15:33:43,573 - INFO - HybridOptimized      15759.31        3.13         24.57        45.17        45.08       
2025-11-26 15:33:43,573 - INFO - FullGPU              15727.65        2.92         73.33        1.28         0.00        
2025-11-26 15:33:43,573 - INFO - 
Speedups (relative to baseline):
2025-11-26 15:33:43,573 - INFO -   HybridNaive: 1.00x (baseline)
2025-11-26 15:33:43,574 - INFO -   HybridOptimized: 4.18x vs HybridNaive
2025-11-26 15:33:43,574 - INFO -   FullGPU: 1.40x vs HybridNaive
2025-11-26 15:33:43,574 - INFO - 
2025-11-26 15:33:43,578 - INFO - ✓ Problem statistics saved: rd400_stats.json

2025-11-26 15:33:43,647 - INFO - 
================================================================================
2025-11-26 15:33:43,648 - INFO - PROBLEM 34/38: fl417
2025-11-26 15:33:43,648 - INFO - Size: 417 cities | Optimal: 11861.0
2025-11-26 15:33:43,648 - INFO - ================================================================================
2025-11-26 15:33:43,649 - INFO - Running 3 GPU algorithms only (n>100)

2025-11-26 15:33:43,705 - INFO -   [1/3] HybridNaive (GPU): Resuming: 22/26 runs exist, completing remaining 4
2025-11-26 15:33:43,706 - INFO - GeneticAlgorithmHybridNaive initialized: pop_size=256, mutation_rate=0.02, tournament_k=5, 2opt_iters=10
2025-11-26 15:33:43,707 - INFO - Loaded two_opt_kernel for naive hybrid
2025-11-26 15:33:43,707 - INFO - 
  [HybridNaive] INCREMENTAL MODE: Extending fl417 from 22 to 26 runs
2025-11-26 15:33:43,707 - INFO -     Backend: GPU | Early stopping: patience=40 (adaptive: 2×√417) | New repetitions: 4
2025-11-26 15:33:43,707 - INFO -     Run 23/26 (new #1/4, seed=1591253227)...
2025-11-26 15:35:12,768 - INFO - Generation 100/17030: best=12105.00, avg=12105.00
2025-11-26 15:35:24,251 - INFO - No improvement for 40 generations. Stopping at generation 113
2025-11-26 15:35:24,251 - INFO - GeneticAlgorithmHybridNaive evolution complete: best=12105.00, improvement=97.35%, H2D=205.45MB, D2H=48.25MB, kernels=289280, stopped=no_improvements
2025-11-26 15:35:24,251 - INFO -       → Completed in 100.54s | Cost: 12105 (gap: 2.06%) | Generations: 113/17030
2025-11-26 15:35:24,251 - INFO -     Run 24/26 (new #2/4, seed=286740467)...
2025-11-26 15:36:53,349 - INFO - Generation 100/17030: best=12061.00, avg=12061.00
2025-11-26 15:36:56,892 - INFO - No improvement for 40 generations. Stopping at generation 104
2025-11-26 15:36:56,892 - INFO - GeneticAlgorithmHybridNaive evolution complete: best=12061.00, improvement=97.37%, H2D=189.08MB, D2H=44.41MB, kernels=266240, stopped=no_improvements
2025-11-26 15:36:56,892 - INFO -       → Completed in 92.64s | Cost: 12061 (gap: 1.69%) | Generations: 104/17030
2025-11-26 15:36:56,892 - INFO -     Run 25/26 (new #3/4, seed=1899110953)...
2025-11-26 15:37:46,380 - INFO - Near-optimal solution reached at generation 55 (cost=11971.00, optimal=11861.00, gap=0.93%)
2025-11-26 15:37:46,380 - INFO - GeneticAlgorithmHybridNaive evolution complete: best=11971.00, improvement=97.43%, H2D=100.00MB, D2H=23.49MB, kernels=140800, stopped=hit_optimal
2025-11-26 15:37:46,380 - INFO -       → Completed in 49.49s | Cost: 11971 (gap: 0.93%) | Generations: 55/17030
2025-11-26 15:37:46,380 - INFO -     Run 26/26 (new #4/4, seed=2025641581)...
2025-11-26 15:38:36,529 - INFO - Near-optimal solution reached at generation 56 (cost=11978.00, optimal=11861.00, gap=0.99%)
2025-11-26 15:38:36,529 - INFO - GeneticAlgorithmHybridNaive evolution complete: best=11978.00, improvement=97.42%, H2D=101.81MB, D2H=23.91MB, kernels=143360, stopped=hit_optimal
2025-11-26 15:38:36,529 - INFO -       → Completed in 50.15s | Cost: 11978 (gap: 0.99%) | Generations: 56/17030
2025-11-26 15:38:36,530 - INFO - 
    ✓ HybridNaive INCREMENTAL summary for fl417 (26 total runs): Cost=12049±70.1 | Gap=1.58%±0.59% | Time=92.55s±35.84s
2025-11-26 15:38:36,573 - INFO -     ✓ Checkpoint saved: fl417_HybridNaive.json
2025-11-26 15:38:36,625 - INFO -   [2/3] HybridOptimized (GPU): Resuming: 22/26 runs exist, completing remaining 4
2025-11-26 15:38:36,626 - INFO - GeneticAlgorithmHybridOptimized initialized: pop_size=256, mutation_rate=0.02, tournament_k=5, 2opt_iters=10
2025-11-26 15:38:36,626 - INFO - Loaded batch kernels: two_opt_batch, cost_calculator
2025-11-26 15:38:36,626 - INFO - 
  [HybridOptimized] INCREMENTAL MODE: Extending fl417 from 22 to 26 runs
2025-11-26 15:38:36,626 - INFO -     Backend: GPU | Early stopping: patience=40 (adaptive: 2×√417) | New repetitions: 4
2025-11-26 15:38:36,626 - INFO -     Run 23/26 (new #1/4, seed=738469681)...
2025-11-26 15:38:54,239 - INFO - Generation 100/17030: best=11997.00, avg=11997.00
2025-11-26 15:38:55,749 - INFO - No improvement for 40 generations. Stopping at generation 111
2025-11-26 15:38:55,749 - INFO - GeneticAlgorithmHybridOptimized evolution complete: best=11997.00, improvement=97.37%, H2D=48.79MB, D2H=47.63MB, kernels=1221, stopped=no_improvements
2025-11-26 15:38:55,749 - INFO -       → Completed in 19.12s | Cost: 11997 (gap: 1.15%) | Generations: 111/17030
2025-11-26 15:38:55,749 - INFO -     Run 24/26 (new #2/4, seed=1847609918)...
2025-11-26 15:39:13,142 - INFO - No improvement for 40 generations. Stopping at generation 94
2025-11-26 15:39:13,142 - INFO - GeneticAlgorithmHybridOptimized evolution complete: best=12023.00, improvement=97.40%, H2D=40.14MB, D2H=40.33MB, kernels=1034, stopped=no_improvements
2025-11-26 15:39:13,142 - INFO -       → Completed in 17.39s | Cost: 12023 (gap: 1.37%) | Generations: 94/17030
2025-11-26 15:39:13,142 - INFO -     Run 25/26 (new #3/4, seed=128408198)...
2025-11-26 15:39:31,178 - INFO - Generation 100/17030: best=12082.00, avg=12082.00
2025-11-26 15:39:31,747 - INFO - No improvement for 40 generations. Stopping at generation 104
2025-11-26 15:39:31,747 - INFO - GeneticAlgorithmHybridOptimized evolution complete: best=12082.00, improvement=97.29%, H2D=44.41MB, D2H=44.62MB, kernels=1144, stopped=no_improvements
2025-11-26 15:39:31,747 - INFO -       → Completed in 18.60s | Cost: 12082 (gap: 1.86%) | Generations: 104/17030
2025-11-26 15:39:31,747 - INFO -     Run 26/26 (new #4/4, seed=1362553215)...
2025-11-26 15:39:49,112 - INFO - Generation 100/17030: best=12120.00, avg=12120.00
2025-11-26 15:39:49,674 - INFO - No improvement for 40 generations. Stopping at generation 104
2025-11-26 15:39:49,674 - INFO - GeneticAlgorithmHybridOptimized evolution complete: best=12120.00, improvement=97.32%, H2D=44.41MB, D2H=44.62MB, kernels=1144, stopped=no_improvements
2025-11-26 15:39:49,674 - INFO -       → Completed in 17.93s | Cost: 12120 (gap: 2.18%) | Generations: 104/17030
2025-11-26 15:39:49,675 - INFO - 
    ✓ HybridOptimized INCREMENTAL summary for fl417 (26 total runs): Cost=12090±126.3 | Gap=1.93%±1.06% | Time=18.92s±3.82s
2025-11-26 15:39:49,718 - INFO -     ✓ Checkpoint saved: fl417_HybridOptimized.json
2025-11-26 15:39:49,766 - INFO -   [3/3] FullGPU (GPU): Resuming: 22/26 runs exist, completing remaining 4
2025-11-26 15:39:49,766 - INFO - GeneticAlgorithmFullGPUEarlyStop initialized: pop_size=256, mutation_rate=0.02, tournament_k=5, 2opt_iters=10
2025-11-26 15:39:49,767 - INFO - Loaded Fujimoto GA kernel with early stopping support
2025-11-26 15:39:49,767 - INFO - 
  [FullGPU] INCREMENTAL MODE: Extending fl417 from 22 to 26 runs
2025-11-26 15:39:49,767 - INFO -     Backend: GPU | Early stopping: patience=40 (adaptive: 2×√417) | New repetitions: 4
2025-11-26 15:39:49,767 - INFO -     Run 23/26 (new #1/4, seed=860683441)...
2025-11-26 15:39:49,769 - INFO - FullGPUEarlyStop: Launching kernel (max=17030 gens, optimal=11861.0, patience=40)
2025-11-26 15:41:16,491 - INFO - FullGPUEarlyStop complete: best=11990.00, improvement=97.40%, gens=115/17030, stopped=no_improvements, H2D=1.33MB, D2H=0.00MB, kernels=3
2025-11-26 15:41:16,491 - INFO -       → Completed in 86.72s | Cost: 11990 (gap: 1.09%) | Generations: 115/17030
2025-11-26 15:41:16,491 - INFO -     Run 24/26 (new #2/4, seed=543252881)...
2025-11-26 15:41:16,493 - INFO - FullGPUEarlyStop: Launching kernel (max=17030 gens, optimal=11861.0, patience=40)
2025-11-26 15:42:11,977 - INFO - FullGPUEarlyStop complete: best=11969.00, improvement=97.39%, gens=74/17030, stopped=hit_optimal, H2D=1.33MB, D2H=0.00MB, kernels=3
2025-11-26 15:42:11,977 - INFO -       → Completed in 55.49s | Cost: 11969 (gap: 0.91%) | Generations: 74/17030
2025-11-26 15:42:11,977 - INFO -     Run 25/26 (new #3/4, seed=1295068257)...
2025-11-26 15:42:11,979 - INFO - FullGPUEarlyStop: Launching kernel (max=17030 gens, optimal=11861.0, patience=40)
2025-11-26 15:43:32,676 - INFO - FullGPUEarlyStop complete: best=11990.00, improvement=97.39%, gens=106/17030, stopped=no_improvements, H2D=1.33MB, D2H=0.00MB, kernels=3
2025-11-26 15:43:32,676 - INFO -       → Completed in 80.70s | Cost: 11990 (gap: 1.09%) | Generations: 106/17030
2025-11-26 15:43:32,676 - INFO -     Run 26/26 (new #4/4, seed=1321911516)...
2025-11-26 15:43:32,678 - INFO - FullGPUEarlyStop: Launching kernel (max=17030 gens, optimal=11861.0, patience=40)
2025-11-26 15:44:26,741 - INFO - FullGPUEarlyStop complete: best=11970.00, improvement=97.39%, gens=71/17030, stopped=hit_optimal, H2D=1.33MB, D2H=0.00MB, kernels=3
2025-11-26 15:44:26,741 - INFO -       → Completed in 54.07s | Cost: 11970 (gap: 0.92%) | Generations: 71/17030
2025-11-26 15:44:26,742 - INFO - 
    ✓ FullGPU INCREMENTAL summary for fl417 (26 total runs): Cost=11986±13.0 | Gap=1.06%±0.11% | Time=87.88s±26.72s
2025-11-26 15:44:26,785 - INFO -     ✓ Checkpoint saved: fl417_FullGPU.json
2025-11-26 15:44:26,833 - INFO - 
────────────────────────────────────────────────────────────────────────────────
2025-11-26 15:44:26,833 - INFO - STATISTICS FOR fl417
2025-11-26 15:44:26,833 - INFO - ────────────────────────────────────────────────────────────────────────────────
2025-11-26 15:44:26,833 - INFO - 
Statistical Analysis: fl417
2025-11-26 15:44:26,833 - INFO - --------------------------------------------------------------------------------
2025-11-26 15:44:26,837 - INFO - Friedman Test (k=3 algorithms):
2025-11-26 15:44:26,837 - INFO -   Statistic: 13.0000
2025-11-26 15:44:26,837 - INFO -   p-value: 0.001503
2025-11-26 15:44:26,837 - INFO -   Significant: True
2025-11-26 15:44:26,844 - INFO - 
Nemenyi Post-Hoc Test:
2025-11-26 15:44:26,854 - INFO -   Critical distance: 0.9193
2025-11-26 15:44:26,854 - INFO -   Mean ranks:
2025-11-26 15:44:26,854 - INFO -     HybridNaive: 2.27
2025-11-26 15:44:26,854 - INFO -     HybridOptimized: 2.31
2025-11-26 15:44:26,854 - INFO -     FullGPU: 1.42
2025-11-26 15:44:26,854 - INFO - 
  Significant pairwise differences:
2025-11-26 15:44:26,854 - INFO -     HybridNaive vs FullGPU: rank_diff=0.85, p=0.0065
2025-11-26 15:44:26,854 - INFO -     HybridOptimized vs FullGPU: rank_diff=0.88, p=0.0041
2025-11-26 15:44:26,854 - INFO - 
Pairwise Comparisons:
2025-11-26 15:44:26,854 - INFO - Following statistical methodology:
2025-11-26 15:44:26,854 - INFO -   - Normality testing (Shapiro-Wilk)
2025-11-26 15:44:26,854 - INFO -   - Test selection (paired t-test vs Wilcoxon)
2025-11-26 15:44:26,854 - INFO -   - Effect size (Cohen's d)
2025-11-26 15:44:26,854 - INFO -   - 95% Confidence Intervals
2025-11-26 15:44:26,854 - INFO -   - Holm-Bonferroni multiple comparison correction

2025-11-26 15:44:26,856 - INFO -   HybridNaive vs HybridOptimized:
2025-11-26 15:44:26,856 - INFO -     Normality (Shapiro-Wilk):
2025-11-26 15:44:26,856 - INFO -       HybridNaive: p=0.0107 (non-normal)
2025-11-26 15:44:26,856 - INFO -       HybridOptimized: p=0.0000 (non-normal)
2025-11-26 15:44:26,856 - INFO -     Test selected: wilcoxon_signed_rank
2025-11-26 15:44:26,856 - INFO -     Mean difference: -40.77
2025-11-26 15:44:26,856 - INFO -     95% CI difference: [-106.70, 25.17]
2025-11-26 15:44:26,856 - INFO -     p-value (uncorrected): 0.517179
2025-11-26 15:44:26,856 - INFO -     Cohen's d: -0.3915
2025-11-26 15:44:26,856 - INFO -     Effect size interpretation: small
2025-11-26 15:44:26,858 - INFO -   HybridNaive vs FullGPU:
2025-11-26 15:44:26,858 - INFO -     Normality (Shapiro-Wilk):
2025-11-26 15:44:26,858 - INFO -       HybridNaive: p=0.0107 (non-normal)
2025-11-26 15:44:26,858 - INFO -       FullGPU: p=0.5361 (normal)
2025-11-26 15:44:26,858 - INFO -     Test selected: wilcoxon_signed_rank
2025-11-26 15:44:26,858 - INFO -     Mean difference: 62.35
2025-11-26 15:44:26,858 - INFO -     95% CI difference: [33.18, 91.51]
2025-11-26 15:44:26,858 - INFO -     p-value (uncorrected): 0.000295
2025-11-26 15:44:26,859 - INFO -     Cohen's d: 1.2129
2025-11-26 15:44:26,859 - INFO -     Effect size interpretation: large
2025-11-26 15:44:26,861 - INFO -   HybridOptimized vs FullGPU:
2025-11-26 15:44:26,861 - INFO -     Normality (Shapiro-Wilk):
2025-11-26 15:44:26,861 - INFO -       HybridOptimized: p=0.0000 (non-normal)
2025-11-26 15:44:26,861 - INFO -       FullGPU: p=0.5361 (normal)
2025-11-26 15:44:26,861 - INFO -     Test selected: wilcoxon_signed_rank
2025-11-26 15:44:26,861 - INFO -     Mean difference: 103.12
2025-11-26 15:44:26,861 - INFO -     95% CI difference: [50.51, 155.72]
2025-11-26 15:44:26,861 - INFO -     p-value (uncorrected): 0.000016
2025-11-26 15:44:26,861 - INFO -     Cohen's d: 1.1264
2025-11-26 15:44:26,861 - INFO -     Effect size interpretation: large
2025-11-26 15:44:26,861 - INFO - 
  Multiple Comparison Correction (Holm-Bonferroni, α=0.05):
2025-11-26 15:44:26,861 - INFO -     HybridNaive vs HybridOptimized:
2025-11-26 15:44:26,861 - INFO -       Original p-value: 0.517179
2025-11-26 15:44:26,861 - INFO -       Adjusted p-value: 0.517179
2025-11-26 15:44:26,861 - INFO -       Significant (after correction): False
2025-11-26 15:44:26,861 - INFO -     HybridNaive vs FullGPU:
2025-11-26 15:44:26,862 - INFO -       Original p-value: 0.000295
2025-11-26 15:44:26,862 - INFO -       Adjusted p-value: 0.000591
2025-11-26 15:44:26,862 - INFO -       Significant (after correction): True
2025-11-26 15:44:26,862 - INFO -     HybridOptimized vs FullGPU:
2025-11-26 15:44:26,862 - INFO -       Original p-value: 0.000016
2025-11-26 15:44:26,862 - INFO -       Adjusted p-value: 0.000048
2025-11-26 15:44:26,862 - INFO -       Significant (after correction): True
2025-11-26 15:44:26,862 - INFO - 
Summary: fl417 (optimal=11861.0)
2025-11-26 15:44:26,862 - INFO - --------------------------------------------------------------------------------
2025-11-26 15:44:26,862 - INFO - Algorithm            Mean Cost       Gap (%)      Time (s)     H2D (MB)     D2H (MB)    
2025-11-26 15:44:26,862 - INFO - --------------------------------------------------------------------------------
2025-11-26 15:44:26,862 - INFO - HybridNaive          12048.73        1.58         92.55        149.09       35.01       
2025-11-26 15:44:26,862 - INFO - HybridOptimized      12089.50        1.93         18.92        44.44        44.30       
2025-11-26 15:44:26,862 - INFO - FullGPU              11986.38        1.06         87.88        1.39         0.00        
2025-11-26 15:44:26,862 - INFO - 
Speedups (relative to baseline):
2025-11-26 15:44:26,862 - INFO -   HybridNaive: 1.00x (baseline)
2025-11-26 15:44:26,863 - INFO -   HybridOptimized: 4.89x vs HybridNaive
2025-11-26 15:44:26,863 - INFO -   FullGPU: 1.05x vs HybridNaive
2025-11-26 15:44:26,863 - INFO - 
2025-11-26 15:44:26,866 - INFO - ✓ Problem statistics saved: fl417_stats.json

2025-11-26 15:44:26,915 - INFO - 
================================================================================
2025-11-26 15:44:26,915 - INFO - PROBLEM 35/38: pr439
2025-11-26 15:44:26,915 - INFO - Size: 439 cities | Optimal: 107217.0
2025-11-26 15:44:26,915 - INFO - ================================================================================
2025-11-26 15:44:26,915 - INFO - Running 3 GPU algorithms only (n>100)

2025-11-26 15:44:26,955 - INFO -   [1/3] HybridNaive (GPU): Resuming: 22/26 runs exist, completing remaining 4
2025-11-26 15:44:26,955 - INFO - GeneticAlgorithmHybridNaive initialized: pop_size=256, mutation_rate=0.02, tournament_k=5, 2opt_iters=10
2025-11-26 15:44:26,955 - INFO - Loaded two_opt_kernel for naive hybrid
2025-11-26 15:44:26,956 - INFO - 
  [HybridNaive] INCREMENTAL MODE: Extending pr439 from 22 to 26 runs
2025-11-26 15:44:26,956 - INFO -     Backend: GPU | Early stopping: patience=41 (adaptive: 2×√439) | New repetitions: 4
2025-11-26 15:44:26,956 - INFO -     Run 23/26 (new #1/4, seed=1990941142)...
2025-11-26 15:46:02,867 - INFO - No improvement for 41 generations. Stopping at generation 100
2025-11-26 15:46:02,867 - INFO - GeneticAlgorithmHybridNaive evolution complete: best=109424.00, improvement=93.93%, H2D=199.13MB, D2H=44.95MB, kernels=256000, stopped=no_improvements
2025-11-26 15:46:02,867 - INFO -       → Completed in 95.91s | Cost: 109424 (gap: 2.06%) | Generations: 100/18396
2025-11-26 15:46:02,867 - INFO -     Run 24/26 (new #2/4, seed=1472655161)...
2025-11-26 15:47:38,676 - INFO - Generation 100/18396: best=111260.00, avg=111260.00
2025-11-26 15:47:43,366 - INFO - No improvement for 41 generations. Stopping at generation 105
2025-11-26 15:47:43,366 - INFO - GeneticAlgorithmHybridNaive evolution complete: best=111260.00, improvement=93.66%, H2D=209.09MB, D2H=47.20MB, kernels=268800, stopped=no_improvements
2025-11-26 15:47:43,366 - INFO -       → Completed in 100.50s | Cost: 111260 (gap: 3.77%) | Generations: 105/18396
2025-11-26 15:47:43,366 - INFO -     Run 25/26 (new #3/4, seed=1954306697)...
2025-11-26 15:49:19,910 - INFO - Generation 100/18396: best=111766.00, avg=111766.00
2025-11-26 15:49:23,691 - INFO - No improvement for 41 generations. Stopping at generation 104
2025-11-26 15:49:23,691 - INFO - GeneticAlgorithmHybridNaive evolution complete: best=111766.00, improvement=93.77%, H2D=207.10MB, D2H=46.75MB, kernels=266240, stopped=no_improvements
2025-11-26 15:49:23,691 - INFO -       → Completed in 100.32s | Cost: 111766 (gap: 4.24%) | Generations: 104/18396
2025-11-26 15:49:23,691 - INFO -     Run 26/26 (new #4/4, seed=1865653314)...
2025-11-26 15:51:00,083 - INFO - Generation 100/18396: best=110248.00, avg=110248.00
2025-11-26 15:51:03,876 - INFO - No improvement for 41 generations. Stopping at generation 104
2025-11-26 15:51:03,876 - INFO - GeneticAlgorithmHybridNaive evolution complete: best=110248.00, improvement=93.85%, H2D=207.10MB, D2H=46.75MB, kernels=266240, stopped=no_improvements
2025-11-26 15:51:03,876 - INFO -       → Completed in 100.18s | Cost: 110248 (gap: 2.83%) | Generations: 104/18396
2025-11-26 15:51:03,877 - INFO - 
    ✓ HybridNaive INCREMENTAL summary for pr439 (26 total runs): Cost=110158±1528.2 | Gap=2.74%±1.43% | Time=111.28s±17.82s
2025-11-26 15:51:03,919 - INFO -     ✓ Checkpoint saved: pr439_HybridNaive.json
2025-11-26 15:51:03,969 - INFO -   [2/3] HybridOptimized (GPU): Resuming: 22/26 runs exist, completing remaining 4
2025-11-26 15:51:03,969 - INFO - GeneticAlgorithmHybridOptimized initialized: pop_size=256, mutation_rate=0.02, tournament_k=5, 2opt_iters=10
2025-11-26 15:51:03,970 - INFO - Loaded batch kernels: two_opt_batch, cost_calculator
2025-11-26 15:51:03,970 - INFO - 
  [HybridOptimized] INCREMENTAL MODE: Extending pr439 from 22 to 26 runs
2025-11-26 15:51:03,970 - INFO -     Backend: GPU | Early stopping: patience=41 (adaptive: 2×√439) | New repetitions: 4
2025-11-26 15:51:03,970 - INFO -     Run 23/26 (new #1/4, seed=1368937378)...
2025-11-26 15:51:25,200 - INFO - Generation 100/18396: best=110654.00, avg=110654.00
2025-11-26 15:51:32,559 - INFO - No improvement for 41 generations. Stopping at generation 148
2025-11-26 15:51:32,559 - INFO - GeneticAlgorithmHybridOptimized evolution complete: best=109641.00, improvement=93.91%, H2D=68.07MB, D2H=66.83MB, kernels=1628, stopped=no_improvements
2025-11-26 15:51:32,559 - INFO -       → Completed in 28.59s | Cost: 109641 (gap: 2.26%) | Generations: 148/18396
2025-11-26 15:51:32,559 - INFO -     Run 24/26 (new #2/4, seed=347565733)...
2025-11-26 15:51:49,192 - INFO - Near-optimal solution reached at generation 66 (cost=108265.00, optimal=107217.00, gap=0.98%)
2025-11-26 15:51:49,192 - INFO - GeneticAlgorithmHybridOptimized evolution complete: best=108265.00, improvement=93.94%, H2D=29.67MB, D2H=29.80MB, kernels=726, stopped=hit_optimal
2025-11-26 15:51:49,192 - INFO -       → Completed in 16.63s | Cost: 108265 (gap: 0.98%) | Generations: 66/18396
2025-11-26 15:51:49,192 - INFO -     Run 25/26 (new #3/4, seed=1742466890)...
2025-11-26 15:52:09,493 - INFO - Generation 100/18396: best=111735.00, avg=111735.00
2025-11-26 15:52:10,098 - INFO - No improvement for 41 generations. Stopping at generation 104
2025-11-26 15:52:10,098 - INFO - GeneticAlgorithmHybridOptimized evolution complete: best=111735.00, improvement=93.78%, H2D=46.75MB, D2H=46.96MB, kernels=1144, stopped=no_improvements
2025-11-26 15:52:10,098 - INFO -       → Completed in 20.91s | Cost: 111735 (gap: 4.21%) | Generations: 104/18396
2025-11-26 15:52:10,098 - INFO -     Run 26/26 (new #4/4, seed=2081606980)...
2025-11-26 15:52:31,468 - INFO - Generation 100/18396: best=110365.00, avg=110365.00
2025-11-26 15:52:31,983 - INFO - No improvement for 41 generations. Stopping at generation 103
2025-11-26 15:52:31,984 - INFO - GeneticAlgorithmHybridOptimized evolution complete: best=110365.00, improvement=93.92%, H2D=46.30MB, D2H=46.51MB, kernels=1133, stopped=no_improvements
2025-11-26 15:52:31,984 - INFO -       → Completed in 21.89s | Cost: 110365 (gap: 2.94%) | Generations: 103/18396
2025-11-26 15:52:31,984 - INFO - 
    ✓ HybridOptimized INCREMENTAL summary for pr439 (26 total runs): Cost=110099±1485.2 | Gap=2.69%±1.39% | Time=23.47s±3.28s
2025-11-26 15:52:31,994 - INFO -     ✓ Checkpoint saved: pr439_HybridOptimized.json
2025-11-26 15:52:32,042 - INFO -   [3/3] FullGPU (GPU): Resuming: 22/26 runs exist, completing remaining 4
2025-11-26 15:52:32,042 - INFO - GeneticAlgorithmFullGPUEarlyStop initialized: pop_size=256, mutation_rate=0.02, tournament_k=5, 2opt_iters=10
2025-11-26 15:52:32,043 - INFO - Loaded Fujimoto GA kernel with early stopping support
2025-11-26 15:52:32,043 - INFO - 
  [FullGPU] INCREMENTAL MODE: Extending pr439 from 22 to 26 runs
2025-11-26 15:52:32,043 - INFO -     Backend: GPU | Early stopping: patience=41 (adaptive: 2×√439) | New repetitions: 4
2025-11-26 15:52:32,043 - INFO -     Run 23/26 (new #1/4, seed=799854800)...
2025-11-26 15:52:32,045 - INFO - FullGPUEarlyStop: Launching kernel (max=18396 gens, optimal=107217.0, patience=41)
2025-11-26 15:54:19,217 - INFO - FullGPUEarlyStop complete: best=108466.00, improvement=93.84%, gens=139/18396, stopped=no_improvements, H2D=1.47MB, D2H=0.00MB, kernels=3
2025-11-26 15:54:19,217 - INFO -       → Completed in 107.17s | Cost: 108466 (gap: 1.16%) | Generations: 139/18396
2025-11-26 15:54:19,217 - INFO -     Run 24/26 (new #2/4, seed=1008687711)...
2025-11-26 15:54:19,219 - INFO - FullGPUEarlyStop: Launching kernel (max=18396 gens, optimal=107217.0, patience=41)
2025-11-26 15:56:00,799 - INFO - FullGPUEarlyStop complete: best=108907.00, improvement=94.00%, gens=132/18396, stopped=no_improvements, H2D=1.47MB, D2H=0.00MB, kernels=3
2025-11-26 15:56:00,799 - INFO -       → Completed in 101.58s | Cost: 108907 (gap: 1.58%) | Generations: 132/18396
2025-11-26 15:56:00,799 - INFO -     Run 25/26 (new #3/4, seed=1613849107)...
2025-11-26 15:56:00,801 - INFO - FullGPUEarlyStop: Launching kernel (max=18396 gens, optimal=107217.0, patience=41)
2025-11-26 15:57:55,570 - INFO - FullGPUEarlyStop complete: best=108851.00, improvement=93.86%, gens=148/18396, stopped=no_improvements, H2D=1.47MB, D2H=0.00MB, kernels=3
2025-11-26 15:57:55,570 - INFO -       → Completed in 114.77s | Cost: 108851 (gap: 1.52%) | Generations: 148/18396
2025-11-26 15:57:55,570 - INFO -     Run 26/26 (new #4/4, seed=304254104)...
2025-11-26 15:57:55,572 - INFO - FullGPUEarlyStop: Launching kernel (max=18396 gens, optimal=107217.0, patience=41)
2025-11-26 15:58:49,132 - INFO - FullGPUEarlyStop complete: best=108987.00, improvement=93.85%, gens=68/18396, stopped=no_improvements, H2D=1.47MB, D2H=0.00MB, kernels=3
2025-11-26 15:58:49,132 - INFO -       → Completed in 53.56s | Cost: 108987 (gap: 1.65%) | Generations: 68/18396
2025-11-26 15:58:49,133 - INFO - 
    ✓ FullGPU INCREMENTAL summary for pr439 (26 total runs): Cost=108506±200.9 | Gap=1.20%±0.19% | Time=85.94s±23.38s
2025-11-26 15:58:49,175 - INFO -     ✓ Checkpoint saved: pr439_FullGPU.json
2025-11-26 15:58:49,222 - INFO - 
────────────────────────────────────────────────────────────────────────────────
2025-11-26 15:58:49,223 - INFO - STATISTICS FOR pr439
2025-11-26 15:58:49,223 - INFO - ────────────────────────────────────────────────────────────────────────────────
2025-11-26 15:58:49,223 - INFO - 
Statistical Analysis: pr439
2025-11-26 15:58:49,223 - INFO - --------------------------------------------------------------------------------
2025-11-26 15:58:49,226 - INFO - Friedman Test (k=3 algorithms):
2025-11-26 15:58:49,226 - INFO -   Statistic: 21.0000
2025-11-26 15:58:49,226 - INFO -   p-value: 0.000028
2025-11-26 15:58:49,226 - INFO -   Significant: True
2025-11-26 15:58:49,235 - INFO - 
Nemenyi Post-Hoc Test:
2025-11-26 15:58:49,243 - INFO -   Critical distance: 0.9193
2025-11-26 15:58:49,243 - INFO -   Mean ranks:
2025-11-26 15:58:49,243 - INFO -     HybridNaive: 2.42
2025-11-26 15:58:49,243 - INFO -     HybridOptimized: 2.31
2025-11-26 15:58:49,243 - INFO -     FullGPU: 1.27
2025-11-26 15:58:49,243 - INFO - 
  Significant pairwise differences:
2025-11-26 15:58:49,243 - INFO -     HybridNaive vs FullGPU: rank_diff=1.15, p=0.0001
2025-11-26 15:58:49,243 - INFO -     HybridOptimized vs FullGPU: rank_diff=1.04, p=0.0005
2025-11-26 15:58:49,243 - INFO - 
Pairwise Comparisons:
2025-11-26 15:58:49,243 - INFO - Following statistical methodology:
2025-11-26 15:58:49,243 - INFO -   - Normality testing (Shapiro-Wilk)
2025-11-26 15:58:49,244 - INFO -   - Test selection (paired t-test vs Wilcoxon)
2025-11-26 15:58:49,244 - INFO -   - Effect size (Cohen's d)
2025-11-26 15:58:49,244 - INFO -   - 95% Confidence Intervals
2025-11-26 15:58:49,244 - INFO -   - Holm-Bonferroni multiple comparison correction

2025-11-26 15:58:49,247 - INFO -   HybridNaive vs HybridOptimized:
2025-11-26 15:58:49,247 - INFO -     Normality (Shapiro-Wilk):
2025-11-26 15:58:49,247 - INFO -       HybridNaive: p=0.0399 (non-normal)
2025-11-26 15:58:49,247 - INFO -       HybridOptimized: p=0.0487 (non-normal)
2025-11-26 15:58:49,247 - INFO -     Test selected: wilcoxon_signed_rank
2025-11-26 15:58:49,247 - INFO -     Mean difference: 58.31
2025-11-26 15:58:49,247 - INFO -     95% CI difference: [-810.17, 926.78]
2025-11-26 15:58:49,248 - INFO -     p-value (uncorrected): 0.726540
2025-11-26 15:58:49,248 - INFO -     Cohen's d: 0.0379
2025-11-26 15:58:49,248 - INFO -     Effect size interpretation: negligible
2025-11-26 15:58:49,251 - INFO -   HybridNaive vs FullGPU:
2025-11-26 15:58:49,251 - INFO -     Normality (Shapiro-Wilk):
2025-11-26 15:58:49,251 - INFO -       HybridNaive: p=0.0399 (non-normal)
2025-11-26 15:58:49,251 - INFO -       FullGPU: p=0.4849 (normal)
2025-11-26 15:58:49,251 - INFO -     Test selected: wilcoxon_signed_rank
2025-11-26 15:58:49,251 - INFO -     Mean difference: 1651.04
2025-11-26 15:58:49,251 - INFO -     95% CI difference: [1015.63, 2286.44]
2025-11-26 15:58:49,251 - INFO -     p-value (uncorrected): 0.000006
2025-11-26 15:58:49,251 - INFO -     Cohen's d: 1.4855
2025-11-26 15:58:49,251 - INFO -     Effect size interpretation: large
2025-11-26 15:58:49,254 - INFO -   HybridOptimized vs FullGPU:
2025-11-26 15:58:49,254 - INFO -     Normality (Shapiro-Wilk):
2025-11-26 15:58:49,255 - INFO -       HybridOptimized: p=0.0487 (non-normal)
2025-11-26 15:58:49,255 - INFO -       FullGPU: p=0.4849 (normal)
2025-11-26 15:58:49,255 - INFO -     Test selected: wilcoxon_signed_rank
2025-11-26 15:58:49,255 - INFO -     Mean difference: 1592.73
2025-11-26 15:58:49,255 - INFO -     95% CI difference: [994.78, 2190.68]
2025-11-26 15:58:49,255 - INFO -     p-value (uncorrected): 0.000003
2025-11-26 15:58:49,255 - INFO -     Cohen's d: 1.4738
2025-11-26 15:58:49,255 - INFO -     Effect size interpretation: large
2025-11-26 15:58:49,255 - INFO - 
  Multiple Comparison Correction (Holm-Bonferroni, α=0.05):
2025-11-26 15:58:49,255 - INFO -     HybridNaive vs HybridOptimized:
2025-11-26 15:58:49,255 - INFO -       Original p-value: 0.726540
2025-11-26 15:58:49,255 - INFO -       Adjusted p-value: 0.726540
2025-11-26 15:58:49,255 - INFO -       Significant (after correction): False
2025-11-26 15:58:49,255 - INFO -     HybridNaive vs FullGPU:
2025-11-26 15:58:49,255 - INFO -       Original p-value: 0.000006
2025-11-26 15:58:49,255 - INFO -       Adjusted p-value: 0.000012
2025-11-26 15:58:49,255 - INFO -       Significant (after correction): True
2025-11-26 15:58:49,255 - INFO -     HybridOptimized vs FullGPU:
2025-11-26 15:58:49,256 - INFO -       Original p-value: 0.000003
2025-11-26 15:58:49,256 - INFO -       Adjusted p-value: 0.000008
2025-11-26 15:58:49,256 - INFO -       Significant (after correction): True
2025-11-26 15:58:49,256 - INFO - 
Summary: pr439 (optimal=107217.0)
2025-11-26 15:58:49,256 - INFO - --------------------------------------------------------------------------------
2025-11-26 15:58:49,256 - INFO - Algorithm            Mean Cost       Gap (%)      Time (s)     H2D (MB)     D2H (MB)    
2025-11-26 15:58:49,256 - INFO - --------------------------------------------------------------------------------
2025-11-26 15:58:49,256 - INFO - HybridNaive          110157.54       2.74         111.28       205.60       46.41       
2025-11-26 15:58:49,256 - INFO - HybridOptimized      110099.23       2.69         23.47        47.70        47.53       
2025-11-26 15:58:49,256 - INFO - FullGPU              108506.50       1.20         85.94        1.54         0.00        
2025-11-26 15:58:49,256 - INFO - 
Speedups (relative to baseline):
2025-11-26 15:58:49,256 - INFO -   HybridNaive: 1.00x (baseline)
2025-11-26 15:58:49,256 - INFO -   HybridOptimized: 4.74x vs HybridNaive
2025-11-26 15:58:49,256 - INFO -   FullGPU: 1.29x vs HybridNaive
2025-11-26 15:58:49,256 - INFO - 
2025-11-26 15:58:49,260 - INFO - ✓ Problem statistics saved: pr439_stats.json

2025-11-26 15:58:49,308 - INFO - 
================================================================================
2025-11-26 15:58:49,308 - INFO - PROBLEM 36/38: pcb442
2025-11-26 15:58:49,308 - INFO - Size: 442 cities | Optimal: 50778.0
2025-11-26 15:58:49,308 - INFO - ================================================================================
2025-11-26 15:58:49,308 - INFO - Running 3 GPU algorithms only (n>100)

2025-11-26 15:58:49,348 - INFO -   [1/3] HybridNaive (GPU): Resuming: 20/26 runs exist, completing remaining 6
2025-11-26 15:58:49,348 - INFO - GeneticAlgorithmHybridNaive initialized: pop_size=256, mutation_rate=0.02, tournament_k=5, 2opt_iters=10
2025-11-26 15:58:49,348 - INFO - Loaded two_opt_kernel for naive hybrid
2025-11-26 15:58:49,348 - INFO - 
  [HybridNaive] INCREMENTAL MODE: Extending pcb442 from 20 to 26 runs
2025-11-26 15:58:49,348 - INFO -     Backend: GPU | Early stopping: patience=42 (adaptive: 2×√442) | New repetitions: 6
2025-11-26 15:58:49,348 - INFO -     Run 21/26 (new #1/6, seed=1369717252)...
2025-11-26 16:00:27,582 - INFO - Generation 100/18585: best=51894.00, avg=51894.00
2025-11-26 16:00:41,061 - INFO - No improvement for 42 generations. Stopping at generation 114
2025-11-26 16:00:41,061 - INFO - GeneticAlgorithmHybridNaive evolution complete: best=51894.00, improvement=92.91%, H2D=229.77MB, D2H=51.60MB, kernels=291840, stopped=no_improvements
2025-11-26 16:00:41,061 - INFO -       → Completed in 111.71s | Cost: 51894 (gap: 2.20%) | Generations: 114/18585
2025-11-26 16:00:41,061 - INFO -     Run 22/26 (new #2/6, seed=438616287)...
2025-11-26 16:02:19,226 - INFO - Generation 100/18585: best=53671.00, avg=53671.00
2025-11-26 16:02:31,779 - INFO - No improvement for 42 generations. Stopping at generation 113
2025-11-26 16:02:31,779 - INFO - GeneticAlgorithmHybridNaive evolution complete: best=53671.00, improvement=92.67%, H2D=227.75MB, D2H=51.14MB, kernels=289280, stopped=no_improvements
2025-11-26 16:02:31,779 - INFO -       → Completed in 110.72s | Cost: 53671 (gap: 5.70%) | Generations: 113/18585
2025-11-26 16:02:31,779 - INFO -     Run 23/26 (new #3/6, seed=884109542)...
2025-11-26 16:04:10,149 - INFO - Generation 100/18585: best=51797.00, avg=51797.00
2025-11-26 16:05:22,255 - INFO - No improvement for 42 generations. Stopping at generation 174
2025-11-26 16:05:22,255 - INFO - GeneticAlgorithmHybridNaive evolution complete: best=51725.00, improvement=92.86%, H2D=350.70MB, D2H=78.75MB, kernels=445440, stopped=no_improvements
2025-11-26 16:05:22,256 - INFO -       → Completed in 170.48s | Cost: 51725 (gap: 1.86%) | Generations: 174/18585
2025-11-26 16:05:22,256 - INFO -     Run 24/26 (new #4/6, seed=1764779633)...
2025-11-26 16:07:01,029 - INFO - Generation 100/18585: best=51796.00, avg=51796.00
2025-11-26 16:07:22,786 - INFO - No improvement for 42 generations. Stopping at generation 122
2025-11-26 16:07:22,786 - INFO - GeneticAlgorithmHybridNaive evolution complete: best=51796.00, improvement=92.91%, H2D=245.89MB, D2H=55.22MB, kernels=312320, stopped=no_improvements
2025-11-26 16:07:22,786 - INFO -       → Completed in 120.53s | Cost: 51796 (gap: 2.00%) | Generations: 122/18585
2025-11-26 16:07:22,786 - INFO -     Run 25/26 (new #5/6, seed=1736596576)...
2025-11-26 16:09:00,635 - INFO - Generation 100/18585: best=54384.00, avg=54384.00
2025-11-26 16:09:11,182 - INFO - No improvement for 42 generations. Stopping at generation 111
2025-11-26 16:09:11,182 - INFO - GeneticAlgorithmHybridNaive evolution complete: best=54384.00, improvement=92.60%, H2D=223.72MB, D2H=50.24MB, kernels=284160, stopped=no_improvements
2025-11-26 16:09:11,182 - INFO -       → Completed in 108.40s | Cost: 54384 (gap: 7.10%) | Generations: 111/18585
2025-11-26 16:09:11,183 - INFO -     Run 26/26 (new #6/6, seed=2094970740)...
2025-11-26 16:10:49,726 - INFO - Generation 100/18585: best=51793.00, avg=51793.00
2025-11-26 16:11:10,090 - INFO - No improvement for 42 generations. Stopping at generation 121
2025-11-26 16:11:10,090 - INFO - GeneticAlgorithmHybridNaive evolution complete: best=51793.00, improvement=92.82%, H2D=243.88MB, D2H=54.77MB, kernels=309760, stopped=no_improvements
2025-11-26 16:11:10,090 - INFO -       → Completed in 118.91s | Cost: 51793 (gap: 2.00%) | Generations: 121/18585
2025-11-26 16:11:10,091 - INFO - 
    ✓ HybridNaive INCREMENTAL summary for pcb442 (26 total runs): Cost=52527±1051.6 | Gap=3.44%±2.07% | Time=129.46s±20.42s
2025-11-26 16:11:10,134 - INFO -     ✓ Checkpoint saved: pcb442_HybridNaive.json
2025-11-26 16:11:10,182 - INFO -   [2/3] HybridOptimized (GPU): Resuming: 20/26 runs exist, completing remaining 6
2025-11-26 16:11:10,182 - INFO - GeneticAlgorithmHybridOptimized initialized: pop_size=256, mutation_rate=0.02, tournament_k=5, 2opt_iters=10
2025-11-26 16:11:10,182 - INFO - Loaded batch kernels: two_opt_batch, cost_calculator
2025-11-26 16:11:10,182 - INFO - 
  [HybridOptimized] INCREMENTAL MODE: Extending pcb442 from 20 to 26 runs
2025-11-26 16:11:10,182 - INFO -     Backend: GPU | Early stopping: patience=42 (adaptive: 2×√442) | New repetitions: 6
2025-11-26 16:11:10,182 - INFO -     Run 21/26 (new #1/6, seed=1519782375)...
2025-11-26 16:11:34,753 - INFO - Generation 100/18585: best=52162.00, avg=52246.12
2025-11-26 16:11:42,228 - INFO - No improvement for 42 generations. Stopping at generation 140
2025-11-26 16:11:42,228 - INFO - GeneticAlgorithmHybridOptimized evolution complete: best=52162.00, improvement=92.87%, H2D=64.93MB, D2H=63.65MB, kernels=1540, stopped=no_improvements
2025-11-26 16:11:42,228 - INFO -       → Completed in 32.05s | Cost: 52162 (gap: 2.73%) | Generations: 140/18585
2025-11-26 16:11:42,228 - INFO -     Run 22/26 (new #2/6, seed=1503807640)...
2025-11-26 16:12:07,051 - INFO - Generation 100/18585: best=51771.00, avg=51771.00
2025-11-26 16:12:09,687 - INFO - No improvement for 42 generations. Stopping at generation 114
2025-11-26 16:12:09,687 - INFO - GeneticAlgorithmHybridOptimized evolution complete: best=51771.00, improvement=92.82%, H2D=51.60MB, D2H=51.83MB, kernels=1254, stopped=no_improvements
2025-11-26 16:12:09,687 - INFO -       → Completed in 27.46s | Cost: 51771 (gap: 1.96%) | Generations: 114/18585
2025-11-26 16:12:09,687 - INFO -     Run 23/26 (new #3/6, seed=1967018521)...
2025-11-26 16:12:33,535 - INFO - Generation 100/18585: best=52816.00, avg=52816.00
2025-11-26 16:12:35,541 - INFO - No improvement for 42 generations. Stopping at generation 111
2025-11-26 16:12:35,541 - INFO - GeneticAlgorithmHybridOptimized evolution complete: best=52816.00, improvement=92.72%, H2D=50.24MB, D2H=50.47MB, kernels=1221, stopped=no_improvements
2025-11-26 16:12:35,541 - INFO -       → Completed in 25.85s | Cost: 52816 (gap: 4.01%) | Generations: 111/18585
2025-11-26 16:12:35,541 - INFO -     Run 24/26 (new #4/6, seed=972850237)...
2025-11-26 16:12:59,039 - INFO - Generation 100/18585: best=52409.00, avg=52746.83
2025-11-26 16:13:06,103 - INFO - No improvement for 42 generations. Stopping at generation 141
2025-11-26 16:13:06,103 - INFO - GeneticAlgorithmHybridOptimized evolution complete: best=52409.00, improvement=92.87%, H2D=63.82MB, D2H=64.11MB, kernels=1551, stopped=no_improvements
2025-11-26 16:13:06,103 - INFO -       → Completed in 30.56s | Cost: 52409 (gap: 3.21%) | Generations: 141/18585
2025-11-26 16:13:06,103 - INFO -     Run 25/26 (new #5/6, seed=651864135)...
2025-11-26 16:13:31,224 - INFO - Generation 100/18585: best=51671.00, avg=51671.00
2025-11-26 16:13:35,482 - INFO - No improvement for 42 generations. Stopping at generation 123
2025-11-26 16:13:35,482 - INFO - GeneticAlgorithmHybridOptimized evolution complete: best=51671.00, improvement=92.96%, H2D=55.67MB, D2H=55.92MB, kernels=1353, stopped=no_improvements
2025-11-26 16:13:35,482 - INFO -       → Completed in 29.38s | Cost: 51671 (gap: 1.76%) | Generations: 123/18585
2025-11-26 16:13:35,482 - INFO -     Run 26/26 (new #6/6, seed=2046130589)...
2025-11-26 16:14:00,117 - INFO - Generation 100/18585: best=51953.00, avg=51953.00
2025-11-26 16:14:03,318 - INFO - No improvement for 42 generations. Stopping at generation 117
2025-11-26 16:14:03,318 - INFO - GeneticAlgorithmHybridOptimized evolution complete: best=51953.00, improvement=92.86%, H2D=52.96MB, D2H=53.19MB, kernels=1287, stopped=no_improvements
2025-11-26 16:14:03,318 - INFO -       → Completed in 27.84s | Cost: 51953 (gap: 2.31%) | Generations: 117/18585
2025-11-26 16:14:03,319 - INFO - 
    ✓ HybridOptimized INCREMENTAL summary for pcb442 (26 total runs): Cost=52091±641.9 | Gap=2.59%±1.26% | Time=31.24s±4.51s
2025-11-26 16:14:03,328 - INFO -     ✓ Checkpoint saved: pcb442_HybridOptimized.json
2025-11-26 16:14:03,378 - INFO -   [3/3] FullGPU (GPU): Resuming: 20/26 runs exist, completing remaining 6
2025-11-26 16:14:03,378 - INFO - GeneticAlgorithmFullGPUEarlyStop initialized: pop_size=256, mutation_rate=0.02, tournament_k=5, 2opt_iters=10
2025-11-26 16:14:03,379 - INFO - Loaded Fujimoto GA kernel with early stopping support
2025-11-26 16:14:03,379 - INFO - 
  [FullGPU] INCREMENTAL MODE: Extending pcb442 from 20 to 26 runs
2025-11-26 16:14:03,379 - INFO -     Backend: GPU | Early stopping: patience=42 (adaptive: 2×√442) | New repetitions: 6
2025-11-26 16:14:03,379 - INFO -     Run 21/26 (new #1/6, seed=890853054)...
2025-11-26 16:14:03,381 - INFO - FullGPUEarlyStop: Launching kernel (max=18585 gens, optimal=50778.0, patience=42)
2025-11-26 16:15:00,274 - INFO - FullGPUEarlyStop complete: best=52700.00, improvement=92.83%, gens=75/18585, stopped=no_improvements, H2D=1.49MB, D2H=0.00MB, kernels=3
2025-11-26 16:15:00,275 - INFO -       → Completed in 56.90s | Cost: 52700 (gap: 3.79%) | Generations: 75/18585
2025-11-26 16:15:00,275 - INFO -     Run 22/26 (new #2/6, seed=1224572598)...
2025-11-26 16:15:00,277 - INFO - FullGPUEarlyStop: Launching kernel (max=18585 gens, optimal=50778.0, patience=42)
2025-11-26 16:15:43,339 - INFO - FullGPUEarlyStop complete: best=52521.00, improvement=92.85%, gens=56/18585, stopped=no_improvements, H2D=1.49MB, D2H=0.00MB, kernels=3
2025-11-26 16:15:43,339 - INFO -       → Completed in 43.06s | Cost: 52521 (gap: 3.43%) | Generations: 56/18585
2025-11-26 16:15:43,339 - INFO -     Run 23/26 (new #3/6, seed=1960399115)...
2025-11-26 16:15:43,341 - INFO - FullGPUEarlyStop: Launching kernel (max=18585 gens, optimal=50778.0, patience=42)
2025-11-26 16:16:57,299 - INFO - FullGPUEarlyStop complete: best=52563.00, improvement=92.85%, gens=98/18585, stopped=no_improvements, H2D=1.49MB, D2H=0.00MB, kernels=3
2025-11-26 16:16:57,299 - INFO -       → Completed in 73.96s | Cost: 52563 (gap: 3.52%) | Generations: 98/18585
2025-11-26 16:16:57,299 - INFO -     Run 24/26 (new #4/6, seed=1690459411)...
2025-11-26 16:16:57,301 - INFO - FullGPUEarlyStop: Launching kernel (max=18585 gens, optimal=50778.0, patience=42)
2025-11-26 16:18:56,571 - INFO - FullGPUEarlyStop complete: best=52384.00, improvement=92.76%, gens=159/18585, stopped=no_improvements, H2D=1.49MB, D2H=0.00MB, kernels=3
2025-11-26 16:18:56,572 - INFO -       → Completed in 119.27s | Cost: 52384 (gap: 3.16%) | Generations: 159/18585
2025-11-26 16:18:56,572 - INFO -     Run 25/26 (new #5/6, seed=801657180)...
2025-11-26 16:18:56,574 - INFO - FullGPUEarlyStop: Launching kernel (max=18585 gens, optimal=50778.0, patience=42)
2025-11-26 16:20:13,040 - INFO - FullGPUEarlyStop complete: best=52316.00, improvement=92.77%, gens=101/18585, stopped=no_improvements, H2D=1.49MB, D2H=0.00MB, kernels=3
2025-11-26 16:20:13,040 - INFO -       → Completed in 76.47s | Cost: 52316 (gap: 3.03%) | Generations: 101/18585
2025-11-26 16:20:13,041 - INFO -     Run 26/26 (new #6/6, seed=655590417)...
2025-11-26 16:20:13,043 - INFO - FullGPUEarlyStop: Launching kernel (max=18585 gens, optimal=50778.0, patience=42)
2025-11-26 16:21:27,438 - INFO - FullGPUEarlyStop complete: best=52476.00, improvement=92.75%, gens=98/18585, stopped=no_improvements, H2D=1.49MB, D2H=0.00MB, kernels=3
2025-11-26 16:21:27,438 - INFO -       → Completed in 74.40s | Cost: 52476 (gap: 3.34%) | Generations: 98/18585
2025-11-26 16:21:27,439 - INFO - 
    ✓ FullGPU INCREMENTAL summary for pcb442 (26 total runs): Cost=52418±190.6 | Gap=3.23%±0.38% | Time=79.60s±25.05s
2025-11-26 16:21:27,481 - INFO -     ✓ Checkpoint saved: pcb442_FullGPU.json
2025-11-26 16:21:27,529 - INFO - 
────────────────────────────────────────────────────────────────────────────────
2025-11-26 16:21:27,529 - INFO - STATISTICS FOR pcb442
2025-11-26 16:21:27,530 - INFO - ────────────────────────────────────────────────────────────────────────────────
2025-11-26 16:21:27,530 - INFO - 
Statistical Analysis: pcb442
2025-11-26 16:21:27,530 - INFO - --------------------------------------------------------------------------------
2025-11-26 16:21:27,533 - INFO - Friedman Test (k=3 algorithms):
2025-11-26 16:21:27,533 - INFO -   Statistic: 5.1538
2025-11-26 16:21:27,533 - INFO -   p-value: 0.076008
2025-11-26 16:21:27,533 - INFO -   Significant: False
2025-11-26 16:21:27,545 - INFO - 
Pairwise Comparisons:
2025-11-26 16:21:27,545 - INFO - Following statistical methodology:
2025-11-26 16:21:27,545 - INFO -   - Normality testing (Shapiro-Wilk)
2025-11-26 16:21:27,545 - INFO -   - Test selection (paired t-test vs Wilcoxon)
2025-11-26 16:21:27,545 - INFO -   - Effect size (Cohen's d)
2025-11-26 16:21:27,546 - INFO -   - 95% Confidence Intervals
2025-11-26 16:21:27,546 - INFO -   - Holm-Bonferroni multiple comparison correction

2025-11-26 16:21:27,549 - INFO -   HybridNaive vs HybridOptimized:
2025-11-26 16:21:27,549 - INFO -     Normality (Shapiro-Wilk):
2025-11-26 16:21:27,549 - INFO -       HybridNaive: p=0.0011 (non-normal)
2025-11-26 16:21:27,549 - INFO -       HybridOptimized: p=0.0178 (non-normal)
2025-11-26 16:21:27,549 - INFO -     Test selected: wilcoxon_signed_rank
2025-11-26 16:21:27,549 - INFO -     Mean difference: 436.15
2025-11-26 16:21:27,549 - INFO -     95% CI difference: [-117.89, 990.20]
2025-11-26 16:21:27,549 - INFO -     p-value (uncorrected): 0.236950
2025-11-26 16:21:27,549 - INFO -     Cohen's d: 0.4909
2025-11-26 16:21:27,549 - INFO -     Effect size interpretation: small
2025-11-26 16:21:27,552 - INFO -   HybridNaive vs FullGPU:
2025-11-26 16:21:27,552 - INFO -     Normality (Shapiro-Wilk):
2025-11-26 16:21:27,552 - INFO -       HybridNaive: p=0.0011 (non-normal)
2025-11-26 16:21:27,552 - INFO -       FullGPU: p=0.2566 (normal)
2025-11-26 16:21:27,552 - INFO -     Test selected: wilcoxon_signed_rank
2025-11-26 16:21:27,552 - INFO -     Mean difference: 108.73
2025-11-26 16:21:27,552 - INFO -     95% CI difference: [-340.91, 558.37]
2025-11-26 16:21:27,552 - INFO -     p-value (uncorrected): 0.611453
2025-11-26 16:21:27,552 - INFO -     Cohen's d: 0.1411
2025-11-26 16:21:27,552 - INFO -     Effect size interpretation: negligible
2025-11-26 16:21:27,555 - INFO -   HybridOptimized vs FullGPU:
2025-11-26 16:21:27,555 - INFO -     Normality (Shapiro-Wilk):
2025-11-26 16:21:27,555 - INFO -       HybridOptimized: p=0.0178 (non-normal)
2025-11-26 16:21:27,555 - INFO -       FullGPU: p=0.2566 (normal)
2025-11-26 16:21:27,555 - INFO -     Test selected: wilcoxon_signed_rank
2025-11-26 16:21:27,555 - INFO -     Mean difference: -327.42
2025-11-26 16:21:27,556 - INFO -     95% CI difference: [-604.92, -49.92]
2025-11-26 16:21:27,556 - INFO -     p-value (uncorrected): 0.020429
2025-11-26 16:21:27,556 - INFO -     Cohen's d: -0.6781
2025-11-26 16:21:27,556 - INFO -     Effect size interpretation: medium
2025-11-26 16:21:27,556 - INFO - 
  Multiple Comparison Correction (Holm-Bonferroni, α=0.05):
2025-11-26 16:21:27,556 - INFO -     HybridNaive vs HybridOptimized:
2025-11-26 16:21:27,556 - INFO -       Original p-value: 0.236950
2025-11-26 16:21:27,556 - INFO -       Adjusted p-value: 0.473900
2025-11-26 16:21:27,556 - INFO -       Significant (after correction): False
2025-11-26 16:21:27,556 - INFO -     HybridNaive vs FullGPU:
2025-11-26 16:21:27,556 - INFO -       Original p-value: 0.611453
2025-11-26 16:21:27,556 - INFO -       Adjusted p-value: 0.611453
2025-11-26 16:21:27,556 - INFO -       Significant (after correction): False
2025-11-26 16:21:27,556 - INFO -     HybridOptimized vs FullGPU:
2025-11-26 16:21:27,556 - INFO -       Original p-value: 0.020429
2025-11-26 16:21:27,556 - INFO -       Adjusted p-value: 0.061286
2025-11-26 16:21:27,556 - INFO -       Significant (after correction): False
2025-11-26 16:21:27,557 - INFO - 
Summary: pcb442 (optimal=50778.0)
2025-11-26 16:21:27,557 - INFO - --------------------------------------------------------------------------------
2025-11-26 16:21:27,557 - INFO - Algorithm            Mean Cost       Gap (%)      Time (s)     H2D (MB)     D2H (MB)    
2025-11-26 16:21:27,557 - INFO - --------------------------------------------------------------------------------
2025-11-26 16:21:27,557 - INFO - HybridNaive          52526.88        3.44         129.46       253.62       56.95       
2025-11-26 16:21:27,557 - INFO - HybridOptimized      52090.73        2.59         31.24        56.53        56.53       
2025-11-26 16:21:27,557 - INFO - FullGPU              52418.15        3.23         79.60        1.56         0.00        
2025-11-26 16:21:27,557 - INFO - 
Speedups (relative to baseline):
2025-11-26 16:21:27,557 - INFO -   HybridNaive: 1.00x (baseline)
2025-11-26 16:21:27,557 - INFO -   HybridOptimized: 4.14x vs HybridNaive
2025-11-26 16:21:27,557 - INFO -   FullGPU: 1.63x vs HybridNaive
2025-11-26 16:21:27,557 - INFO - 
2025-11-26 16:21:27,560 - INFO - ✓ Problem statistics saved: pcb442_stats.json

2025-11-26 16:21:27,609 - INFO - 
================================================================================
2025-11-26 16:21:27,609 - INFO - PROBLEM 37/38: rat783
2025-11-26 16:21:27,609 - INFO - Size: 783 cities | Optimal: 8806.0
2025-11-26 16:21:27,609 - INFO - ================================================================================
2025-11-26 16:21:27,609 - INFO - Running 3 GPU algorithms only (n>100)

2025-11-26 16:21:27,676 - INFO -   [1/3] HybridNaive (GPU): Resuming: 20/26 runs exist, completing remaining 6
2025-11-26 16:21:27,677 - INFO - GeneticAlgorithmHybridNaive initialized: pop_size=256, mutation_rate=0.02, tournament_k=5, 2opt_iters=10
2025-11-26 16:21:27,677 - INFO - Loaded two_opt_kernel for naive hybrid
2025-11-26 16:21:27,677 - INFO - 
  [HybridNaive] INCREMENTAL MODE: Extending rat783 from 20 to 26 runs
2025-11-26 16:21:27,677 - INFO -     Backend: GPU | Early stopping: patience=55 (adaptive: 2×√783) | New repetitions: 6
2025-11-26 16:21:27,677 - INFO -     Run 21/26 (new #1/6, seed=1428570901)...
2025-11-26 16:25:25,419 - INFO - Generation 100/43820: best=9702.00, avg=9744.18
2025-11-26 16:28:36,801 - INFO - No improvement for 55 generations. Stopping at generation 184
2025-11-26 16:28:36,802 - INFO - GeneticAlgorithmHybridNaive evolution complete: best=9302.00, improvement=94.51%, H2D=1050.00MB, D2H=147.53MB, kernels=471040, stopped=no_improvements
2025-11-26 16:28:36,802 - INFO -       → Completed in 429.12s | Cost: 9302 (gap: 5.63%) | Generations: 184/43820
2025-11-26 16:28:36,802 - INFO -     Run 22/26 (new #2/6, seed=409998137)...
2025-11-26 16:32:34,745 - INFO - Generation 100/43820: best=9665.00, avg=9709.98
2025-11-26 16:36:25,856 - INFO - Generation 200/43820: best=9364.00, avg=9364.00
2025-11-26 16:36:55,765 - INFO - No improvement for 55 generations. Stopping at generation 213
2025-11-26 16:36:55,765 - INFO - GeneticAlgorithmHybridNaive evolution complete: best=9364.00, improvement=94.55%, H2D=1215.49MB, D2H=170.78MB, kernels=545280, stopped=no_improvements
2025-11-26 16:36:55,765 - INFO -       → Completed in 498.96s | Cost: 9364 (gap: 6.34%) | Generations: 213/43820
2025-11-26 16:36:55,765 - INFO -     Run 23/26 (new #3/6, seed=611511054)...
2025-11-26 16:40:54,820 - INFO - Generation 100/43820: best=10022.00, avg=10102.93
2025-11-26 16:44:03,634 - INFO - No improvement for 55 generations. Stopping at generation 182
2025-11-26 16:44:03,634 - INFO - GeneticAlgorithmHybridNaive evolution complete: best=9475.00, improvement=94.45%, H2D=1038.58MB, D2H=145.93MB, kernels=465920, stopped=no_improvements
2025-11-26 16:44:03,634 - INFO -       → Completed in 427.87s | Cost: 9475 (gap: 7.60%) | Generations: 182/43820
2025-11-26 16:44:03,634 - INFO -     Run 24/26 (new #4/6, seed=131451043)...
2025-11-26 16:48:01,769 - INFO - Generation 100/43820: best=9759.00, avg=9759.00
2025-11-26 16:51:52,704 - INFO - Generation 200/43820: best=9737.00, avg=9737.00
2025-11-26 16:52:08,817 - INFO - No improvement for 55 generations. Stopping at generation 207
2025-11-26 16:52:08,817 - INFO - GeneticAlgorithmHybridNaive evolution complete: best=9737.00, improvement=94.34%, H2D=1181.25MB, D2H=165.97MB, kernels=529920, stopped=no_improvements
2025-11-26 16:52:08,817 - INFO -       → Completed in 485.18s | Cost: 9737 (gap: 10.57%) | Generations: 207/43820
2025-11-26 16:52:08,817 - INFO -     Run 25/26 (new #5/6, seed=699996805)...
2025-11-26 16:56:07,135 - INFO - Generation 100/43820: best=9937.00, avg=9959.92
2025-11-26 16:59:25,833 - INFO - No improvement for 55 generations. Stopping at generation 187
2025-11-26 16:59:25,833 - INFO - GeneticAlgorithmHybridNaive evolution complete: best=9305.00, improvement=94.51%, H2D=1067.12MB, D2H=149.94MB, kernels=478720, stopped=no_improvements
2025-11-26 16:59:25,833 - INFO -       → Completed in 437.02s | Cost: 9305 (gap: 5.67%) | Generations: 187/43820
2025-11-26 16:59:25,833 - INFO -     Run 26/26 (new #6/6, seed=1761305178)...
2025-11-26 17:03:23,836 - INFO - Generation 100/43820: best=9738.00, avg=9755.55
2025-11-26 17:06:23,451 - INFO - No improvement for 55 generations. Stopping at generation 178
2025-11-26 17:06:23,451 - INFO - GeneticAlgorithmHybridNaive evolution complete: best=9396.00, improvement=94.54%, H2D=1015.76MB, D2H=142.72MB, kernels=455680, stopped=no_improvements
2025-11-26 17:06:23,451 - INFO -       → Completed in 417.62s | Cost: 9396 (gap: 6.70%) | Generations: 178/43820
2025-11-26 17:06:23,452 - INFO - 
    ✓ HybridNaive INCREMENTAL summary for rat783 (26 total runs): Cost=9453±215.3 | Gap=7.35%±2.44% | Time=436.79s±53.81s
2025-11-26 17:06:23,462 - INFO -     ✓ Checkpoint saved: rat783_HybridNaive.json
2025-11-26 17:06:23,510 - INFO -   [2/3] HybridOptimized (GPU): Resuming: 20/26 runs exist, completing remaining 6
2025-11-26 17:06:23,510 - INFO - GeneticAlgorithmHybridOptimized initialized: pop_size=256, mutation_rate=0.02, tournament_k=5, 2opt_iters=10
2025-11-26 17:06:23,511 - INFO - Loaded batch kernels: two_opt_batch, cost_calculator
2025-11-26 17:06:23,511 - INFO - 
  [HybridOptimized] INCREMENTAL MODE: Extending rat783 from 20 to 26 runs
2025-11-26 17:06:23,511 - INFO -     Backend: GPU | Early stopping: patience=55 (adaptive: 2×√783) | New repetitions: 6
2025-11-26 17:06:23,511 - INFO -     Run 21/26 (new #1/6, seed=992427131)...
2025-11-26 17:08:40,704 - INFO - Generation 100/43820: best=9813.00, avg=9862.86
2025-11-26 17:10:05,895 - INFO - No improvement for 55 generations. Stopping at generation 190
2025-11-26 17:10:05,895 - INFO - GeneticAlgorithmHybridOptimized evolution complete: best=9607.00, improvement=94.33%, H2D=157.25MB, D2H=152.73MB, kernels=2090, stopped=no_improvements
2025-11-26 17:10:05,895 - INFO -       → Completed in 222.38s | Cost: 9607 (gap: 9.10%) | Generations: 190/43820
2025-11-26 17:10:05,895 - INFO -     Run 22/26 (new #2/6, seed=953077302)...
2025-11-26 17:12:19,569 - INFO - Generation 100/43820: best=9730.00, avg=9732.50
2025-11-26 17:13:24,466 - INFO - No improvement for 55 generations. Stopping at generation 171
2025-11-26 17:13:24,466 - INFO - GeneticAlgorithmHybridOptimized evolution complete: best=9713.00, improvement=94.35%, H2D=137.11MB, D2H=137.46MB, kernels=1881, stopped=no_improvements
2025-11-26 17:13:24,466 - INFO -       → Completed in 198.57s | Cost: 9713 (gap: 10.30%) | Generations: 171/43820
2025-11-26 17:13:24,466 - INFO -     Run 23/26 (new #3/6, seed=1493195824)...
2025-11-26 17:15:42,930 - INFO - Generation 100/43820: best=9739.00, avg=9751.28
2025-11-26 17:16:38,663 - INFO - No improvement for 55 generations. Stopping at generation 159
2025-11-26 17:16:38,663 - INFO - GeneticAlgorithmHybridOptimized evolution complete: best=9642.00, improvement=94.36%, H2D=127.48MB, D2H=127.81MB, kernels=1749, stopped=no_improvements
2025-11-26 17:16:38,663 - INFO -       → Completed in 194.20s | Cost: 9642 (gap: 9.49%) | Generations: 159/43820
2025-11-26 17:16:38,663 - INFO -     Run 24/26 (new #4/6, seed=1999209426)...
2025-11-26 17:18:55,226 - INFO - Generation 100/43820: best=9628.00, avg=9672.50
2025-11-26 17:20:03,129 - INFO - No improvement for 55 generations. Stopping at generation 171
2025-11-26 17:20:03,129 - INFO - GeneticAlgorithmHybridOptimized evolution complete: best=9499.00, improvement=94.44%, H2D=137.11MB, D2H=137.46MB, kernels=1881, stopped=no_improvements
2025-11-26 17:20:03,129 - INFO -       → Completed in 204.47s | Cost: 9499 (gap: 7.87%) | Generations: 171/43820
2025-11-26 17:20:03,129 - INFO -     Run 25/26 (new #5/6, seed=2029991886)...
2025-11-26 17:22:17,963 - INFO - Generation 100/43820: best=9641.00, avg=9692.27
2025-11-26 17:23:32,229 - INFO - No improvement for 55 generations. Stopping at generation 177
2025-11-26 17:23:32,229 - INFO - GeneticAlgorithmHybridOptimized evolution complete: best=9389.00, improvement=94.50%, H2D=141.92MB, D2H=142.28MB, kernels=1947, stopped=no_improvements
2025-11-26 17:23:32,229 - INFO -       → Completed in 209.10s | Cost: 9389 (gap: 6.62%) | Generations: 177/43820
2025-11-26 17:23:32,229 - INFO -     Run 26/26 (new #6/6, seed=1000848192)...
2025-11-26 17:25:47,330 - INFO - Generation 100/43820: best=9837.00, avg=9837.11
2025-11-26 17:26:42,818 - INFO - No improvement for 55 generations. Stopping at generation 159
2025-11-26 17:26:42,818 - INFO - GeneticAlgorithmHybridOptimized evolution complete: best=9701.00, improvement=94.34%, H2D=127.48MB, D2H=127.81MB, kernels=1749, stopped=no_improvements
2025-11-26 17:26:42,818 - INFO -       → Completed in 190.59s | Cost: 9701 (gap: 10.16%) | Generations: 159/43820
2025-11-26 17:26:42,819 - INFO - 
    ✓ HybridOptimized INCREMENTAL summary for rat783 (26 total runs): Cost=9580±165.3 | Gap=8.79%±1.88% | Time=207.28s±18.93s
2025-11-26 17:26:42,862 - INFO -     ✓ Checkpoint saved: rat783_HybridOptimized.json
2025-11-26 17:26:42,910 - INFO -   [3/3] FullGPU (GPU): Resuming: 20/26 runs exist, completing remaining 6
2025-11-26 17:26:42,911 - INFO - GeneticAlgorithmFullGPUEarlyStop initialized: pop_size=256, mutation_rate=0.02, tournament_k=5, 2opt_iters=10
2025-11-26 17:26:42,911 - INFO - Loaded Fujimoto GA kernel with early stopping support
2025-11-26 17:26:42,911 - INFO - 
  [FullGPU] INCREMENTAL MODE: Extending rat783 from 20 to 26 runs
2025-11-26 17:26:42,911 - INFO -     Backend: GPU | Early stopping: patience=55 (adaptive: 2×√783) | New repetitions: 6
2025-11-26 17:26:42,911 - INFO -     Run 21/26 (new #1/6, seed=673803012)...
2025-11-26 17:26:42,918 - INFO - FullGPUEarlyStop: Launching kernel (max=43820 gens, optimal=8806.0, patience=55)
2025-11-26 17:30:02,621 - INFO - FullGPUEarlyStop complete: best=9226.00, improvement=94.62%, gens=73/43820, stopped=no_improvements, H2D=4.68MB, D2H=0.00MB, kernels=3
2025-11-26 17:30:02,622 - INFO -       → Completed in 199.71s | Cost: 9226 (gap: 4.77%) | Generations: 73/43820
2025-11-26 17:30:02,622 - INFO -     Run 22/26 (new #2/6, seed=1027327191)...
2025-11-26 17:30:02,626 - INFO - FullGPUEarlyStop: Launching kernel (max=43820 gens, optimal=8806.0, patience=55)
2025-11-26 17:36:10,235 - INFO - FullGPUEarlyStop complete: best=9227.00, improvement=94.54%, gens=136/43820, stopped=no_improvements, H2D=4.68MB, D2H=0.00MB, kernels=3
2025-11-26 17:36:10,236 - INFO -       → Completed in 367.61s | Cost: 9227 (gap: 4.78%) | Generations: 136/43820
2025-11-26 17:36:10,236 - INFO -     Run 23/26 (new #3/6, seed=1689420353)...
2025-11-26 17:36:10,239 - INFO - FullGPUEarlyStop: Launching kernel (max=43820 gens, optimal=8806.0, patience=55)
2025-11-26 17:39:49,673 - INFO - FullGPUEarlyStop complete: best=9194.00, improvement=94.58%, gens=81/43820, stopped=no_improvements, H2D=4.68MB, D2H=0.00MB, kernels=3
2025-11-26 17:39:49,673 - INFO -       → Completed in 219.44s | Cost: 9194 (gap: 4.41%) | Generations: 81/43820
2025-11-26 17:39:49,673 - INFO -     Run 24/26 (new #4/6, seed=2032577459)...
2025-11-26 17:39:49,677 - INFO - FullGPUEarlyStop: Launching kernel (max=43820 gens, optimal=8806.0, patience=55)
2025-11-26 17:45:48,042 - INFO - FullGPUEarlyStop complete: best=9192.00, improvement=94.61%, gens=134/43820, stopped=no_improvements, H2D=4.68MB, D2H=0.00MB, kernels=3
2025-11-26 17:45:48,043 - INFO -       → Completed in 358.37s | Cost: 9192 (gap: 4.38%) | Generations: 134/43820
2025-11-26 17:45:48,043 - INFO -     Run 25/26 (new #5/6, seed=772447991)...
2025-11-26 17:45:48,047 - INFO - FullGPUEarlyStop: Launching kernel (max=43820 gens, optimal=8806.0, patience=55)
2025-11-26 17:52:47,863 - INFO - FullGPUEarlyStop complete: best=9153.00, improvement=94.69%, gens=156/43820, stopped=no_improvements, H2D=4.68MB, D2H=0.00MB, kernels=3
2025-11-26 17:52:47,863 - INFO -       → Completed in 419.82s | Cost: 9153 (gap: 3.94%) | Generations: 156/43820
2025-11-26 17:52:47,863 - INFO -     Run 26/26 (new #6/6, seed=857029202)...
2025-11-26 17:52:47,867 - INFO - FullGPUEarlyStop: Launching kernel (max=43820 gens, optimal=8806.0, patience=55)
2025-11-26 18:02:51,459 - INFO - FullGPUEarlyStop complete: best=9170.00, improvement=94.63%, gens=226/43820, stopped=no_improvements, H2D=4.68MB, D2H=0.00MB, kernels=3
2025-11-26 18:02:51,459 - INFO -       → Completed in 603.60s | Cost: 9170 (gap: 4.13%) | Generations: 226/43820
2025-11-26 18:02:51,460 - INFO - 
    ✓ FullGPU INCREMENTAL summary for rat783 (26 total runs): Cost=9202±24.6 | Gap=4.49%±0.28% | Time=370.21s±107.41s
2025-11-26 18:02:51,469 - INFO -     ✓ Checkpoint saved: rat783_FullGPU.json
2025-11-26 18:02:51,517 - INFO - 
────────────────────────────────────────────────────────────────────────────────
2025-11-26 18:02:51,517 - INFO - STATISTICS FOR rat783
2025-11-26 18:02:51,517 - INFO - ────────────────────────────────────────────────────────────────────────────────
2025-11-26 18:02:51,518 - INFO - 
Statistical Analysis: rat783
2025-11-26 18:02:51,518 - INFO - --------------------------------------------------------------------------------
2025-11-26 18:02:51,522 - INFO - Friedman Test (k=3 algorithms):
2025-11-26 18:02:51,522 - INFO -   Statistic: 31.6923
2025-11-26 18:02:51,522 - INFO -   p-value: 0.000000
2025-11-26 18:02:51,522 - INFO -   Significant: True
2025-11-26 18:02:51,530 - INFO - 
Nemenyi Post-Hoc Test:
2025-11-26 18:02:51,541 - INFO -   Critical distance: 0.9193
2025-11-26 18:02:51,542 - INFO -   Mean ranks:
2025-11-26 18:02:51,542 - INFO -     HybridNaive: 2.15
2025-11-26 18:02:51,542 - INFO -     HybridOptimized: 2.69
2025-11-26 18:02:51,542 - INFO -     FullGPU: 1.15
2025-11-26 18:02:51,542 - INFO - 
  Significant pairwise differences:
2025-11-26 18:02:51,542 - INFO -     HybridNaive vs FullGPU: rank_diff=1.00, p=0.0009
2025-11-26 18:02:51,542 - INFO -     HybridOptimized vs FullGPU: rank_diff=1.54, p=0.0000
2025-11-26 18:02:51,542 - INFO - 
Pairwise Comparisons:
2025-11-26 18:02:51,542 - INFO - Following statistical methodology:
2025-11-26 18:02:51,542 - INFO -   - Normality testing (Shapiro-Wilk)
2025-11-26 18:02:51,542 - INFO -   - Test selection (paired t-test vs Wilcoxon)
2025-11-26 18:02:51,542 - INFO -   - Effect size (Cohen's d)
2025-11-26 18:02:51,542 - INFO -   - 95% Confidence Intervals
2025-11-26 18:02:51,542 - INFO -   - Holm-Bonferroni multiple comparison correction

2025-11-26 18:02:51,545 - INFO -   HybridNaive vs HybridOptimized:
2025-11-26 18:02:51,545 - INFO -     Normality (Shapiro-Wilk):
2025-11-26 18:02:51,545 - INFO -       HybridNaive: p=0.1780 (normal)
2025-11-26 18:02:51,545 - INFO -       HybridOptimized: p=0.1944 (normal)
2025-11-26 18:02:51,545 - INFO -     Test selected: paired_t_test
2025-11-26 18:02:51,545 - INFO -     Mean difference: -126.96
2025-11-26 18:02:51,546 - INFO -     95% CI difference: [-217.78, -36.14]
2025-11-26 18:02:51,546 - INFO -     p-value (uncorrected): 0.008056
2025-11-26 18:02:51,546 - INFO -     Cohen's d: -0.6486
2025-11-26 18:02:51,546 - INFO -     Effect size interpretation: medium
2025-11-26 18:02:51,548 - INFO -   HybridNaive vs FullGPU:
2025-11-26 18:02:51,549 - INFO -     Normality (Shapiro-Wilk):
2025-11-26 18:02:51,549 - INFO -       HybridNaive: p=0.1780 (normal)
2025-11-26 18:02:51,549 - INFO -       FullGPU: p=0.3231 (normal)
2025-11-26 18:02:51,549 - INFO -     Test selected: paired_t_test
2025-11-26 18:02:51,549 - INFO -     Mean difference: 251.23
2025-11-26 18:02:51,549 - INFO -     95% CI difference: [163.28, 339.18]
2025-11-26 18:02:51,549 - INFO -     p-value (uncorrected): 0.000004
2025-11-26 18:02:51,549 - INFO -     Cohen's d: 1.6078
2025-11-26 18:02:51,549 - INFO -     Effect size interpretation: large
2025-11-26 18:02:51,552 - INFO -   HybridOptimized vs FullGPU:
2025-11-26 18:02:51,552 - INFO -     Normality (Shapiro-Wilk):
2025-11-26 18:02:51,552 - INFO -       HybridOptimized: p=0.1944 (normal)
2025-11-26 18:02:51,552 - INFO -       FullGPU: p=0.3231 (normal)
2025-11-26 18:02:51,552 - INFO -     Test selected: paired_t_test
2025-11-26 18:02:51,552 - INFO -     Mean difference: 378.19
2025-11-26 18:02:51,552 - INFO -     95% CI difference: [309.63, 446.75]
2025-11-26 18:02:51,552 - INFO -     p-value (uncorrected): 0.000000
2025-11-26 18:02:51,553 - INFO -     Cohen's d: 3.1373
2025-11-26 18:02:51,553 - INFO -     Effect size interpretation: large
2025-11-26 18:02:51,553 - INFO - 
  Multiple Comparison Correction (Holm-Bonferroni, α=0.05):
2025-11-26 18:02:51,553 - INFO -     HybridNaive vs HybridOptimized:
2025-11-26 18:02:51,553 - INFO -       Original p-value: 0.008056
2025-11-26 18:02:51,553 - INFO -       Adjusted p-value: 0.008056
2025-11-26 18:02:51,553 - INFO -       Significant (after correction): True
2025-11-26 18:02:51,553 - INFO -     HybridNaive vs FullGPU:
2025-11-26 18:02:51,553 - INFO -       Original p-value: 0.000004
2025-11-26 18:02:51,553 - INFO -       Adjusted p-value: 0.000008
2025-11-26 18:02:51,553 - INFO -       Significant (after correction): True
2025-11-26 18:02:51,553 - INFO -     HybridOptimized vs FullGPU:
2025-11-26 18:02:51,554 - INFO -       Original p-value: 0.000000
2025-11-26 18:02:51,554 - INFO -       Adjusted p-value: 0.000000
2025-11-26 18:02:51,554 - INFO -       Significant (after correction): True
2025-11-26 18:02:51,554 - INFO - 
Summary: rat783 (optimal=8806.0)
2025-11-26 18:02:51,554 - INFO - --------------------------------------------------------------------------------
2025-11-26 18:02:51,554 - INFO - Algorithm            Mean Cost       Gap (%)      Time (s)     H2D (MB)     D2H (MB)    
2025-11-26 18:02:51,554 - INFO - --------------------------------------------------------------------------------
2025-11-26 18:02:51,554 - INFO - HybridNaive          9452.96         7.35         436.79       1094.70      153.81      
2025-11-26 18:02:51,554 - INFO - HybridOptimized      9579.92         8.79         207.28       138.06       137.59      
2025-11-26 18:02:51,554 - INFO - FullGPU              9201.73         4.49         370.21       4.90         0.00        
2025-11-26 18:02:51,554 - INFO - 
Speedups (relative to baseline):
2025-11-26 18:02:51,554 - INFO -   HybridNaive: 1.00x (baseline)
2025-11-26 18:02:51,555 - INFO -   HybridOptimized: 2.11x vs HybridNaive
2025-11-26 18:02:51,555 - INFO -   FullGPU: 1.18x vs HybridNaive
2025-11-26 18:02:51,555 - INFO - 
2025-11-26 18:02:51,559 - INFO - ✓ Problem statistics saved: rat783_stats.json

2025-11-26 18:02:51,628 - INFO - 
================================================================================
2025-11-26 18:02:51,628 - INFO - PROBLEM 38/38: pr1002
2025-11-26 18:02:51,629 - INFO - Size: 1002 cities | Optimal: 259045.0
2025-11-26 18:02:51,629 - INFO - ================================================================================
2025-11-26 18:02:51,629 - INFO - Running 3 GPU algorithms only (n>100)

2025-11-26 18:02:51,750 - INFO -   [1/3] HybridNaive (GPU): Resuming: 20/26 runs exist, completing remaining 6
2025-11-26 18:02:51,750 - INFO - GeneticAlgorithmHybridNaive initialized: pop_size=256, mutation_rate=0.02, tournament_k=5, 2opt_iters=10
2025-11-26 18:02:51,750 - INFO - Loaded two_opt_kernel for naive hybrid
2025-11-26 18:02:51,751 - INFO - 
  [HybridNaive] INCREMENTAL MODE: Extending pr1002 from 20 to 26 runs
2025-11-26 18:02:51,751 - INFO -     Backend: GPU | Early stopping: patience=63 (adaptive: 2×√1002) | New repetitions: 6
2025-11-26 18:02:51,751 - INFO -     Run 21/26 (new #1/6, seed=1988152530)...
2025-11-26 18:08:51,318 - INFO - Generation 100/63435: best=363331.00, avg=366089.78
2025-11-26 18:14:27,876 - INFO - No improvement for 63 generations. Stopping at generation 200
2025-11-26 18:14:27,876 - INFO - GeneticAlgorithmHybridNaive evolution complete: best=282351.00, improvement=95.43%, H2D=1811.62MB, D2H=205.21MB, kernels=512000, stopped=no_improvements
2025-11-26 18:14:27,876 - INFO -       → Completed in 696.12s | Cost: 282351 (gap: 9.00%) | Generations: 200/63435
2025-11-26 18:14:27,876 - INFO -     Run 22/26 (new #2/6, seed=1371969057)...
2025-11-26 18:20:26,124 - INFO - Generation 100/63435: best=345448.00, avg=348669.15
2025-11-26 18:26:03,358 - INFO - Generation 200/63435: best=279412.00, avg=279412.00
2025-11-26 18:26:53,887 - INFO - No improvement for 63 generations. Stopping at generation 215
2025-11-26 18:26:53,887 - INFO - GeneticAlgorithmHybridNaive evolution complete: best=279412.00, improvement=95.51%, H2D=1947.49MB, D2H=220.60MB, kernels=550400, stopped=no_improvements
2025-11-26 18:26:53,887 - INFO -       → Completed in 746.01s | Cost: 279412 (gap: 7.86%) | Generations: 215/63435
2025-11-26 18:26:53,887 - INFO -     Run 23/26 (new #3/6, seed=1763208206)...
2025-11-26 18:32:53,298 - INFO - Generation 100/63435: best=345338.00, avg=347719.05
2025-11-26 18:38:17,214 - INFO - No improvement for 63 generations. Stopping at generation 196
2025-11-26 18:38:17,214 - INFO - GeneticAlgorithmHybridNaive evolution complete: best=276884.00, improvement=95.53%, H2D=1775.38MB, D2H=201.11MB, kernels=501760, stopped=no_improvements
2025-11-26 18:38:17,214 - INFO -       → Completed in 683.33s | Cost: 276884 (gap: 6.89%) | Generations: 196/63435
2025-11-26 18:38:17,214 - INFO -     Run 24/26 (new #4/6, seed=2076159584)...
2025-11-26 18:44:16,279 - INFO - Generation 100/63435: best=361360.00, avg=364752.50
2025-11-26 18:49:52,493 - INFO - No improvement for 63 generations. Stopping at generation 200
2025-11-26 18:49:52,493 - INFO - GeneticAlgorithmHybridNaive evolution complete: best=281665.00, improvement=95.43%, H2D=1811.62MB, D2H=205.21MB, kernels=512000, stopped=no_improvements
2025-11-26 18:49:52,493 - INFO -       → Completed in 695.28s | Cost: 281665 (gap: 8.73%) | Generations: 200/63435
2025-11-26 18:49:52,493 - INFO -     Run 25/26 (new #5/6, seed=1376037542)...
2025-11-26 18:55:51,630 - INFO - Generation 100/63435: best=355818.00, avg=362179.96
2025-11-26 19:01:28,101 - INFO - Generation 200/63435: best=276289.00, avg=276289.00
2025-11-26 19:03:39,236 - INFO - No improvement for 63 generations. Stopping at generation 239
2025-11-26 19:03:39,236 - INFO - GeneticAlgorithmHybridNaive evolution complete: best=276289.00, improvement=95.57%, H2D=2164.88MB, D2H=245.23MB, kernels=611840, stopped=no_improvements
2025-11-26 19:03:39,236 - INFO -       → Completed in 826.74s | Cost: 276289 (gap: 6.66%) | Generations: 239/63435
2025-11-26 19:03:39,236 - INFO -     Run 26/26 (new #6/6, seed=1392734553)...
2025-11-26 19:09:39,259 - INFO - Generation 100/63435: best=373188.00, avg=374753.99
2025-11-26 19:15:16,013 - INFO - Generation 200/63435: best=278982.00, avg=278982.00
2025-11-26 19:15:19,385 - INFO - No improvement for 63 generations. Stopping at generation 201
2025-11-26 19:15:19,385 - INFO - GeneticAlgorithmHybridNaive evolution complete: best=278982.00, improvement=95.50%, H2D=1820.67MB, D2H=206.24MB, kernels=514560, stopped=no_improvements
2025-11-26 19:15:19,385 - INFO -       → Completed in 700.15s | Cost: 278982 (gap: 7.70%) | Generations: 201/63435
2025-11-26 19:15:19,386 - INFO - 
    ✓ HybridNaive INCREMENTAL summary for pr1002 (26 total runs): Cost=279876±3210.2 | Gap=8.04%±1.24% | Time=696.05s±56.94s
2025-11-26 19:15:19,429 - INFO -     ✓ Checkpoint saved: pr1002_HybridNaive.json
2025-11-26 19:15:19,476 - INFO -   [2/3] HybridOptimized (GPU): Resuming: 20/26 runs exist, completing remaining 6
2025-11-26 19:15:19,477 - INFO - GeneticAlgorithmHybridOptimized initialized: pop_size=256, mutation_rate=0.02, tournament_k=5, 2opt_iters=10
2025-11-26 19:15:19,477 - INFO - Loaded batch kernels: two_opt_batch, cost_calculator
2025-11-26 19:15:19,477 - INFO - 
  [HybridOptimized] INCREMENTAL MODE: Extending pr1002 from 20 to 26 runs
2025-11-26 19:15:19,477 - INFO -     Backend: GPU | Early stopping: patience=63 (adaptive: 2×√1002) | New repetitions: 6
2025-11-26 19:15:19,477 - INFO -     Run 21/26 (new #1/6, seed=579605804)...
2025-11-26 19:19:21,752 - INFO - Generation 100/63435: best=365608.00, avg=369804.65
2025-11-26 19:21:26,722 - INFO - No improvement for 63 generations. Stopping at generation 200
2025-11-26 19:21:26,722 - INFO - GeneticAlgorithmHybridOptimized evolution complete: best=278558.00, improvement=95.49%, H2D=213.24MB, D2H=205.62MB, kernels=2200, stopped=no_improvements
2025-11-26 19:21:26,722 - INFO -       → Completed in 367.24s | Cost: 278558 (gap: 7.53%) | Generations: 200/63435
2025-11-26 19:21:26,722 - INFO -     Run 22/26 (new #2/6, seed=1695143316)...
2025-11-26 19:25:20,524 - INFO - Generation 100/63435: best=350438.00, avg=353846.52
2025-11-26 19:27:19,858 - INFO - No improvement for 63 generations. Stopping at generation 193
2025-11-26 19:27:19,858 - INFO - GeneticAlgorithmHybridOptimized evolution complete: best=279369.00, improvement=95.52%, H2D=198.03MB, D2H=198.42MB, kernels=2123, stopped=no_improvements
2025-11-26 19:27:19,858 - INFO -       → Completed in 353.14s | Cost: 279369 (gap: 7.85%) | Generations: 193/63435
2025-11-26 19:27:19,858 - INFO -     Run 23/26 (new #3/6, seed=83626239)...
2025-11-26 19:31:19,612 - INFO - Generation 100/63435: best=376624.00, avg=378251.92
2025-11-26 19:33:27,526 - INFO - Generation 200/63435: best=281645.00, avg=281645.00
2025-11-26 19:33:31,307 - INFO - No improvement for 63 generations. Stopping at generation 203
2025-11-26 19:33:31,307 - INFO - GeneticAlgorithmHybridOptimized evolution complete: best=281645.00, improvement=95.40%, H2D=208.29MB, D2H=208.70MB, kernels=2233, stopped=no_improvements
2025-11-26 19:33:31,307 - INFO -       → Completed in 371.45s | Cost: 281645 (gap: 8.72%) | Generations: 203/63435
2025-11-26 19:33:31,307 - INFO -     Run 24/26 (new #4/6, seed=1592561222)...
2025-11-26 19:37:35,913 - INFO - Generation 100/63435: best=385157.00, avg=390175.68
2025-11-26 19:39:48,522 - INFO - Generation 200/63435: best=280489.00, avg=280489.00
2025-11-26 19:39:51,062 - INFO - No improvement for 63 generations. Stopping at generation 202
2025-11-26 19:39:51,062 - INFO - GeneticAlgorithmHybridOptimized evolution complete: best=280489.00, improvement=95.48%, H2D=207.26MB, D2H=207.68MB, kernels=2222, stopped=no_improvements
2025-11-26 19:39:51,062 - INFO -       → Completed in 379.75s | Cost: 280489 (gap: 8.28%) | Generations: 202/63435
2025-11-26 19:39:51,062 - INFO -     Run 25/26 (new #5/6, seed=1993133810)...
2025-11-26 19:43:49,394 - INFO - Generation 100/63435: best=364143.00, avg=367777.96
2025-11-26 19:45:55,349 - INFO - No improvement for 63 generations. Stopping at generation 198
2025-11-26 19:45:55,349 - INFO - GeneticAlgorithmHybridOptimized evolution complete: best=279856.00, improvement=95.51%, H2D=203.16MB, D2H=203.56MB, kernels=2178, stopped=no_improvements
2025-11-26 19:45:55,349 - INFO -       → Completed in 364.29s | Cost: 279856 (gap: 8.03%) | Generations: 198/63435
2025-11-26 19:45:55,350 - INFO -     Run 26/26 (new #6/6, seed=434297324)...
2025-11-26 19:49:56,113 - INFO - Generation 100/63435: best=361807.00, avg=367673.41
2025-11-26 19:52:02,789 - INFO - No improvement for 63 generations. Stopping at generation 198
2025-11-26 19:52:02,789 - INFO - GeneticAlgorithmHybridOptimized evolution complete: best=278381.00, improvement=95.50%, H2D=203.16MB, D2H=203.56MB, kernels=2178, stopped=no_improvements
2025-11-26 19:52:02,789 - INFO -       → Completed in 367.44s | Cost: 278381 (gap: 7.46%) | Generations: 198/63435
2025-11-26 19:52:02,790 - INFO - 
    ✓ HybridOptimized INCREMENTAL summary for pr1002 (26 total runs): Cost=279185±2789.6 | Gap=7.77%±1.08% | Time=374.50s±30.92s
2025-11-26 19:52:02,799 - INFO -     ✓ Checkpoint saved: pr1002_HybridOptimized.json
2025-11-26 19:52:02,847 - INFO -   [3/3] FullGPU (GPU): Resuming: 20/26 runs exist, completing remaining 6
2025-11-26 19:52:02,847 - INFO - GeneticAlgorithmFullGPUEarlyStop initialized: pop_size=256, mutation_rate=0.02, tournament_k=5, 2opt_iters=10
2025-11-26 19:52:02,848 - INFO - Loaded Fujimoto GA kernel with early stopping support
2025-11-26 19:52:02,848 - INFO - 
  [FullGPU] INCREMENTAL MODE: Extending pr1002 from 20 to 26 runs
2025-11-26 19:52:02,848 - INFO -     Backend: GPU | Early stopping: patience=63 (adaptive: 2×√1002) | New repetitions: 6
2025-11-26 19:52:02,848 - INFO -     Run 21/26 (new #1/6, seed=466112378)...
2025-11-26 19:52:02,853 - INFO - FullGPUEarlyStop: Launching kernel (max=63435 gens, optimal=259045.0, patience=63)
2025-11-26 20:11:45,189 - INFO - FullGPUEarlyStop complete: best=269554.00, improvement=95.66%, gens=255/63435, stopped=no_improvements, H2D=7.66MB, D2H=0.00MB, kernels=3
2025-11-26 20:11:45,189 - INFO -       → Completed in 1182.34s | Cost: 269554 (gap: 4.06%) | Generations: 255/63435
2025-11-26 20:11:45,189 - INFO -     Run 22/26 (new #2/6, seed=679746900)...
2025-11-26 20:11:45,194 - INFO - FullGPUEarlyStop: Launching kernel (max=63435 gens, optimal=259045.0, patience=63)
2025-11-26 20:31:37,452 - INFO - FullGPUEarlyStop complete: best=269126.00, improvement=95.68%, gens=257/63435, stopped=no_improvements, H2D=7.66MB, D2H=0.00MB, kernels=3
2025-11-26 20:31:37,452 - INFO -       → Completed in 1192.26s | Cost: 269126 (gap: 3.89%) | Generations: 257/63435
2025-11-26 20:31:37,452 - INFO -     Run 23/26 (new #3/6, seed=767603923)...
2025-11-26 20:31:37,457 - INFO - FullGPUEarlyStop: Launching kernel (max=63435 gens, optimal=259045.0, patience=63)
2025-11-26 20:39:35,092 - INFO - FullGPUEarlyStop complete: best=270628.00, improvement=95.66%, gens=102/63435, stopped=no_improvements, H2D=7.66MB, D2H=0.00MB, kernels=3
2025-11-26 20:39:35,092 - INFO -       → Completed in 477.64s | Cost: 270628 (gap: 4.47%) | Generations: 102/63435
2025-11-26 20:39:35,092 - INFO -     Run 24/26 (new #4/6, seed=1994798255)...
2025-11-26 20:39:35,097 - INFO - FullGPUEarlyStop: Launching kernel (max=63435 gens, optimal=259045.0, patience=63)
2025-11-26 20:54:21,341 - INFO - FullGPUEarlyStop complete: best=270045.00, improvement=95.64%, gens=191/63435, stopped=no_improvements, H2D=7.66MB, D2H=0.00MB, kernels=3
2025-11-26 20:54:21,341 - INFO -       → Completed in 886.25s | Cost: 270045 (gap: 4.25%) | Generations: 191/63435
2025-11-26 20:54:21,341 - INFO -     Run 25/26 (new #5/6, seed=79474666)...
2025-11-26 20:54:21,346 - INFO - FullGPUEarlyStop: Launching kernel (max=63435 gens, optimal=259045.0, patience=63)
2025-11-26 21:06:20,914 - INFO - FullGPUEarlyStop complete: best=270661.00, improvement=95.67%, gens=153/63435, stopped=no_improvements, H2D=7.66MB, D2H=0.00MB, kernels=3
2025-11-26 21:06:20,914 - INFO -       → Completed in 719.57s | Cost: 270661 (gap: 4.48%) | Generations: 153/63435
2025-11-26 21:06:20,914 - INFO -     Run 26/26 (new #6/6, seed=680354145)...
2025-11-26 21:06:20,920 - INFO - FullGPUEarlyStop: Launching kernel (max=63435 gens, optimal=259045.0, patience=63)
2025-11-26 21:15:30,443 - INFO - FullGPUEarlyStop complete: best=268449.00, improvement=95.69%, gens=118/63435, stopped=no_improvements, H2D=7.66MB, D2H=0.00MB, kernels=3
2025-11-26 21:15:30,443 - INFO -       → Completed in 549.53s | Cost: 268449 (gap: 3.63%) | Generations: 118/63435
2025-11-26 21:15:30,444 - INFO - 
    ✓ FullGPU INCREMENTAL summary for pr1002 (26 total runs): Cost=269777±743.9 | Gap=4.14%±0.29% | Time=758.40s±256.18s
2025-11-26 21:15:30,486 - INFO -     ✓ Checkpoint saved: pr1002_FullGPU.json
2025-11-26 21:15:30,534 - INFO - 
────────────────────────────────────────────────────────────────────────────────
2025-11-26 21:15:30,534 - INFO - STATISTICS FOR pr1002
2025-11-26 21:15:30,534 - INFO - ────────────────────────────────────────────────────────────────────────────────
2025-11-26 21:15:30,534 - INFO - 
Statistical Analysis: pr1002
2025-11-26 21:15:30,534 - INFO - --------------------------------------------------------------------------------
2025-11-26 21:15:30,538 - INFO - Friedman Test (k=3 algorithms):
2025-11-26 21:15:30,538 - INFO -   Statistic: 40.2308
2025-11-26 21:15:30,538 - INFO -   p-value: 0.000000
2025-11-26 21:15:30,538 - INFO -   Significant: True
2025-11-26 21:15:30,546 - INFO - 
Nemenyi Post-Hoc Test:
2025-11-26 21:15:30,555 - INFO -   Critical distance: 0.9193
2025-11-26 21:15:30,555 - INFO -   Mean ranks:
2025-11-26 21:15:30,555 - INFO -     HybridNaive: 2.65
2025-11-26 21:15:30,555 - INFO -     HybridOptimized: 2.35
2025-11-26 21:15:30,555 - INFO -     FullGPU: 1.00
2025-11-26 21:15:30,555 - INFO - 
  Significant pairwise differences:
2025-11-26 21:15:30,556 - INFO -     HybridNaive vs FullGPU: rank_diff=1.65, p=0.0000
2025-11-26 21:15:30,556 - INFO -     HybridOptimized vs FullGPU: rank_diff=1.35, p=0.0000
2025-11-26 21:15:30,556 - INFO - 
Pairwise Comparisons:
2025-11-26 21:15:30,556 - INFO - Following statistical methodology:
2025-11-26 21:15:30,556 - INFO -   - Normality testing (Shapiro-Wilk)
2025-11-26 21:15:30,556 - INFO -   - Test selection (paired t-test vs Wilcoxon)
2025-11-26 21:15:30,556 - INFO -   - Effect size (Cohen's d)
2025-11-26 21:15:30,556 - INFO -   - 95% Confidence Intervals
2025-11-26 21:15:30,556 - INFO -   - Holm-Bonferroni multiple comparison correction

2025-11-26 21:15:30,558 - INFO -   HybridNaive vs HybridOptimized:
2025-11-26 21:15:30,558 - INFO -     Normality (Shapiro-Wilk):
2025-11-26 21:15:30,558 - INFO -       HybridNaive: p=0.4307 (normal)
2025-11-26 21:15:30,558 - INFO -       HybridOptimized: p=0.3428 (normal)
2025-11-26 21:15:30,558 - INFO -     Test selected: paired_t_test
2025-11-26 21:15:30,558 - INFO -     Mean difference: 690.88
2025-11-26 21:15:30,558 - INFO -     95% CI difference: [-1245.74, 2627.51]
2025-11-26 21:15:30,558 - INFO -     p-value (uncorrected): 0.469337
2025-11-26 21:15:30,559 - INFO -     Cohen's d: 0.2253
2025-11-26 21:15:30,559 - INFO -     Effect size interpretation: small
2025-11-26 21:15:30,560 - INFO -   HybridNaive vs FullGPU:
2025-11-26 21:15:30,560 - INFO -     Normality (Shapiro-Wilk):
2025-11-26 21:15:30,560 - INFO -       HybridNaive: p=0.4307 (normal)
2025-11-26 21:15:30,560 - INFO -       FullGPU: p=0.3940 (normal)
2025-11-26 21:15:30,560 - INFO -     Test selected: paired_t_test
2025-11-26 21:15:30,560 - INFO -     Mean difference: 10098.73
2025-11-26 21:15:30,561 - INFO -     95% CI difference: [8775.14, 11422.33]
2025-11-26 21:15:30,561 - INFO -     p-value (uncorrected): 0.000000
2025-11-26 21:15:30,561 - INFO -     Cohen's d: 4.2499
2025-11-26 21:15:30,561 - INFO -     Effect size interpretation: large
2025-11-26 21:15:30,563 - INFO -   HybridOptimized vs FullGPU:
2025-11-26 21:15:30,563 - INFO -     Normality (Shapiro-Wilk):
2025-11-26 21:15:30,563 - INFO -       HybridOptimized: p=0.3428 (normal)
2025-11-26 21:15:30,563 - INFO -       FullGPU: p=0.3940 (normal)
2025-11-26 21:15:30,563 - INFO -     Test selected: paired_t_test
2025-11-26 21:15:30,563 - INFO -     Mean difference: 9407.85
2025-11-26 21:15:30,563 - INFO -     95% CI difference: [8239.05, 10576.64]
2025-11-26 21:15:30,563 - INFO -     p-value (uncorrected): 0.000000
2025-11-26 21:15:30,563 - INFO -     Cohen's d: 4.5188
2025-11-26 21:15:30,563 - INFO -     Effect size interpretation: large
2025-11-26 21:15:30,563 - INFO - 
  Multiple Comparison Correction (Holm-Bonferroni, α=0.05):
2025-11-26 21:15:30,563 - INFO -     HybridNaive vs HybridOptimized:
2025-11-26 21:15:30,563 - INFO -       Original p-value: 0.469337
2025-11-26 21:15:30,563 - INFO -       Adjusted p-value: 0.469337
2025-11-26 21:15:30,563 - INFO -       Significant (after correction): False
2025-11-26 21:15:30,563 - INFO -     HybridNaive vs FullGPU:
2025-11-26 21:15:30,563 - INFO -       Original p-value: 0.000000
2025-11-26 21:15:30,563 - INFO -       Adjusted p-value: 0.000000
2025-11-26 21:15:30,564 - INFO -       Significant (after correction): True
2025-11-26 21:15:30,564 - INFO -     HybridOptimized vs FullGPU:
2025-11-26 21:15:30,564 - INFO -       Original p-value: 0.000000
2025-11-26 21:15:30,564 - INFO -       Adjusted p-value: 0.000000
2025-11-26 21:15:30,564 - INFO -       Significant (after correction): True
2025-11-26 21:15:30,564 - INFO - 
Summary: pr1002 (optimal=259045.0)
2025-11-26 21:15:30,564 - INFO - --------------------------------------------------------------------------------
2025-11-26 21:15:30,564 - INFO - Algorithm            Mean Cost       Gap (%)      Time (s)     H2D (MB)     D2H (MB)    
2025-11-26 21:15:30,564 - INFO - --------------------------------------------------------------------------------
2025-11-26 21:15:30,564 - INFO - HybridNaive          279875.50       8.04         696.05       1888.61      213.93      
2025-11-26 21:15:30,564 - INFO - HybridOptimized      279184.62       7.77         374.50       205.52       204.59      
2025-11-26 21:15:30,564 - INFO - FullGPU              269776.77       4.14         758.40       8.03         0.00        
2025-11-26 21:15:30,564 - INFO - 
Speedups (relative to baseline):
2025-11-26 21:15:30,565 - INFO -   HybridNaive: 1.00x (baseline)
2025-11-26 21:15:30,565 - INFO -   HybridOptimized: 1.86x vs HybridNaive
2025-11-26 21:15:30,565 - INFO -   FullGPU: 0.92x vs HybridNaive
2025-11-26 21:15:30,565 - INFO - 
2025-11-26 21:15:30,568 - INFO - ✓ Problem statistics saved: pr1002_stats.json

2025-11-26 21:15:30,616 - INFO - 
================================================================================
2025-11-26 21:15:30,616 - INFO - CROSS-PROBLEM ANALYSIS
2025-11-26 21:15:30,616 - INFO - ================================================================================
2025-11-26 21:15:30,616 - INFO - ================================================================================
2025-11-26 21:15:30,616 - INFO - CROSS-PROBLEM ANALYSIS (STRATIFIED APPROACH)
2025-11-26 21:15:30,616 - INFO - ================================================================================
2025-11-26 21:15:30,616 - INFO - 
2025-11-26 21:15:30,616 - INFO - Using stratified analysis to handle CPU/GPU problem coverage difference:
2025-11-26 21:15:30,616 - INFO -   - CPU runs: Problems with n < 100
2025-11-26 21:15:30,616 - INFO -   - GPU runs: All problems
2025-11-26 21:15:30,616 - INFO - 
2025-11-26 21:15:30,617 - INFO - Total problems analyzed: 38
2025-11-26 21:15:30,617 - INFO - Algorithms present: CPU, FullGPU, HybridNaive, HybridOptimized
2025-11-26 21:15:30,617 - INFO - 
2025-11-26 21:15:30,617 - INFO - ================================================================================
2025-11-26 21:15:30,617 - INFO - STRATUM 1: Small Problems (n < 100)
2025-11-26 21:15:30,617 - INFO - ================================================================================
2025-11-26 21:15:30,617 - INFO - Problems: 6 (berlin52, eil51, eil76, pr76, rat99...)
2025-11-26 21:15:30,617 - INFO - Algorithms: 4 (CPU, FullGPU, HybridNaive, HybridOptimized)
2025-11-26 21:15:30,617 - INFO - 
2025-11-26 21:15:30,617 - INFO -   CPU: mean_gap=0.51% ± 0.18%
2025-11-26 21:15:30,617 - INFO -   FullGPU: mean_gap=0.26% ± 0.27%
2025-11-26 21:15:30,617 - INFO -   HybridNaive: mean_gap=0.45% ± 0.21%
2025-11-26 21:15:30,618 - INFO -   HybridOptimized: mean_gap=0.47% ± 0.15%
2025-11-26 21:15:30,618 - INFO - 
2025-11-26 21:15:30,620 - INFO - Friedman Test:
2025-11-26 21:15:30,620 - INFO -   Statistic: 6.6000
2025-11-26 21:15:30,620 - INFO -   p-value: 0.085801
2025-11-26 21:15:30,620 - INFO -   Significant: False
2025-11-26 21:15:30,620 - INFO - 
2025-11-26 21:15:30,620 - INFO - ================================================================================
2025-11-26 21:15:30,620 - INFO - STRATUM 2: All Problems (GPU Algorithms Only)
2025-11-26 21:15:30,620 - INFO - ================================================================================
2025-11-26 21:15:30,620 - INFO - Problems: 38 (n=51 to 1002)
2025-11-26 21:15:30,620 - INFO - Algorithms: 3 (FullGPU, HybridNaive, HybridOptimized)
2025-11-26 21:15:30,620 - INFO - 
2025-11-26 21:15:30,621 - INFO -   FullGPU: mean_gap=0.88% ± 1.14%
2025-11-26 21:15:30,621 - INFO -   HybridNaive: mean_gap=1.28% ± 1.68%
2025-11-26 21:15:30,621 - INFO -   HybridOptimized: mean_gap=1.30% ± 1.78%
2025-11-26 21:15:30,621 - INFO - 
2025-11-26 21:15:30,621 - INFO - Geometric mean speedup (vs HybridNaive baseline):
2025-11-26 21:15:30,621 - INFO -   FullGPU: 1.15x vs HybridNaive
2025-11-26 21:15:30,621 - INFO -   HybridNaive: 1.00x (baseline)
2025-11-26 21:15:30,622 - INFO -   HybridOptimized: 5.31x vs HybridNaive
2025-11-26 21:15:30,622 - INFO - 
2025-11-26 21:15:30,627 - INFO - Friedman Test:
2025-11-26 21:15:30,627 - INFO -   Statistic: 19.1579
2025-11-26 21:15:30,627 - INFO -   p-value: 0.000069
2025-11-26 21:15:30,627 - INFO -   Significant: True
2025-11-26 21:15:30,627 - INFO - 
Nemenyi Post-Hoc Test:
2025-11-26 21:15:30,636 - INFO -   Critical distance: 0.7604
2025-11-26 21:15:30,636 - INFO -   Significant pairwise differences:
2025-11-26 21:15:30,636 - INFO -     FullGPU vs HybridNaive: p=0.0003
2025-11-26 21:15:30,637 - INFO -     FullGPU vs HybridOptimized: p=0.0007
2025-11-26 21:15:30,637 - INFO - 
2025-11-26 21:15:30,637 - INFO - ================================================================================
2025-11-26 21:15:30,637 - INFO - CROSS-PROBLEM SUMMARY
2025-11-26 21:15:30,637 - INFO - ================================================================================
2025-11-26 21:15:30,637 - INFO - CPU: mean_gap=0.53% ± 0.14% (n=12 problems)
2025-11-26 21:15:30,637 - INFO - FullGPU: mean_gap=0.88% ± 1.14% (n=38 problems)
2025-11-26 21:15:30,637 - INFO - HybridNaive: mean_gap=1.28% ± 1.68% (n=38 problems)
2025-11-26 21:15:30,638 - INFO - HybridOptimized: mean_gap=1.30% ± 1.78% (n=38 problems)
2025-11-26 21:15:30,638 - INFO - 
2025-11-26 21:15:30,638 - INFO - Generating result tables with 38 problems, 4 algorithms
2025-11-26 21:15:30,638 - INFO - Baseline algorithm: HybridNaive
2025-11-26 21:15:30,643 - INFO - Tables generated:
2025-11-26 21:15:30,643 - INFO -   Markdown: results_v2/tables/chapter4_validation.md
2025-11-26 21:15:30,643 - INFO -   LaTeX: results_v2/tables/chapter4_validation.tex
2025-11-26 21:15:30,643 - INFO - 
2025-11-26 21:15:30,643 - INFO - ================================================================================
2025-11-26 21:15:30,643 - INFO - BENCHMARK COMPLETE
2025-11-26 21:15:30,644 - INFO - ================================================================================
2025-11-26 21:15:30,644 - INFO - 
2025-11-26 21:15:30,644 - INFO - ================================================================================
2025-11-26 21:15:30,644 - INFO - BENCHMARK COMPLETED SUCCESSFULLY
2025-11-26 21:15:30,644 - INFO - ================================================================================
2025-11-26 21:15:30,644 - INFO - Total problems: 38
2025-11-26 21:15:30,644 - INFO - Output directories:
2025-11-26 21:15:30,644 - INFO -   - Checkpoints: results_v2/checkpoints/
2025-11-26 21:15:30,644 - INFO -   - Statistics: results_v2/problem_statistics/
2025-11-26 21:15:30,644 - INFO -   - Tables: results_v2/tables/
2025-11-26 21:15:30,644 - INFO - 
